// Imagem redimensionada corrigida para 320x172
const unsigned short atari_novo[55040] PROGMEM = {
0x0000, 0x0000, 0x0000, 0x0000, 0x0000, 0x0000, 0x0000, 0x0000, 0x0000, 0x0000, 0x0000, 0x0000, 0x0000, 0x0000, 0x0000, 0x0000,   // Linha de pixels
0x0000, 0x0000, 0x0000, 0x0000, 0x0000, 0x0000, 0x0000, 0x0000, 0x0000, 0x0000, 0x0000, 0x0000, 0x0000, 0x0000, 0x0000, 0x0000,   // Linha de pixels
0x0000, 0x0000, 0x0000, 0x0000, 0x0000, 0x0000, 0x0000, 0x0000, 0x0000, 0x0000, 0x0000, 0x0000, 0x0000, 0x0000, 0x0000, 0x0000,   // Linha de pixels
0x0000, 0x0000, 0x0000, 0x0000, 0x0000, 0x0000, 0x0000, 0x0000, 0x0000, 0x0000, 0x0000, 0x0000, 0x0000, 0x0000, 0x0000, 0x0000,   // Linha de pixels
0x0000, 0x0000, 0x0000, 0x0000, 0x0000, 0x0000, 0x0010, 0x0010, 0x0010, 0x0010, 0x0000, 0x0000, 0x0000, 0x0000, 0x0000, 0x0000,   // Linha de pixels
0x0000, 0x0000, 0x0000, 0x0000, 0x0000, 0x0000, 0x0000, 0x0000, 0x0000, 0x0000, 0x0000, 0x0000, 0x0000, 0x0000, 0x0000, 0x0000,   // Linha de pixels
0x0000, 0x0000, 0x0000, 0x0000, 0x0000, 0x0000, 0x0000, 0x0000, 0x0000, 0x0000, 0x0000, 0x0000, 0x0000, 0x0000, 0x0000, 0x0000,   // Linha de pixels
0x0000, 0x00A0, 0x00A0, 0x00A0, 0x00A0, 0x00A0, 0x00A0, 0x00A0, 0x00A0, 0x00A0, 0x00A0, 0x00A0, 0x00A0, 0x00A0, 0x00A0, 0x00A0,   // Linha de pixels
0x00A0, 0x00A0, 0x00A0, 0x00A0, 0x00A0, 0x00A0, 0x00A0, 0x00A0, 0x00A0, 0x00A0, 0x00A0, 0x0000, 0x0000, 0x0000, 0x0000, 0x0020,   // Linha de pixels
0x0020, 0x0020, 0x0020, 0x0020, 0x00A0, 0x00A0, 0x00A0, 0x00A0, 0x00A0, 0x00A0, 0x00A0, 0x00A0, 0x00A0, 0x00A0, 0x00A0, 0x00A0,   // Linha de pixels
0x00A0, 0x00A0, 0x00A0, 0x00A0, 0x00A0, 0x00A0, 0x00A0, 0x00A0, 0x00A0, 0x00A0, 0x00A0, 0x00A0, 0x00A0, 0x00A0, 0x00A0, 0x00A0,   // Linha de pixels
0x00A0, 0x00A0, 0x00A0, 0x00A0, 0x00A0, 0x00A0, 0x00A0, 0x00A0, 0x00A0, 0x00A0, 0x00A0, 0x00A0, 0x00A0, 0x00A0, 0x00A0, 0x00A0,   // Linha de pixels
0x00A0, 0x00A0, 0x00A0, 0x0840, 0x0840, 0x0840, 0x0840, 0x0020, 0x0020, 0x0020, 0x0020, 0x0020, 0x00A0, 0x00A0, 0x00A0, 0x00A0,   // Linha de pixels
0x00A0, 0x00A0, 0x00A0, 0x00A0, 0x00A0, 0x00A0, 0x00A0, 0x00A0, 0x00A0, 0x0030, 0x0030, 0x0030, 0x0030, 0x00A0, 0x00A0, 0x00A0,   // Linha de pixels
0x00A0, 0x00A0, 0x00A0, 0x00A0, 0x00A0, 0x00A0, 0x0840, 0x0840, 0x0840, 0x0840, 0x0000, 0x0000, 0x0000, 0x0000, 0x0000, 0x0000,   // Linha de pixels
0x0000, 0x0000, 0x0000, 0x0000, 0x0000, 0x0000, 0x0000, 0x0000, 0x0000, 0x0000, 0x0000, 0x0000, 0x0000, 0x0000, 0x0000, 0x0000,   // Linha de pixels
0x0000, 0x0000, 0x0000, 0x0000, 0x0000, 0x0000, 0x0000, 0x0000, 0x0000, 0x0000, 0x0000, 0x0000, 0x0000, 0x0000, 0x0000, 0x0000,   // Linha de pixels
0x0000, 0x0000, 0x0000, 0x0000, 0x0000, 0x0000, 0x0000, 0x0000, 0x0000, 0x0000, 0x0000, 0x0000, 0x0000, 0x0000, 0x0000, 0x0000,   // Linha de pixels
0x0000, 0x0000, 0x0040, 0x0040, 0x0040, 0x0040, 0x0040, 0x0000, 0x0000, 0x0000, 0x0000, 0x0000, 0x0000, 0x0000, 0x0000, 0x0000,   // Linha de pixels
0x0000, 0x0000, 0x0000, 0x0000, 0x0000, 0x0000, 0x0000, 0x0000, 0x0000, 0x0000, 0x0000, 0x0000, 0x0000, 0x0000, 0x0000, 0x0000,   // Linha de pixels
0x0000, 0x0000, 0x0000, 0x0000, 0x0000, 0x0000, 0x0000, 0x0000, 0x0000, 0x0000, 0x0000, 0x0000, 0x0000, 0x0000, 0x0000, 0x0000,   // Linha de pixels
0x0000, 0x0000, 0x0000, 0x0000, 0x0000, 0x0000, 0x0000, 0x0000, 0x0000, 0x0000, 0x0000, 0x0000, 0x0000, 0x0000, 0x0000, 0x0000,   // Linha de pixels
0x0000, 0x0000, 0x0000, 0x0000, 0x0000, 0x0000, 0x0000, 0x0000, 0x0000, 0x0000, 0x0000, 0x0000, 0x0000, 0x0000, 0x0000, 0x0000,   // Linha de pixels
0x0000, 0x0000, 0x0000, 0x0000, 0x0000, 0x0000, 0x0000, 0x0000, 0x0000, 0x0000, 0x0000, 0x0000, 0x0000, 0x0000, 0x0000, 0x0000,   // Linha de pixels
0x0000, 0x0000, 0x0000, 0x0000, 0x0000, 0x0000, 0x0010, 0x0010, 0x0010, 0x0010, 0x0000, 0x0000, 0x0000, 0x0000, 0x0000, 0x0000,   // Linha de pixels
0x0000, 0x0000, 0x0000, 0x0000, 0x0000, 0x0000, 0x0000, 0x0000, 0x0000, 0x0000, 0x0000, 0x0000, 0x0000, 0x0000, 0x0000, 0x0000,   // Linha de pixels
0x0000, 0x0000, 0x0000, 0x0000, 0x0000, 0x0000, 0x0000, 0x0000, 0x0000, 0x0000, 0x0000, 0x0000, 0x0000, 0x0000, 0x0000, 0x0000,   // Linha de pixels
0x0000, 0x00A0, 0x00A0, 0x00A0, 0x00A0, 0x00A0, 0x00A0, 0x00A0, 0x00A0, 0x00A0, 0x00A0, 0x00A0, 0x00A0, 0x00A0, 0x00A0, 0x00A0,   // Linha de pixels
0x00A0, 0x00A0, 0x00A0, 0x00A0, 0x00A0, 0x00A0, 0x00A0, 0x00A0, 0x00A0, 0x00A0, 0x00A0, 0x0000, 0x0000, 0x0000, 0x0000, 0x0020,   // Linha de pixels
0x0020, 0x0020, 0x0020, 0x0020, 0x00A0, 0x00A0, 0x00A0, 0x00A0, 0x00A0, 0x00A0, 0x00A0, 0x00A0, 0x00A0, 0x00A0, 0x00A0, 0x00A0,   // Linha de pixels
0x00A0, 0x00A0, 0x00A0, 0x00A0, 0x00A0, 0x00A0, 0x00A0, 0x00A0, 0x00A0, 0x00A0, 0x00A0, 0x00A0, 0x00A0, 0x00A0, 0x00A0, 0x00A0,   // Linha de pixels
0x00A0, 0x00A0, 0x00A0, 0x00A0, 0x00A0, 0x00A0, 0x00A0, 0x00A0, 0x00A0, 0x00A0, 0x00A0, 0x00A0, 0x00A0, 0x00A0, 0x00A0, 0x00A0,   // Linha de pixels
0x00A0, 0x00A0, 0x00A0, 0x0840, 0x0840, 0x0840, 0x0840, 0x0020, 0x0020, 0x0020, 0x0020, 0x0020, 0x00A0, 0x00A0, 0x00A0, 0x00A0,   // Linha de pixels
0x00A0, 0x00A0, 0x00A0, 0x00A0, 0x00A0, 0x00A0, 0x00A0, 0x00A0, 0x00A0, 0x0030, 0x0030, 0x0030, 0x0030, 0x00A0, 0x00A0, 0x00A0,   // Linha de pixels
0x00A0, 0x00A0, 0x00A0, 0x00A0, 0x00A0, 0x00A0, 0x0840, 0x0840, 0x0840, 0x0840, 0x0000, 0x0000, 0x0000, 0x0000, 0x0000, 0x0000,   // Linha de pixels
0x0000, 0x0000, 0x0000, 0x0000, 0x0000, 0x0000, 0x0000, 0x0000, 0x0000, 0x0000, 0x0000, 0x0000, 0x0000, 0x0000, 0x0000, 0x0000,   // Linha de pixels
0x0000, 0x0000, 0x0000, 0x0000, 0x0000, 0x0000, 0x0000, 0x0000, 0x0000, 0x0000, 0x0000, 0x0000, 0x0000, 0x0000, 0x0000, 0x0000,   // Linha de pixels
0x0000, 0x0000, 0x0000, 0x0000, 0x0000, 0x0000, 0x0000, 0x0000, 0x0000, 0x0000, 0x0000, 0x0000, 0x0000, 0x0000, 0x0000, 0x0000,   // Linha de pixels
0x0000, 0x0000, 0x0040, 0x0040, 0x0040, 0x0040, 0x0040, 0x0000, 0x0000, 0x0000, 0x0000, 0x0000, 0x0000, 0x0000, 0x0000, 0x0000,   // Linha de pixels
0x0000, 0x0000, 0x0000, 0x0000, 0x0000, 0x0000, 0x0000, 0x0000, 0x0000, 0x0000, 0x0000, 0x0000, 0x0000, 0x0000, 0x0000, 0x0000,   // Linha de pixels
0x0000, 0x0000, 0x0000, 0x0000, 0x0000, 0x0000, 0x0000, 0x0000, 0x0000, 0x0000, 0x0000, 0x0000, 0x0000, 0x0000, 0x0000, 0x0000,   // Linha de pixels
0x0000, 0x0000, 0x0000, 0x0000, 0x0000, 0x0000, 0x0000, 0x0000, 0x0000, 0x0000, 0x0000, 0x0000, 0x0000, 0x0000, 0x0000, 0x0000,   // Linha de pixels
0x0000, 0x0000, 0x0000, 0x0000, 0x0000, 0x0000, 0x0000, 0x0000, 0x0000, 0x0000, 0x0000, 0x0000, 0x0000, 0x0000, 0x0000, 0x0000,   // Linha de pixels
0x0000, 0x0000, 0x0000, 0x0000, 0x0000, 0x0000, 0x0000, 0x0000, 0x0000, 0x0000, 0x0000, 0x0000, 0x0000, 0x0000, 0x0000, 0x0000,   // Linha de pixels
0x0000, 0x0000, 0x0000, 0x0000, 0x0000, 0x0000, 0x0010, 0x0010, 0x0010, 0x0010, 0x0000, 0x0000, 0x0000, 0x0000, 0x0000, 0x0000,   // Linha de pixels
0x0000, 0x0000, 0x0000, 0x0000, 0x0000, 0x0000, 0x0000, 0x0000, 0x0000, 0x0000, 0x0000, 0x0000, 0x0000, 0x0000, 0x0000, 0x0000,   // Linha de pixels
0x0000, 0x0000, 0x0000, 0x0000, 0x0000, 0x0000, 0x0000, 0x0000, 0x0000, 0x0000, 0x0000, 0x0000, 0x0000, 0x0000, 0x0000, 0x0000,   // Linha de pixels
0x0000, 0x00A0, 0x00A0, 0x00A0, 0x00A0, 0x00A0, 0x00A0, 0x00A0, 0x00A0, 0x00A0, 0x00A0, 0x00A0, 0x00A0, 0x00A0, 0x00A0, 0x00A0,   // Linha de pixels
0x00A0, 0x00A0, 0x00A0, 0x00A0, 0x00A0, 0x00A0, 0x00A0, 0x00A0, 0x00A0, 0x00A0, 0x00A0, 0x0000, 0x0000, 0x0000, 0x0000, 0x0020,   // Linha de pixels
0x0020, 0x0020, 0x0020, 0x0020, 0x00A0, 0x00A0, 0x00A0, 0x00A0, 0x00A0, 0x00A0, 0x00A0, 0x00A0, 0x00A0, 0x00A0, 0x00A0, 0x00A0,   // Linha de pixels
0x00A0, 0x00A0, 0x00A0, 0x00A0, 0x00A0, 0x00A0, 0x00A0, 0x00A0, 0x00A0, 0x00A0, 0x00A0, 0x00A0, 0x00A0, 0x00A0, 0x00A0, 0x00A0,   // Linha de pixels
0x00A0, 0x00A0, 0x00A0, 0x00A0, 0x00A0, 0x00A0, 0x00A0, 0x00A0, 0x00A0, 0x00A0, 0x00A0, 0x00A0, 0x00A0, 0x00A0, 0x00A0, 0x00A0,   // Linha de pixels
0x00A0, 0x00A0, 0x00A0, 0x0840, 0x0840, 0x0840, 0x0840, 0x0020, 0x0020, 0x0020, 0x0020, 0x0020, 0x00A0, 0x00A0, 0x00A0, 0x00A0,   // Linha de pixels
0x00A0, 0x00A0, 0x00A0, 0x00A0, 0x00A0, 0x00A0, 0x00A0, 0x00A0, 0x00A0, 0x0030, 0x0030, 0x0030, 0x0030, 0x00A0, 0x00A0, 0x00A0,   // Linha de pixels
0x00A0, 0x00A0, 0x00A0, 0x00A0, 0x00A0, 0x00A0, 0x0840, 0x0840, 0x0840, 0x0840, 0x0000, 0x0000, 0x0000, 0x0000, 0x0000, 0x0000,   // Linha de pixels
0x0000, 0x0000, 0x0000, 0x0000, 0x0000, 0x0000, 0x0000, 0x0000, 0x0000, 0x0000, 0x0000, 0x0000, 0x0000, 0x0000, 0x0000, 0x0000,   // Linha de pixels
0x0000, 0x0000, 0x0000, 0x0000, 0x0000, 0x0000, 0x0000, 0x0000, 0x0000, 0x0000, 0x0000, 0x0000, 0x0000, 0x0000, 0x0000, 0x0000,   // Linha de pixels
0x0000, 0x0000, 0x0000, 0x0000, 0x0000, 0x0000, 0x0000, 0x0000, 0x0000, 0x0000, 0x0000, 0x0000, 0x0000, 0x0000, 0x0000, 0x0000,   // Linha de pixels
0x0000, 0x0000, 0x0040, 0x0040, 0x0040, 0x0040, 0x0040, 0x0000, 0x0000, 0x0000, 0x0000, 0x0000, 0x0000, 0x0000, 0x0000, 0x0000,   // Linha de pixels
0x0000, 0x0000, 0x0000, 0x0000, 0x0000, 0x0000, 0x0000, 0x0000, 0x0000, 0x0000, 0x0000, 0x0000, 0x0000, 0x0000, 0x0000, 0x0000,   // Linha de pixels
0x0000, 0x0000, 0x0000, 0x0000, 0x0000, 0x0000, 0x0000, 0x0000, 0x0000, 0x0000, 0x0000, 0x0000, 0x0000, 0x0000, 0x0000, 0x0000,   // Linha de pixels
0x0000, 0x0000, 0x0000, 0x0000, 0x0000, 0x0000, 0x0000, 0x0000, 0x0000, 0x0000, 0x0000, 0x0000, 0x0000, 0x0000, 0x0000, 0x0000,   // Linha de pixels
0x0000, 0x0000, 0x0000, 0x0000, 0x0000, 0x0000, 0x0000, 0x0000, 0x0000, 0x0000, 0x0000, 0x0000, 0x0050, 0x0050, 0x0050, 0x0050,   // Linha de pixels
0x0000, 0x0000, 0x0000, 0x0000, 0x0000, 0x0000, 0x0000, 0x0000, 0x0000, 0x0000, 0x0000, 0x0000, 0x0000, 0x0000, 0x0000, 0x0000,   // Linha de pixels
0x0000, 0x0000, 0x0000, 0x0000, 0x0000, 0x0000, 0x0000, 0x0000, 0x0000, 0x0000, 0x0000, 0x0000, 0x0000, 0x0000, 0x0000, 0x0000,   // Linha de pixels
0x0000, 0x0000, 0x0000, 0x0000, 0x0000, 0x0000, 0x0000, 0x0000, 0x0000, 0x0000, 0x0000, 0x0000, 0x0000, 0x0000, 0x0000, 0x0000,   // Linha de pixels
0x0000, 0x0000, 0x0000, 0x0000, 0x0000, 0x0000, 0x0000, 0x0000, 0x0000, 0x0000, 0x0000, 0x0000, 0x0000, 0x0000, 0x0000, 0x0000,   // Linha de pixels
0x0000, 0x0000, 0x0000, 0x0000, 0x0000, 0x0060, 0x0060, 0x0060, 0x0060, 0x0060, 0x0000, 0x0000, 0x0000, 0x0000, 0x0000, 0x0000,   // Linha de pixels
0x0000, 0x0000, 0x0020, 0x0020, 0x0020, 0x0020, 0x0020, 0x1A61, 0x1A61, 0x1A61, 0x1A61, 0x2381, 0x2381, 0x2381, 0x2381, 0x2381,   // Linha de pixels
0x2381, 0x2381, 0x2381, 0x2381, 0x2381, 0x2381, 0x2381, 0x2381, 0x2381, 0x2381, 0x2381, 0x2381, 0x22C1, 0x22C1, 0x22C1, 0x22C1,   // Linha de pixels
0x0840, 0x0840, 0x0840, 0x0840, 0x0840, 0x1A61, 0x1A61, 0x1A61, 0x1A61, 0x2381, 0x2381, 0x2381, 0x2381, 0x2381, 0x2381, 0x2381,   // Linha de pixels
0x2381, 0x2381, 0x2381, 0x2381, 0x2381, 0x2381, 0x2381, 0x2381, 0x2381, 0x2381, 0x2381, 0x2381, 0x2381, 0x2381, 0x2381, 0x0070,   // Linha de pixels
0x0070, 0x0070, 0x0070, 0x2381, 0x2381, 0x2381, 0x2381, 0x2381, 0x2381, 0x2381, 0x2381, 0x2381, 0x2381, 0x2381, 0x2381, 0x2381,   // Linha de pixels
0x2381, 0x2381, 0x2381, 0x2381, 0x2381, 0x2381, 0x2381, 0x2381, 0x2381, 0x19E1, 0x19E1, 0x19E1, 0x19E1, 0x0880, 0x0880, 0x0880,   // Linha de pixels
0x0880, 0x3341, 0x3341, 0x3341, 0x3341, 0x3341, 0x2381, 0x2381, 0x2381, 0x2381, 0x2381, 0x2381, 0x2381, 0x2381, 0x2381, 0x2381,   // Linha de pixels
0x2381, 0x2381, 0x2381, 0x2381, 0x2381, 0x2381, 0x2381, 0x19E1, 0x19E1, 0x19E1, 0x19E1, 0x0000, 0x0000, 0x0000, 0x0000, 0x0000,   // Linha de pixels
0x0000, 0x0000, 0x0000, 0x0000, 0x0000, 0x0000, 0x0000, 0x0000, 0x0080, 0x0080, 0x0080, 0x0080, 0x0080, 0x0000, 0x0000, 0x0000,   // Linha de pixels
0x0000, 0x0000, 0x0000, 0x0000, 0x0000, 0x0000, 0x0000, 0x0000, 0x0000, 0x0000, 0x0000, 0x0000, 0x0000, 0x0000, 0x0000, 0x0000,   // Linha de pixels
0x0000, 0x0000, 0x0000, 0x0000, 0x0000, 0x0000, 0x0000, 0x0000, 0x0000, 0x0000, 0x0000, 0x0000, 0x0000, 0x0000, 0x0000, 0x0000,   // Linha de pixels
0x0000, 0x0000, 0x0000, 0x0000, 0x0000, 0x0000, 0x0000, 0x0000, 0x0000, 0x0000, 0x0000, 0x0000, 0x0000, 0x0000, 0x0000, 0x0000,   // Linha de pixels
0x0000, 0x0000, 0x0000, 0x0000, 0x0000, 0x0000, 0x0000, 0x0000, 0x0000, 0x0000, 0x0000, 0x0000, 0x0000, 0x0000, 0x0000, 0x0000,   // Linha de pixels
0x0000, 0x0000, 0x0000, 0x0000, 0x0000, 0x0000, 0x0000, 0x0000, 0x0000, 0x0000, 0x0000, 0x0000, 0x0000, 0x0000, 0x0000, 0x0000,   // Linha de pixels
0x0000, 0x0000, 0x0000, 0x0000, 0x0000, 0x0000, 0x0000, 0x0000, 0x0000, 0x0000, 0x0000, 0x0000, 0x0050, 0x0050, 0x0050, 0x0050,   // Linha de pixels
0x0000, 0x0000, 0x0000, 0x0000, 0x0000, 0x0000, 0x0000, 0x0000, 0x0000, 0x0000, 0x0000, 0x0000, 0x0000, 0x0000, 0x0000, 0x0000,   // Linha de pixels
0x0000, 0x0000, 0x0000, 0x0000, 0x0000, 0x0000, 0x0000, 0x0000, 0x0000, 0x0000, 0x0000, 0x0000, 0x0000, 0x0000, 0x0000, 0x0000,   // Linha de pixels
0x0000, 0x0000, 0x0000, 0x0000, 0x0000, 0x0000, 0x0000, 0x0000, 0x0000, 0x0000, 0x0000, 0x0000, 0x0000, 0x0000, 0x0000, 0x0000,   // Linha de pixels
0x0000, 0x0000, 0x0000, 0x0000, 0x0000, 0x0000, 0x0000, 0x0000, 0x0000, 0x0000, 0x0000, 0x0000, 0x0000, 0x0000, 0x0000, 0x0000,   // Linha de pixels
0x0000, 0x0000, 0x0000, 0x0000, 0x0000, 0x0060, 0x0060, 0x0060, 0x0060, 0x0060, 0x0000, 0x0000, 0x0000, 0x0000, 0x0000, 0x0000,   // Linha de pixels
0x0000, 0x0000, 0x0020, 0x0020, 0x0020, 0x0020, 0x0020, 0x1A61, 0x1A61, 0x1A61, 0x1A61, 0x2381, 0x2381, 0x2381, 0x2381, 0x2381,   // Linha de pixels
0x2381, 0x2381, 0x2381, 0x2381, 0x2381, 0x2381, 0x2381, 0x2381, 0x2381, 0x2381, 0x2381, 0x2381, 0x22C1, 0x22C1, 0x22C1, 0x22C1,   // Linha de pixels
0x0840, 0x0840, 0x0840, 0x0840, 0x0840, 0x1A61, 0x1A61, 0x1A61, 0x1A61, 0x2381, 0x2381, 0x2381, 0x2381, 0x2381, 0x2381, 0x2381,   // Linha de pixels
0x2381, 0x2381, 0x2381, 0x2381, 0x2381, 0x2381, 0x2381, 0x2381, 0x2381, 0x2381, 0x2381, 0x2381, 0x2381, 0x2381, 0x2381, 0x0070,   // Linha de pixels
0x0070, 0x0070, 0x0070, 0x2381, 0x2381, 0x2381, 0x2381, 0x2381, 0x2381, 0x2381, 0x2381, 0x2381, 0x2381, 0x2381, 0x2381, 0x2381,   // Linha de pixels
0x2381, 0x2381, 0x2381, 0x2381, 0x2381, 0x2381, 0x2381, 0x2381, 0x2381, 0x19E1, 0x19E1, 0x19E1, 0x19E1, 0x0880, 0x0880, 0x0880,   // Linha de pixels
0x0880, 0x3341, 0x3341, 0x3341, 0x3341, 0x3341, 0x2381, 0x2381, 0x2381, 0x2381, 0x2381, 0x2381, 0x2381, 0x2381, 0x2381, 0x2381,   // Linha de pixels
0x2381, 0x2381, 0x2381, 0x2381, 0x2381, 0x2381, 0x2381, 0x19E1, 0x19E1, 0x19E1, 0x19E1, 0x0000, 0x0000, 0x0000, 0x0000, 0x0000,   // Linha de pixels
0x0000, 0x0000, 0x0000, 0x0000, 0x0000, 0x0000, 0x0000, 0x0000, 0x0080, 0x0080, 0x0080, 0x0080, 0x0080, 0x0000, 0x0000, 0x0000,   // Linha de pixels
0x0000, 0x0000, 0x0000, 0x0000, 0x0000, 0x0000, 0x0000, 0x0000, 0x0000, 0x0000, 0x0000, 0x0000, 0x0000, 0x0000, 0x0000, 0x0000,   // Linha de pixels
0x0000, 0x0000, 0x0000, 0x0000, 0x0000, 0x0000, 0x0000, 0x0000, 0x0000, 0x0000, 0x0000, 0x0000, 0x0000, 0x0000, 0x0000, 0x0000,   // Linha de pixels
0x0000, 0x0000, 0x0000, 0x0000, 0x0000, 0x0000, 0x0000, 0x0000, 0x0000, 0x0000, 0x0000, 0x0000, 0x0000, 0x0000, 0x0000, 0x0000,   // Linha de pixels
0x0000, 0x0000, 0x0000, 0x0000, 0x0000, 0x0000, 0x0000, 0x0000, 0x0000, 0x0000, 0x0000, 0x0000, 0x0000, 0x0000, 0x0000, 0x0000,   // Linha de pixels
0x0000, 0x0000, 0x0090, 0x0090, 0x0090, 0x0090, 0x0000, 0x0000, 0x0000, 0x0000, 0x0000, 0x0000, 0x0000, 0x0000, 0x0000, 0x0000,   // Linha de pixels
0x0000, 0x0000, 0x0000, 0x0000, 0x0000, 0x0000, 0x0000, 0x0000, 0x0000, 0x0000, 0x0000, 0x0000, 0x0000, 0x0000, 0x0000, 0x0000,   // Linha de pixels
0x0000, 0x0000, 0x0000, 0x0000, 0x0000, 0x0000, 0x0000, 0x0000, 0x0000, 0x0000, 0x0000, 0x0000, 0x0000, 0x0000, 0x0000, 0x0000,   // Linha de pixels
0x0000, 0x0000, 0x0000, 0x0000, 0x0000, 0x0000, 0x0000, 0x0000, 0x0000, 0x0000, 0x0000, 0x0000, 0x0000, 0x0000, 0x0000, 0x0000,   // Linha de pixels
0x0000, 0x0000, 0x0000, 0x0000, 0x0000, 0x0000, 0x0000, 0x0000, 0x0000, 0x0000, 0x0000, 0x00A0, 0x00A0, 0x00A0, 0x00A0, 0x00A0,   // Linha de pixels
0x0000, 0x0000, 0x0000, 0x0000, 0x0000, 0x0000, 0x0000, 0x0000, 0x0000, 0x0000, 0x0000, 0x0000, 0x0000, 0x0000, 0x0000, 0x0000,   // Linha de pixels
0x0000, 0x0000, 0x0000, 0x0000, 0x0000, 0x0000, 0x0000, 0x0000, 0x0000, 0x0000, 0x0000, 0x0000, 0x0000, 0x0000, 0x0000, 0x0000,   // Linha de pixels
0x0000, 0x0000, 0x0000, 0x0000, 0x0000, 0x0000, 0x0000, 0x0000, 0x0000, 0x0000, 0x0000, 0x0000, 0x0000, 0x0000, 0x0000, 0x0000,   // Linha de pixels
0x0000, 0x0000, 0x0000, 0x0000, 0x0020, 0x0020, 0x0020, 0x0020, 0x5C41, 0x5C41, 0x5C41, 0x5C41, 0x8E81, 0x8E81, 0x8E81, 0x8E81,   // Linha de pixels
0x8661, 0x8661, 0x8661, 0x8661, 0x8661, 0x00B0, 0x00B0, 0x00B0, 0x00B0, 0x8661, 0x8661, 0x8661, 0x8661, 0x8E81, 0x8E81, 0x8E81,   // Linha de pixels
0x8E81, 0x8E81, 0x7522, 0x7522, 0x7522, 0x7522, 0x0880, 0x0880, 0x0880, 0x0880, 0x5C41, 0x5C41, 0x5C41, 0x5C41, 0x5C41, 0x8E81,   // Linha de pixels
0x8E81, 0x8E81, 0x8E81, 0x8661, 0x8661, 0x8661, 0x8661, 0x8661, 0x8661, 0x8661, 0x8661, 0x8661, 0x8661, 0x8661, 0x8661, 0x8661,   // Linha de pixels
0x8661, 0x8661, 0x8661, 0x8661, 0x8661, 0x8661, 0x8661, 0x8661, 0x8661, 0x8661, 0x8661, 0x8661, 0x8661, 0x8661, 0x8661, 0x8661,   // Linha de pixels
0x8661, 0x8661, 0x8661, 0x8661, 0x8661, 0x8661, 0x8E81, 0x8E81, 0x8E81, 0x8E81, 0x3341, 0x3341, 0x3341, 0x3341, 0x00C0, 0x00C0,   // Linha de pixels
0x00C0, 0x00C0, 0x00C0, 0x18E1, 0x18E1, 0x18E1, 0x18E1, 0x8602, 0x8602, 0x8602, 0x8602, 0x8661, 0x8661, 0x8661, 0x8661, 0x8661,   // Linha de pixels
0x8661, 0x8661, 0x8661, 0x8661, 0x8661, 0x8661, 0x8661, 0x8661, 0x8E81, 0x8E81, 0x8E81, 0x8E81, 0x8E81, 0x4BA2, 0x4BA2, 0x4BA2,   // Linha de pixels
0x4BA2, 0x0000, 0x0000, 0x0000, 0x0000, 0x0000, 0x0000, 0x0000, 0x0000, 0x0000, 0x0000, 0x0000, 0x0000, 0x0000, 0x0000, 0x0000,   // Linha de pixels
0x0000, 0x0000, 0x0000, 0x0000, 0x0000, 0x0000, 0x0000, 0x0000, 0x0000, 0x0000, 0x0000, 0x0000, 0x0000, 0x0000, 0x0000, 0x0000,   // Linha de pixels
0x0000, 0x0000, 0x0000, 0x0000, 0x0000, 0x0000, 0x0000, 0x0000, 0x00D0, 0x00D0, 0x00D0, 0x00D0, 0x0000, 0x0000, 0x0000, 0x0000,   // Linha de pixels
0x0000, 0x0000, 0x0000, 0x0000, 0x0000, 0x0000, 0x0000, 0x0000, 0x0000, 0x0000, 0x0000, 0x0000, 0x0000, 0x0000, 0x0000, 0x0000,   // Linha de pixels
0x0000, 0x0000, 0x0090, 0x0090, 0x0090, 0x0090, 0x0000, 0x0000, 0x0000, 0x0000, 0x0000, 0x0000, 0x0000, 0x0000, 0x0000, 0x0000,   // Linha de pixels
0x0000, 0x0000, 0x0000, 0x0000, 0x0000, 0x0000, 0x0000, 0x0000, 0x0000, 0x0000, 0x0000, 0x0000, 0x0000, 0x0000, 0x0000, 0x0000,   // Linha de pixels
0x0000, 0x0000, 0x0000, 0x0000, 0x0000, 0x0000, 0x0000, 0x0000, 0x0000, 0x0000, 0x0000, 0x0000, 0x0000, 0x0000, 0x0000, 0x0000,   // Linha de pixels
0x0000, 0x0000, 0x0000, 0x0000, 0x0000, 0x0000, 0x0000, 0x0000, 0x0000, 0x0000, 0x0000, 0x0000, 0x0000, 0x0000, 0x0000, 0x0000,   // Linha de pixels
0x0000, 0x0000, 0x0000, 0x0000, 0x0000, 0x0000, 0x0000, 0x0000, 0x0000, 0x0000, 0x0000, 0x00A0, 0x00A0, 0x00A0, 0x00A0, 0x00A0,   // Linha de pixels
0x0000, 0x0000, 0x0000, 0x0000, 0x0000, 0x0000, 0x0000, 0x0000, 0x0000, 0x0000, 0x0000, 0x0000, 0x0000, 0x0000, 0x0000, 0x0000,   // Linha de pixels
0x0000, 0x0000, 0x0000, 0x0000, 0x0000, 0x0000, 0x0000, 0x0000, 0x0000, 0x0000, 0x0000, 0x0000, 0x0000, 0x0000, 0x0000, 0x0000,   // Linha de pixels
0x0000, 0x0000, 0x0000, 0x0000, 0x0000, 0x0000, 0x0000, 0x0000, 0x0000, 0x0000, 0x0000, 0x0000, 0x0000, 0x0000, 0x0000, 0x0000,   // Linha de pixels
0x0000, 0x0000, 0x0000, 0x0000, 0x0020, 0x0020, 0x0020, 0x0020, 0x5C41, 0x5C41, 0x5C41, 0x5C41, 0x8E81, 0x8E81, 0x8E81, 0x8E81,   // Linha de pixels
0x8661, 0x8661, 0x8661, 0x8661, 0x8661, 0x00B0, 0x00B0, 0x00B0, 0x00B0, 0x8661, 0x8661, 0x8661, 0x8661, 0x8E81, 0x8E81, 0x8E81,   // Linha de pixels
0x8E81, 0x8E81, 0x7522, 0x7522, 0x7522, 0x7522, 0x0880, 0x0880, 0x0880, 0x0880, 0x5C41, 0x5C41, 0x5C41, 0x5C41, 0x5C41, 0x8E81,   // Linha de pixels
0x8E81, 0x8E81, 0x8E81, 0x8661, 0x8661, 0x8661, 0x8661, 0x8661, 0x8661, 0x8661, 0x8661, 0x8661, 0x8661, 0x8661, 0x8661, 0x8661,   // Linha de pixels
0x8661, 0x8661, 0x8661, 0x8661, 0x8661, 0x8661, 0x8661, 0x8661, 0x8661, 0x8661, 0x8661, 0x8661, 0x8661, 0x8661, 0x8661, 0x8661,   // Linha de pixels
0x8661, 0x8661, 0x8661, 0x8661, 0x8661, 0x8661, 0x8E81, 0x8E81, 0x8E81, 0x8E81, 0x3341, 0x3341, 0x3341, 0x3341, 0x00C0, 0x00C0,   // Linha de pixels
0x00C0, 0x00C0, 0x00C0, 0x18E1, 0x18E1, 0x18E1, 0x18E1, 0x8602, 0x8602, 0x8602, 0x8602, 0x8661, 0x8661, 0x8661, 0x8661, 0x8661,   // Linha de pixels
0x8661, 0x8661, 0x8661, 0x8661, 0x8661, 0x8661, 0x8661, 0x8661, 0x8E81, 0x8E81, 0x8E81, 0x8E81, 0x8E81, 0x4BA2, 0x4BA2, 0x4BA2,   // Linha de pixels
0x4BA2, 0x0000, 0x0000, 0x0000, 0x0000, 0x0000, 0x0000, 0x0000, 0x0000, 0x0000, 0x0000, 0x0000, 0x0000, 0x0000, 0x0000, 0x0000,   // Linha de pixels
0x0000, 0x0000, 0x0000, 0x0000, 0x0000, 0x0000, 0x0000, 0x0000, 0x0000, 0x0000, 0x0000, 0x0000, 0x0000, 0x0000, 0x0000, 0x0000,   // Linha de pixels
0x0000, 0x0000, 0x0000, 0x0000, 0x0000, 0x0000, 0x0000, 0x0000, 0x00D0, 0x00D0, 0x00D0, 0x00D0, 0x0000, 0x0000, 0x0000, 0x0000,   // Linha de pixels
0x0000, 0x0000, 0x0000, 0x0000, 0x0000, 0x0000, 0x0000, 0x0000, 0x0000, 0x0000, 0x0000, 0x0000, 0x0000, 0x0000, 0x0000, 0x0000,   // Linha de pixels
0x0000, 0x0000, 0x0000, 0x0000, 0x0000, 0x0000, 0x0000, 0x0000, 0x0000, 0x0000, 0x0000, 0x0000, 0x0000, 0x0000, 0x0000, 0x0000,   // Linha de pixels
0x0000, 0x0000, 0x0000, 0x0000, 0x0000, 0x0000, 0x0000, 0x0000, 0x0000, 0x0000, 0x0000, 0x0000, 0x0000, 0x0000, 0x0000, 0x0000,   // Linha de pixels
0x0000, 0x0000, 0x0000, 0x0000, 0x0000, 0x0000, 0x0000, 0x0000, 0x0000, 0x0000, 0x0000, 0x0000, 0x0000, 0x0000, 0x0000, 0x0000,   // Linha de pixels
0x0000, 0x00E0, 0x00E0, 0x00E0, 0x00E0, 0x00E0, 0x0000, 0x0000, 0x0000, 0x0000, 0x0000, 0x0000, 0x0000, 0x0000, 0x0000, 0x0000,   // Linha de pixels
0x0000, 0x0000, 0x0000, 0x0000, 0x0000, 0x0000, 0x0000, 0x0000, 0x0000, 0x0000, 0x0000, 0x0000, 0x0000, 0x0000, 0x0000, 0x0000,   // Linha de pixels
0x0000, 0x0000, 0x0000, 0x0000, 0x0000, 0x0000, 0x0000, 0x0000, 0x0000, 0x0000, 0x0000, 0x0000, 0x0000, 0x0000, 0x0000, 0x0000,   // Linha de pixels
0x0000, 0x0000, 0x0000, 0x0000, 0x0000, 0x0000, 0x0000, 0x0000, 0x0000, 0x0000, 0x0000, 0x0000, 0x0000, 0x0000, 0x0000, 0x0000,   // Linha de pixels
0x0000, 0x0000, 0x0000, 0x0000, 0x0000, 0x0000, 0x0000, 0x0000, 0x0000, 0x0000, 0x0000, 0x00F0, 0x00F0, 0x00F0, 0x00F0, 0x0000,   // Linha de pixels
0x0000, 0x0000, 0x0000, 0x0000, 0x0000, 0x0000, 0x0000, 0x0000, 0x0000, 0x0000, 0x0000, 0x0000, 0x0000, 0x0000, 0x0000, 0x0000,   // Linha de pixels
0x0000, 0x0000, 0x0000, 0x0000, 0x0000, 0x0000, 0x0000, 0x0000, 0x0000, 0x0840, 0x0840, 0x0840, 0x0840, 0xA503, 0xA503, 0xA503,   // Linha de pixels
0xA503, 0xA503, 0xEFA3, 0xEFA3, 0xEFA3, 0xEFA3, 0xEFA3, 0xEFA3, 0xEFA3, 0xEFA3, 0xEFA3, 0xEFA3, 0xEFA3, 0xEFA3, 0xEFA3, 0xEFA3,   // Linha de pixels
0xEFA3, 0xEFA3, 0xEFA3, 0xCE24, 0xCE24, 0xCE24, 0xCE24, 0x18A1, 0x18A1, 0x18A1, 0x18A1, 0x18A1, 0xA503, 0xA503, 0xA503, 0xA503,   // Linha de pixels
0xEFA3, 0xEFA3, 0xEFA3, 0xEFA3, 0x0100, 0x0100, 0x0100, 0x0100, 0x0100, 0xEFA3, 0xEFA3, 0xEFA3, 0xEFA3, 0xEFA3, 0xEFA3, 0xEFA3,   // Linha de pixels
0xEFA3, 0xEFA3, 0xEFA3, 0xEFA3, 0xEFA3, 0xEFA3, 0xEFA3, 0xEFA3, 0xEFA3, 0xEFA3, 0xEFA3, 0xEFA3, 0xEFA3, 0xEFA3, 0xEFA3, 0xEFA3,   // Linha de pixels
0xEFA3, 0xEFA3, 0xEFA3, 0xEFA3, 0xEFA3, 0xEFA3, 0xEFA3, 0xEFA3, 0xEFA3, 0xEFA3, 0xEFA3, 0xEFA3, 0xEFA3, 0xEFA3, 0xEFA3, 0xEFA3,   // Linha de pixels
0x73A3, 0x73A3, 0x73A3, 0x73A3, 0x2120, 0x2120, 0x2120, 0x2120, 0xE705, 0xE705, 0xE705, 0xE705, 0xE705, 0xEFA3, 0xEFA3, 0xEFA3,   // Linha de pixels
0xEFA3, 0xEFA3, 0xEFA3, 0xEFA3, 0xEFA3, 0xEFA3, 0xEFA3, 0xEFA3, 0xEFA3, 0xEFA3, 0xEFA3, 0xEFA3, 0xEFA3, 0xEFA3, 0x0110, 0x0110,   // Linha de pixels
0x0110, 0x0110, 0x8463, 0x8463, 0x8463, 0x8463, 0x8463, 0x0000, 0x0000, 0x0000, 0x0000, 0x0000, 0x0000, 0x0000, 0x0000, 0x0000,   // Linha de pixels
0x0000, 0x0000, 0x0000, 0x0000, 0x0000, 0x0000, 0x0000, 0x0000, 0x0000, 0x0000, 0x0000, 0x0000, 0x0000, 0x0000, 0x0000, 0x0000,   // Linha de pixels
0x0000, 0x0000, 0x0000, 0x0000, 0x0000, 0x0000, 0x0000, 0x0000, 0x0000, 0x0000, 0x0000, 0x0000, 0x0000, 0x0000, 0x0000, 0x0000,   // Linha de pixels
0x0000, 0x0000, 0x0000, 0x0000, 0x0000, 0x0000, 0x0000, 0x0000, 0x0000, 0x0000, 0x0000, 0x0000, 0x0000, 0x0000, 0x0000, 0x0000,   // Linha de pixels
0x0000, 0x0000, 0x0000, 0x0000, 0x0000, 0x0000, 0x0000, 0x0000, 0x0000, 0x0000, 0x0000, 0x0000, 0x0000, 0x0000, 0x0000, 0x0000,   // Linha de pixels
0x0000, 0x0000, 0x0000, 0x0000, 0x0000, 0x0000, 0x0000, 0x0000, 0x0000, 0x0000, 0x0000, 0x0000, 0x0000, 0x0000, 0x0000, 0x0000,   // Linha de pixels
0x0000, 0x00E0, 0x00E0, 0x00E0, 0x00E0, 0x00E0, 0x0000, 0x0000, 0x0000, 0x0000, 0x0000, 0x0000, 0x0000, 0x0000, 0x0000, 0x0000,   // Linha de pixels
0x0000, 0x0000, 0x0000, 0x0000, 0x0000, 0x0000, 0x0000, 0x0000, 0x0000, 0x0000, 0x0000, 0x0000, 0x0000, 0x0000, 0x0000, 0x0000,   // Linha de pixels
0x0000, 0x0000, 0x0000, 0x0000, 0x0000, 0x0000, 0x0000, 0x0000, 0x0000, 0x0000, 0x0000, 0x0000, 0x0000, 0x0000, 0x0000, 0x0000,   // Linha de pixels
0x0000, 0x0000, 0x0000, 0x0000, 0x0000, 0x0000, 0x0000, 0x0000, 0x0000, 0x0000, 0x0000, 0x0000, 0x0000, 0x0000, 0x0000, 0x0000,   // Linha de pixels
0x0000, 0x0000, 0x0000, 0x0000, 0x0000, 0x0000, 0x0000, 0x0000, 0x0000, 0x0000, 0x0000, 0x00F0, 0x00F0, 0x00F0, 0x00F0, 0x0000,   // Linha de pixels
0x0000, 0x0000, 0x0000, 0x0000, 0x0000, 0x0000, 0x0000, 0x0000, 0x0000, 0x0000, 0x0000, 0x0000, 0x0000, 0x0000, 0x0000, 0x0000,   // Linha de pixels
0x0000, 0x0000, 0x0000, 0x0000, 0x0000, 0x0000, 0x0000, 0x0000, 0x0000, 0x0840, 0x0840, 0x0840, 0x0840, 0xA503, 0xA503, 0xA503,   // Linha de pixels
0xA503, 0xA503, 0xEFA3, 0xEFA3, 0xEFA3, 0xEFA3, 0xEFA3, 0xEFA3, 0xEFA3, 0xEFA3, 0xEFA3, 0xEFA3, 0xEFA3, 0xEFA3, 0xEFA3, 0xEFA3,   // Linha de pixels
0xEFA3, 0xEFA3, 0xEFA3, 0xCE24, 0xCE24, 0xCE24, 0xCE24, 0x18A1, 0x18A1, 0x18A1, 0x18A1, 0x18A1, 0xA503, 0xA503, 0xA503, 0xA503,   // Linha de pixels
0xEFA3, 0xEFA3, 0xEFA3, 0xEFA3, 0x0100, 0x0100, 0x0100, 0x0100, 0x0100, 0xEFA3, 0xEFA3, 0xEFA3, 0xEFA3, 0xEFA3, 0xEFA3, 0xEFA3,   // Linha de pixels
0xEFA3, 0xEFA3, 0xEFA3, 0xEFA3, 0xEFA3, 0xEFA3, 0xEFA3, 0xEFA3, 0xEFA3, 0xEFA3, 0xEFA3, 0xEFA3, 0xEFA3, 0xEFA3, 0xEFA3, 0xEFA3,   // Linha de pixels
0xEFA3, 0xEFA3, 0xEFA3, 0xEFA3, 0xEFA3, 0xEFA3, 0xEFA3, 0xEFA3, 0xEFA3, 0xEFA3, 0xEFA3, 0xEFA3, 0xEFA3, 0xEFA3, 0xEFA3, 0xEFA3,   // Linha de pixels
0x73A3, 0x73A3, 0x73A3, 0x73A3, 0x2120, 0x2120, 0x2120, 0x2120, 0xE705, 0xE705, 0xE705, 0xE705, 0xE705, 0xEFA3, 0xEFA3, 0xEFA3,   // Linha de pixels
0xEFA3, 0xEFA3, 0xEFA3, 0xEFA3, 0xEFA3, 0xEFA3, 0xEFA3, 0xEFA3, 0xEFA3, 0xEFA3, 0xEFA3, 0xEFA3, 0xEFA3, 0xEFA3, 0x0110, 0x0110,   // Linha de pixels
0x0110, 0x0110, 0x8463, 0x8463, 0x8463, 0x8463, 0x8463, 0x0000, 0x0000, 0x0000, 0x0000, 0x0000, 0x0000, 0x0000, 0x0000, 0x0000,   // Linha de pixels
0x0000, 0x0000, 0x0000, 0x0000, 0x0000, 0x0000, 0x0000, 0x0000, 0x0000, 0x0000, 0x0000, 0x0000, 0x0000, 0x0000, 0x0000, 0x0000,   // Linha de pixels
0x0000, 0x0000, 0x0000, 0x0000, 0x0000, 0x0000, 0x0000, 0x0000, 0x0000, 0x0000, 0x0000, 0x0000, 0x0000, 0x0000, 0x0000, 0x0000,   // Linha de pixels
0x0000, 0x0000, 0x0000, 0x0000, 0x0000, 0x0000, 0x0000, 0x0000, 0x0000, 0x0000, 0x0000, 0x0000, 0x0000, 0x0000, 0x0000, 0x0000,   // Linha de pixels
0x0000, 0x0000, 0x0000, 0x0000, 0x0000, 0x0000, 0x0000, 0x0120, 0x0120, 0x0120, 0x0120, 0x0120, 0x0000, 0x0000, 0x0000, 0x0000,   // Linha de pixels
0x0000, 0x0000, 0x0000, 0x0000, 0x0000, 0x0000, 0x0000, 0x0000, 0x0000, 0x0000, 0x0000, 0x0000, 0x0000, 0x0000, 0x0000, 0x0000,   // Linha de pixels
0x0000, 0x0000, 0x0000, 0x0000, 0x0000, 0x0000, 0x0000, 0x0000, 0x0000, 0x0000, 0x0000, 0x0000, 0x0000, 0x0000, 0x0000, 0x0000,   // Linha de pixels
0x0000, 0x0000, 0x0000, 0x0000, 0x0000, 0x0000, 0x0000, 0x0000, 0x0000, 0x0000, 0x0000, 0x0000, 0x0000, 0x0000, 0x0000, 0x0000,   // Linha de pixels
0x0000, 0x0000, 0x0000, 0x0000, 0x0000, 0x0000, 0x0000, 0x0000, 0x0000, 0x0000, 0x0000, 0x0000, 0x0000, 0x0000, 0x0000, 0x0000,   // Linha de pixels
0x0000, 0x0130, 0x0130, 0x0130, 0x0130, 0x0000, 0x0000, 0x0000, 0x0000, 0x0000, 0x0000, 0x0000, 0x0000, 0x0000, 0x0000, 0x0000,   // Linha de pixels
0x0000, 0x0000, 0x0000, 0x0000, 0x0000, 0x0000, 0x0000, 0x0000, 0x0000, 0x0000, 0x0000, 0x0000, 0x0000, 0x0000, 0x0000, 0x0000,   // Linha de pixels
0x0000, 0x0000, 0x0000, 0x0000, 0x0000, 0x0000, 0x0000, 0x0000, 0x0000, 0x0000, 0x0000, 0x0000, 0x0000, 0x0000, 0x0000, 0x0000,   // Linha de pixels
0x0000, 0x0000, 0x0000, 0x0000, 0x0000, 0x0000, 0x0000, 0x0000, 0x0000, 0x0000, 0x0000, 0x0000, 0x0000, 0x0000, 0x0000, 0x0000,   // Linha de pixels
0x0000, 0x0000, 0x0000, 0x0000, 0x0000, 0x0000, 0x0000, 0x0000, 0x0000, 0x0000, 0x0140, 0x0140, 0x0140, 0x0140, 0x0140, 0x0840,   // Linha de pixels
0x0840, 0x0840, 0x0840, 0xAD63, 0xAD63, 0xAD63, 0xAD63, 0xFFE6, 0xFFE6, 0xFFE6, 0xFFE6, 0xFFE6, 0xFFE5, 0xFFE5, 0xFFE5, 0xFFE5,   // Linha de pixels
0xFFE5, 0xFFE5, 0xFFE5, 0xFFE5, 0xFFE5, 0xFFE5, 0xFFE5, 0xFFE5, 0xFFE5, 0xDE85, 0xDE85, 0xDE85, 0xDE85, 0x18E1, 0x18E1, 0x18E1,   // Linha de pixels
0x18E1, 0xB585, 0xB585, 0xB585, 0xB585, 0xB585, 0xFFE5, 0xFFE5, 0xFFE5, 0xFFE5, 0xFFE5, 0xFFE5, 0xFFE5, 0xFFE5, 0xFFE5, 0xFFE5,   // Linha de pixels
0xFFE5, 0xFFE5, 0xFFE5, 0xFFE5, 0xFFE5, 0xFFE5, 0xFFE5, 0xFFE5, 0xFFE5, 0xFFE5, 0xFFE5, 0xFFE5, 0xFFE5, 0xFFE5, 0xFFE5, 0xFFE5,   // Linha de pixels
0xFFE5, 0xFFE5, 0xFFE5, 0xFFE5, 0x0150, 0x0150, 0x0150, 0x0150, 0xFFE5, 0xFFE5, 0xFFE5, 0xFFE5, 0xFFE5, 0xFFE5, 0xFFE5, 0xFFE5,   // Linha de pixels
0xFFE5, 0xFFE6, 0xFFE6, 0xFFE6, 0xFFE6, 0x8403, 0x8403, 0x8403, 0x8403, 0x8403, 0x2120, 0x2120, 0x2120, 0x2120, 0xE705, 0xE705,   // Linha de pixels
0xE705, 0xE705, 0xFFE5, 0xFFE5, 0xFFE5, 0xFFE5, 0xFFE5, 0xFFE5, 0xFFE5, 0xFFE5, 0xFFE5, 0xFFE5, 0xFFE5, 0xFFE5, 0xFFE5, 0xFFE6,   // Linha de pixels
0xFFE6, 0xFFE6, 0xFFE6, 0xFFE6, 0x9484, 0x9484, 0x9484, 0x9484, 0x0000, 0x0000, 0x0000, 0x0000, 0x0000, 0x0000, 0x0000, 0x0000,   // Linha de pixels
0x0000, 0x0000, 0x0000, 0x0000, 0x0000, 0x0000, 0x0000, 0x0000, 0x0000, 0x0000, 0x0000, 0x0000, 0x0000, 0x0000, 0x0000, 0x0000,   // Linha de pixels
0x0000, 0x0000, 0x0000, 0x0000, 0x0000, 0x0000, 0x0000, 0x0000, 0x0000, 0x0000, 0x0000, 0x0000, 0x0000, 0x0000, 0x0000, 0x0000,   // Linha de pixels
0x0000, 0x0000, 0x0000, 0x0000, 0x0000, 0x0000, 0x0000, 0x0120, 0x0120, 0x0120, 0x0120, 0x0120, 0x0000, 0x0000, 0x0000, 0x0000,   // Linha de pixels
0x0000, 0x0000, 0x0000, 0x0000, 0x0000, 0x0000, 0x0000, 0x0000, 0x0000, 0x0000, 0x0000, 0x0000, 0x0000, 0x0000, 0x0000, 0x0000,   // Linha de pixels
0x0000, 0x0000, 0x0000, 0x0000, 0x0000, 0x0000, 0x0000, 0x0000, 0x0000, 0x0000, 0x0000, 0x0000, 0x0000, 0x0000, 0x0000, 0x0000,   // Linha de pixels
0x0000, 0x0000, 0x0000, 0x0000, 0x0000, 0x0000, 0x0000, 0x0000, 0x0000, 0x0000, 0x0000, 0x0000, 0x0000, 0x0000, 0x0000, 0x0000,   // Linha de pixels
0x0000, 0x0000, 0x0000, 0x0000, 0x0000, 0x0000, 0x0000, 0x0000, 0x0000, 0x0000, 0x0000, 0x0000, 0x0000, 0x0000, 0x0000, 0x0000,   // Linha de pixels
0x0000, 0x0130, 0x0130, 0x0130, 0x0130, 0x0000, 0x0000, 0x0000, 0x0000, 0x0000, 0x0000, 0x0000, 0x0000, 0x0000, 0x0000, 0x0000,   // Linha de pixels
0x0000, 0x0000, 0x0000, 0x0000, 0x0000, 0x0000, 0x0000, 0x0000, 0x0000, 0x0000, 0x0000, 0x0000, 0x0000, 0x0000, 0x0000, 0x0000,   // Linha de pixels
0x0000, 0x0000, 0x0000, 0x0000, 0x0000, 0x0000, 0x0000, 0x0000, 0x0000, 0x0000, 0x0000, 0x0000, 0x0000, 0x0000, 0x0000, 0x0000,   // Linha de pixels
0x0000, 0x0000, 0x0000, 0x0000, 0x0000, 0x0000, 0x0000, 0x0000, 0x0000, 0x0000, 0x0000, 0x0000, 0x0000, 0x0000, 0x0000, 0x0000,   // Linha de pixels
0x0000, 0x0000, 0x0000, 0x0000, 0x0000, 0x0000, 0x0000, 0x0000, 0x0000, 0x0000, 0x0140, 0x0140, 0x0140, 0x0140, 0x0140, 0x0840,   // Linha de pixels
0x0840, 0x0840, 0x0840, 0xAD63, 0xAD63, 0xAD63, 0xAD63, 0xFFE6, 0xFFE6, 0xFFE6, 0xFFE6, 0xFFE6, 0xFFE5, 0xFFE5, 0xFFE5, 0xFFE5,   // Linha de pixels
0xFFE5, 0xFFE5, 0xFFE5, 0xFFE5, 0xFFE5, 0xFFE5, 0xFFE5, 0xFFE5, 0xFFE5, 0xDE85, 0xDE85, 0xDE85, 0xDE85, 0x18E1, 0x18E1, 0x18E1,   // Linha de pixels
0x18E1, 0xB585, 0xB585, 0xB585, 0xB585, 0xB585, 0xFFE5, 0xFFE5, 0xFFE5, 0xFFE5, 0xFFE5, 0xFFE5, 0xFFE5, 0xFFE5, 0xFFE5, 0xFFE5,   // Linha de pixels
0xFFE5, 0xFFE5, 0xFFE5, 0xFFE5, 0xFFE5, 0xFFE5, 0xFFE5, 0xFFE5, 0xFFE5, 0xFFE5, 0xFFE5, 0xFFE5, 0xFFE5, 0xFFE5, 0xFFE5, 0xFFE5,   // Linha de pixels
0xFFE5, 0xFFE5, 0xFFE5, 0xFFE5, 0x0150, 0x0150, 0x0150, 0x0150, 0xFFE5, 0xFFE5, 0xFFE5, 0xFFE5, 0xFFE5, 0xFFE5, 0xFFE5, 0xFFE5,   // Linha de pixels
0xFFE5, 0xFFE6, 0xFFE6, 0xFFE6, 0xFFE6, 0x8403, 0x8403, 0x8403, 0x8403, 0x8403, 0x2120, 0x2120, 0x2120, 0x2120, 0xE705, 0xE705,   // Linha de pixels
0xE705, 0xE705, 0xFFE5, 0xFFE5, 0xFFE5, 0xFFE5, 0xFFE5, 0xFFE5, 0xFFE5, 0xFFE5, 0xFFE5, 0xFFE5, 0xFFE5, 0xFFE5, 0xFFE5, 0xFFE6,   // Linha de pixels
0xFFE6, 0xFFE6, 0xFFE6, 0xFFE6, 0x9484, 0x9484, 0x9484, 0x9484, 0x0000, 0x0000, 0x0000, 0x0000, 0x0000, 0x0000, 0x0000, 0x0000,   // Linha de pixels
0x0000, 0x0000, 0x0000, 0x0000, 0x0000, 0x0000, 0x0000, 0x0000, 0x0000, 0x0000, 0x0000, 0x0000, 0x0000, 0x0160, 0x0160, 0x0160,   // Linha de pixels
0x0160, 0x0160, 0x0000, 0x0000, 0x0000, 0x0000, 0x0000, 0x0000, 0x0000, 0x0000, 0x0000, 0x0000, 0x0000, 0x0000, 0x0000, 0x0000,   // Linha de pixels
0x0000, 0x0000, 0x0000, 0x0000, 0x0000, 0x0000, 0x0000, 0x0000, 0x0000, 0x0000, 0x0000, 0x0000, 0x0000, 0x0000, 0x0000, 0x0000,   // Linha de pixels
0x0000, 0x0000, 0x0000, 0x0000, 0x0000, 0x0000, 0x0000, 0x0000, 0x0000, 0x0000, 0x0000, 0x0000, 0x0000, 0x0000, 0x0000, 0x0000,   // Linha de pixels
0x0000, 0x0000, 0x0000, 0x0000, 0x0000, 0x0000, 0x0000, 0x0000, 0x0000, 0x0000, 0x0000, 0x0000, 0x0000, 0x0000, 0x0000, 0x0000,   // Linha de pixels
0x0000, 0x0000, 0x0000, 0x0000, 0x0000, 0x0000, 0x0000, 0x0170, 0x0170, 0x0170, 0x0170, 0x0000, 0x0000, 0x0000, 0x0000, 0x0000,   // Linha de pixels
0x0000, 0x0000, 0x0000, 0x0000, 0x0000, 0x0000, 0x0000, 0x0000, 0x0000, 0x0000, 0x0000, 0x0000, 0x0000, 0x0000, 0x0000, 0x0000,   // Linha de pixels
0x0000, 0x0000, 0x0000, 0x0000, 0x0000, 0x0000, 0x0000, 0x0000, 0x0000, 0x0000, 0x0000, 0x0000, 0x0000, 0x0000, 0x0000, 0x0000,   // Linha de pixels
0x0000, 0x0000, 0x0000, 0x0000, 0x0000, 0x0000, 0x0000, 0x0000, 0x0000, 0x0000, 0x0000, 0x0000, 0x0000, 0x0000, 0x0000, 0x0000,   // Linha de pixels
0x0000, 0x0000, 0x0000, 0x0000, 0x0000, 0x0000, 0x0000, 0x0000, 0x0000, 0x0000, 0x0000, 0x0000, 0x0000, 0x0000, 0x0000, 0x0000,   // Linha de pixels
0x0180, 0x0180, 0x0180, 0x0180, 0x0180, 0x0000, 0x0000, 0x0000, 0x0000, 0x0000, 0x0000, 0x0000, 0x0000, 0x0000, 0x0000, 0x0000,   // Linha de pixels
0x0000, 0x0000, 0x0000, 0x0000, 0x0000, 0x0000, 0x0000, 0x0000, 0x0000, 0x0000, 0x0000, 0x0000, 0x0000, 0x0000, 0x0000, 0x0000,   // Linha de pixels
0x0000, 0x0000, 0x0000, 0x0000, 0x0000, 0x0000, 0x0000, 0x0000, 0x0000, 0x0000, 0x0000, 0x0000, 0x0000, 0x0000, 0x0000, 0x0000,   // Linha de pixels
0x0020, 0x0020, 0x0020, 0x0020, 0x6B02, 0x6B02, 0x6B02, 0x6B02, 0x6B02, 0x8463, 0x8463, 0x8463, 0x8463, 0x8463, 0x8463, 0x8463,   // Linha de pixels
0x8463, 0x8463, 0x8463, 0x8463, 0x8463, 0x8463, 0x8463, 0x8463, 0x8463, 0x8463, 0x0190, 0x0190, 0x0190, 0x0190, 0x73A3, 0x73A3,   // Linha de pixels
0x73A3, 0x73A3, 0x73A3, 0x0880, 0x0880, 0x0880, 0x0880, 0x6B02, 0x6B02, 0x6B02, 0x6B02, 0x8463, 0x8463, 0x8463, 0x8463, 0x8463,   // Linha de pixels
0x8463, 0x8463, 0x8463, 0x8463, 0x8463, 0x8463, 0x8463, 0x8463, 0x8463, 0x8463, 0x8463, 0x8463, 0x8463, 0x8463, 0x8463, 0x8463,   // Linha de pixels
0x8463, 0x8463, 0x8463, 0x8463, 0x8463, 0x8463, 0x8463, 0x8463, 0x8463, 0x8463, 0x8463, 0x8463, 0x8463, 0x8463, 0x8463, 0x8463,   // Linha de pixels
0x8463, 0x8463, 0x8463, 0x8463, 0x8463, 0x8463, 0x8463, 0x5A62, 0x5A62, 0x5A62, 0x5A62, 0x18A1, 0x18A1, 0x18A1, 0x18A1, 0x8403,   // Linha de pixels
0x8403, 0x8403, 0x8403, 0x8403, 0x01A0, 0x01A0, 0x01A0, 0x01A0, 0x8463, 0x8463, 0x8463, 0x8463, 0x8463, 0x8463, 0x8463, 0x8463,   // Linha de pixels
0x0000, 0x0000, 0x0000, 0x0000, 0x0000, 0x0000, 0x0000, 0x0000, 0x0000, 0x0000, 0x0000, 0x0000, 0x0000, 0x0160, 0x0160, 0x0160,   // Linha de pixels
0x0160, 0x0160, 0x0000, 0x0000, 0x0000, 0x0000, 0x0000, 0x0000, 0x0000, 0x0000, 0x0000, 0x0000, 0x0000, 0x0000, 0x0000, 0x0000,   // Linha de pixels
0x0000, 0x0000, 0x0000, 0x0000, 0x0000, 0x0000, 0x0000, 0x0000, 0x0000, 0x0000, 0x0000, 0x0000, 0x0000, 0x0000, 0x0000, 0x0000,   // Linha de pixels
0x0000, 0x0000, 0x0000, 0x0000, 0x0000, 0x0000, 0x0000, 0x0000, 0x0000, 0x0000, 0x0000, 0x0000, 0x0000, 0x0000, 0x0000, 0x0000,   // Linha de pixels
0x0000, 0x0000, 0x0000, 0x0000, 0x0000, 0x0000, 0x0000, 0x0000, 0x0000, 0x0000, 0x0000, 0x0000, 0x0000, 0x0000, 0x0000, 0x0000,   // Linha de pixels
0x0000, 0x0000, 0x0000, 0x0000, 0x0000, 0x0000, 0x0000, 0x0170, 0x0170, 0x0170, 0x0170, 0x0000, 0x0000, 0x0000, 0x0000, 0x0000,   // Linha de pixels
0x0000, 0x0000, 0x0000, 0x0000, 0x0000, 0x0000, 0x0000, 0x0000, 0x0000, 0x0000, 0x0000, 0x0000, 0x0000, 0x0000, 0x0000, 0x0000,   // Linha de pixels
0x0000, 0x0000, 0x0000, 0x0000, 0x0000, 0x0000, 0x0000, 0x0000, 0x0000, 0x0000, 0x0000, 0x0000, 0x0000, 0x0000, 0x0000, 0x0000,   // Linha de pixels
0x0000, 0x0000, 0x0000, 0x0000, 0x0000, 0x0000, 0x0000, 0x0000, 0x0000, 0x0000, 0x0000, 0x0000, 0x0000, 0x0000, 0x0000, 0x0000,   // Linha de pixels
0x0000, 0x0000, 0x0000, 0x0000, 0x0000, 0x0000, 0x0000, 0x0000, 0x0000, 0x0000, 0x0000, 0x0000, 0x0000, 0x0000, 0x0000, 0x0000,   // Linha de pixels
0x0180, 0x0180, 0x0180, 0x0180, 0x0180, 0x0000, 0x0000, 0x0000, 0x0000, 0x0000, 0x0000, 0x0000, 0x0000, 0x0000, 0x0000, 0x0000,   // Linha de pixels
0x0000, 0x0000, 0x0000, 0x0000, 0x0000, 0x0000, 0x0000, 0x0000, 0x0000, 0x0000, 0x0000, 0x0000, 0x0000, 0x0000, 0x0000, 0x0000,   // Linha de pixels
0x0000, 0x0000, 0x0000, 0x0000, 0x0000, 0x0000, 0x0000, 0x0000, 0x0000, 0x0000, 0x0000, 0x0000, 0x0000, 0x0000, 0x0000, 0x0000,   // Linha de pixels
0x0020, 0x0020, 0x0020, 0x0020, 0x6B02, 0x6B02, 0x6B02, 0x6B02, 0x6B02, 0x8463, 0x8463, 0x8463, 0x8463, 0x8463, 0x8463, 0x8463,   // Linha de pixels
0x8463, 0x8463, 0x8463, 0x8463, 0x8463, 0x8463, 0x8463, 0x8463, 0x8463, 0x8463, 0x0190, 0x0190, 0x0190, 0x0190, 0x73A3, 0x73A3,   // Linha de pixels
0x73A3, 0x73A3, 0x73A3, 0x0880, 0x0880, 0x0880, 0x0880, 0x6B02, 0x6B02, 0x6B02, 0x6B02, 0x8463, 0x8463, 0x8463, 0x8463, 0x8463,   // Linha de pixels
0x8463, 0x8463, 0x8463, 0x8463, 0x8463, 0x8463, 0x8463, 0x8463, 0x8463, 0x8463, 0x8463, 0x8463, 0x8463, 0x8463, 0x8463, 0x8463,   // Linha de pixels
0x8463, 0x8463, 0x8463, 0x8463, 0x8463, 0x8463, 0x8463, 0x8463, 0x8463, 0x8463, 0x8463, 0x8463, 0x8463, 0x8463, 0x8463, 0x8463,   // Linha de pixels
0x8463, 0x8463, 0x8463, 0x8463, 0x8463, 0x8463, 0x8463, 0x5A62, 0x5A62, 0x5A62, 0x5A62, 0x18A1, 0x18A1, 0x18A1, 0x18A1, 0x8403,   // Linha de pixels
0x8403, 0x8403, 0x8403, 0x8403, 0x01A0, 0x01A0, 0x01A0, 0x01A0, 0x8463, 0x8463, 0x8463, 0x8463, 0x8463, 0x8463, 0x8463, 0x8463,   // Linha de pixels
0x8463, 0x8463, 0x8463, 0x8463, 0x8463, 0x8463, 0x8463, 0x8463, 0x8463, 0x5A62, 0x5A62, 0x5A62, 0x5A62, 0x0000, 0x0000, 0x0000,   // Linha de pixels
0x0000, 0x0000, 0x0000, 0x0000, 0x0000, 0x0000, 0x0000, 0x0000, 0x0000, 0x0000, 0x0000, 0x0000, 0x0000, 0x0000, 0x0000, 0x0000,   // Linha de pixels
0x0000, 0x0000, 0x0000, 0x0000, 0x0000, 0x0000, 0x0000, 0x0000, 0x0000, 0x0000, 0x0000, 0x0000, 0x0000, 0x0000, 0x0000, 0x0000,   // Linha de pixels
0x0000, 0x0000, 0x0000, 0x0000, 0x0000, 0x0000, 0x0000, 0x0000, 0x0000, 0x0000, 0x0000, 0x0000, 0x0000, 0x01B0, 0x01B0, 0x01B0,   // Linha de pixels
0x01B0, 0x0000, 0x0000, 0x0000, 0x0000, 0x0000, 0x0000, 0x0000, 0x0000, 0x0000, 0x0000, 0x0000, 0x0000, 0x0000, 0x0000, 0x0000,   // Linha de pixels
0x0000, 0x0000, 0x0000, 0x0000, 0x0000, 0x0000, 0x0000, 0x0000, 0x0000, 0x0000, 0x0000, 0x0000, 0x0000, 0x0000, 0x0000, 0x0000,   // Linha de pixels
0x0000, 0x0000, 0x0000, 0x0000, 0x0000, 0x0000, 0x0000, 0x0000, 0x0000, 0x0000, 0x0000, 0x0000, 0x0000, 0x0000, 0x0000, 0x0000,   // Linha de pixels
0x0000, 0x0000, 0x0000, 0x0000, 0x0000, 0x0000, 0x0000, 0x0000, 0x0000, 0x0000, 0x0000, 0x0000, 0x0000, 0x0000, 0x0000, 0x0000,   // Linha de pixels
0x0000, 0x0000, 0x0000, 0x0000, 0x0000, 0x0000, 0x0000, 0x01C0, 0x01C0, 0x01C0, 0x01C0, 0x0000, 0x0000, 0x0000, 0x0000, 0x0000,   // Linha de pixels
0x0000, 0x0000, 0x0000, 0x0000, 0x0000, 0x0000, 0x0000, 0x0000, 0x0000, 0x0000, 0x0000, 0x0000, 0x0000, 0x0000, 0x0000, 0x0000,   // Linha de pixels
0x0000, 0x0000, 0x0000, 0x0000, 0x0000, 0x0000, 0x0000, 0x0000, 0x0000, 0x0000, 0x0000, 0x0000, 0x0000, 0x0000, 0x0000, 0x0000,   // Linha de pixels
0x0000, 0x0000, 0x0000, 0x0000, 0x0000, 0x0000, 0x0000, 0x0000, 0x0000, 0x0000, 0x0000, 0x0000, 0x0000, 0x0000, 0x0000, 0x0000,   // Linha de pixels
0x0000, 0x0000, 0x0000, 0x0000, 0x0000, 0x0000, 0x0000, 0x0000, 0x0000, 0x0000, 0x0000, 0x0000, 0x0000, 0x0000, 0x0000, 0x0000,   // Linha de pixels
0x01D0, 0x01D0, 0x01D0, 0x01D0, 0x0000, 0x0000, 0x0000, 0x0000, 0x0000, 0x0000, 0x0000, 0x0000, 0x0000, 0x0000, 0x0000, 0x0000,   // Linha de pixels
0x0000, 0x0000, 0x0000, 0x0000, 0x0000, 0x0000, 0x0000, 0x0000, 0x0000, 0x0000, 0x18A1, 0x18A1, 0x18A1, 0x18A1, 0x2120, 0x2120,   // Linha de pixels
0x2120, 0x2120, 0x2120, 0x2120, 0x2120, 0x2120, 0x2120, 0x2120, 0x2120, 0x2120, 0x2120, 0x2120, 0x2120, 0x2120, 0x2120, 0x2120,   // Linha de pixels
0x18E1, 0x18E1, 0x18E1, 0x18E1, 0x0020, 0x0020, 0x0020, 0x0020, 0x18A1, 0x18A1, 0x18A1, 0x18A1, 0x18A1, 0x2120, 0x2120, 0x2120,   // Linha de pixels
0x2120, 0x2120, 0x2120, 0x2120, 0x2120, 0x2120, 0x2120, 0x2120, 0x2120, 0x2120, 0x01E0, 0x01E0, 0x01E0, 0x01E0, 0x2120, 0x2120,   // Linha de pixels
0x2120, 0x2120, 0x2120, 0x2120, 0x2120, 0x2120, 0x2120, 0x2120, 0x2120, 0x2120, 0x2120, 0x2120, 0x2120, 0x2120, 0x2120, 0x2120,   // Linha de pixels
0x2120, 0x2120, 0x2120, 0x2120, 0x2120, 0x2120, 0x2120, 0x2120, 0x2120, 0x2120, 0x2120, 0x2120, 0x0880, 0x0880, 0x0880, 0x0880,   // Linha de pixels
0x8463, 0x8463, 0x8463, 0x8463, 0x8463, 0x8463, 0x8463, 0x8463, 0x8463, 0x5A62, 0x5A62, 0x5A62, 0x5A62, 0x0000, 0x0000, 0x0000,   // Linha de pixels
0x0000, 0x0000, 0x0000, 0x0000, 0x0000, 0x0000, 0x0000, 0x0000, 0x0000, 0x0000, 0x0000, 0x0000, 0x0000, 0x0000, 0x0000, 0x0000,   // Linha de pixels
0x0000, 0x0000, 0x0000, 0x0000, 0x0000, 0x0000, 0x0000, 0x0000, 0x0000, 0x0000, 0x0000, 0x0000, 0x0000, 0x0000, 0x0000, 0x0000,   // Linha de pixels
0x0000, 0x0000, 0x0000, 0x0000, 0x0000, 0x0000, 0x0000, 0x0000, 0x0000, 0x0000, 0x0000, 0x0000, 0x0000, 0x01B0, 0x01B0, 0x01B0,   // Linha de pixels
0x01B0, 0x0000, 0x0000, 0x0000, 0x0000, 0x0000, 0x0000, 0x0000, 0x0000, 0x0000, 0x0000, 0x0000, 0x0000, 0x0000, 0x0000, 0x0000,   // Linha de pixels
0x0000, 0x0000, 0x0000, 0x0000, 0x0000, 0x0000, 0x0000, 0x0000, 0x0000, 0x0000, 0x0000, 0x0000, 0x0000, 0x0000, 0x0000, 0x0000,   // Linha de pixels
0x0000, 0x0000, 0x0000, 0x0000, 0x0000, 0x0000, 0x0000, 0x0000, 0x0000, 0x0000, 0x0000, 0x0000, 0x0000, 0x0000, 0x0000, 0x0000,   // Linha de pixels
0x0000, 0x0000, 0x0000, 0x0000, 0x0000, 0x0000, 0x0000, 0x0000, 0x0000, 0x0000, 0x0000, 0x0000, 0x0000, 0x0000, 0x0000, 0x0000,   // Linha de pixels
0x0000, 0x0000, 0x0000, 0x0000, 0x0000, 0x0000, 0x0000, 0x01C0, 0x01C0, 0x01C0, 0x01C0, 0x0000, 0x0000, 0x0000, 0x0000, 0x0000,   // Linha de pixels
0x0000, 0x0000, 0x0000, 0x0000, 0x0000, 0x0000, 0x0000, 0x0000, 0x0000, 0x0000, 0x0000, 0x0000, 0x0000, 0x0000, 0x0000, 0x0000,   // Linha de pixels
0x0000, 0x0000, 0x0000, 0x0000, 0x0000, 0x0000, 0x0000, 0x0000, 0x0000, 0x0000, 0x0000, 0x0000, 0x0000, 0x0000, 0x0000, 0x0000,   // Linha de pixels
0x0000, 0x0000, 0x0000, 0x0000, 0x0000, 0x0000, 0x0000, 0x0000, 0x0000, 0x0000, 0x0000, 0x0000, 0x0000, 0x0000, 0x0000, 0x0000,   // Linha de pixels
0x0000, 0x0000, 0x0000, 0x0000, 0x0000, 0x0000, 0x0000, 0x0000, 0x0000, 0x0000, 0x0000, 0x0000, 0x0000, 0x0000, 0x0000, 0x0000,   // Linha de pixels
0x01D0, 0x01D0, 0x01D0, 0x01D0, 0x0000, 0x0000, 0x0000, 0x0000, 0x0000, 0x0000, 0x0000, 0x0000, 0x0000, 0x0000, 0x0000, 0x0000,   // Linha de pixels
0x0000, 0x0000, 0x0000, 0x0000, 0x0000, 0x0000, 0x0000, 0x0000, 0x0000, 0x0000, 0x18A1, 0x18A1, 0x18A1, 0x18A1, 0x2120, 0x2120,   // Linha de pixels
0x2120, 0x2120, 0x2120, 0x2120, 0x2120, 0x2120, 0x2120, 0x2120, 0x2120, 0x2120, 0x2120, 0x2120, 0x2120, 0x2120, 0x2120, 0x2120,   // Linha de pixels
0x18E1, 0x18E1, 0x18E1, 0x18E1, 0x0020, 0x0020, 0x0020, 0x0020, 0x18A1, 0x18A1, 0x18A1, 0x18A1, 0x18A1, 0x2120, 0x2120, 0x2120,   // Linha de pixels
0x2120, 0x2120, 0x2120, 0x2120, 0x2120, 0x2120, 0x2120, 0x2120, 0x2120, 0x2120, 0x01E0, 0x01E0, 0x01E0, 0x01E0, 0x2120, 0x2120,   // Linha de pixels
0x2120, 0x2120, 0x2120, 0x2120, 0x2120, 0x2120, 0x2120, 0x2120, 0x2120, 0x2120, 0x2120, 0x2120, 0x2120, 0x2120, 0x2120, 0x2120,   // Linha de pixels
0x2120, 0x2120, 0x2120, 0x2120, 0x2120, 0x2120, 0x2120, 0x2120, 0x2120, 0x2120, 0x2120, 0x2120, 0x0880, 0x0880, 0x0880, 0x0880,   // Linha de pixels
0x8463, 0x8463, 0x8463, 0x8463, 0x8463, 0x8463, 0x8463, 0x8463, 0x8463, 0x5A62, 0x5A62, 0x5A62, 0x5A62, 0x0000, 0x0000, 0x0000,   // Linha de pixels
0x0000, 0x0000, 0x0000, 0x0000, 0x0000, 0x0000, 0x0000, 0x0000, 0x0000, 0x0000, 0x0000, 0x0000, 0x0000, 0x0000, 0x0000, 0x0000,   // Linha de pixels
0x0000, 0x0000, 0x0000, 0x0000, 0x0000, 0x0000, 0x0000, 0x0000, 0x0000, 0x0000, 0x0000, 0x0000, 0x0000, 0x0000, 0x0000, 0x0000,   // Linha de pixels
0x0000, 0x0000, 0x0000, 0x0000, 0x0000, 0x0000, 0x0000, 0x0000, 0x0000, 0x0000, 0x0000, 0x0000, 0x0000, 0x01B0, 0x01B0, 0x01B0,   // Linha de pixels
0x01B0, 0x0000, 0x0000, 0x0000, 0x0000, 0x0000, 0x0000, 0x0000, 0x0000, 0x0000, 0x0000, 0x0000, 0x0000, 0x0000, 0x0000, 0x0000,   // Linha de pixels
0x0000, 0x0000, 0x0000, 0x0000, 0x0000, 0x0000, 0x0000, 0x0000, 0x0000, 0x0000, 0x0000, 0x0000, 0x0000, 0x0000, 0x0000, 0x0000,   // Linha de pixels
0x0000, 0x0000, 0x0000, 0x0000, 0x0000, 0x0000, 0x0000, 0x0000, 0x0000, 0x0000, 0x0000, 0x0000, 0x0000, 0x0000, 0x0000, 0x0000,   // Linha de pixels
0x0000, 0x0000, 0x0000, 0x0000, 0x0000, 0x0000, 0x0000, 0x0000, 0x0000, 0x0000, 0x0000, 0x0000, 0x0000, 0x0000, 0x0000, 0x0000,   // Linha de pixels
0x0000, 0x0000, 0x0000, 0x0000, 0x0000, 0x0000, 0x0000, 0x01C0, 0x01C0, 0x01C0, 0x01C0, 0x0000, 0x0000, 0x0000, 0x0000, 0x0000,   // Linha de pixels
0x0000, 0x0000, 0x0000, 0x0000, 0x0000, 0x0000, 0x0000, 0x0000, 0x0000, 0x0000, 0x0000, 0x0000, 0x0000, 0x0000, 0x0000, 0x0000,   // Linha de pixels
0x0000, 0x0000, 0x0000, 0x0000, 0x0000, 0x0000, 0x0000, 0x0000, 0x0000, 0x0000, 0x0000, 0x0000, 0x0000, 0x0000, 0x0000, 0x0000,   // Linha de pixels
0x0000, 0x0000, 0x0000, 0x0000, 0x0000, 0x0000, 0x0000, 0x0000, 0x0000, 0x0000, 0x0000, 0x0000, 0x0000, 0x0000, 0x0000, 0x0000,   // Linha de pixels
0x0000, 0x0000, 0x0000, 0x0000, 0x0000, 0x0000, 0x0000, 0x0000, 0x0000, 0x0000, 0x0000, 0x0000, 0x0000, 0x0000, 0x0000, 0x0000,   // Linha de pixels
0x01D0, 0x01D0, 0x01D0, 0x01D0, 0x0000, 0x0000, 0x0000, 0x0000, 0x0000, 0x0000, 0x0000, 0x0000, 0x0000, 0x0000, 0x0000, 0x0000,   // Linha de pixels
0x0000, 0x0000, 0x0000, 0x0000, 0x0000, 0x0000, 0x0000, 0x0000, 0x0000, 0x0000, 0x18A1, 0x18A1, 0x18A1, 0x18A1, 0x2120, 0x2120,   // Linha de pixels
0x2120, 0x2120, 0x2120, 0x2120, 0x2120, 0x2120, 0x2120, 0x2120, 0x2120, 0x2120, 0x2120, 0x2120, 0x2120, 0x2120, 0x2120, 0x2120,   // Linha de pixels
0x18E1, 0x18E1, 0x18E1, 0x18E1, 0x0020, 0x0020, 0x0020, 0x0020, 0x18A1, 0x18A1, 0x18A1, 0x18A1, 0x18A1, 0x2120, 0x2120, 0x2120,   // Linha de pixels
0x2120, 0x2120, 0x2120, 0x2120, 0x2120, 0x2120, 0x2120, 0x2120, 0x2120, 0x2120, 0x01E0, 0x01E0, 0x01E0, 0x01E0, 0x2120, 0x2120,   // Linha de pixels
0x2120, 0x2120, 0x2120, 0x2120, 0x2120, 0x2120, 0x2120, 0x2120, 0x2120, 0x2120, 0x2120, 0x2120, 0x2120, 0x2120, 0x2120, 0x2120,   // Linha de pixels
0x2120, 0x2120, 0x2120, 0x2120, 0x2120, 0x2120, 0x2120, 0x2120, 0x2120, 0x2120, 0x2120, 0x2120, 0x0880, 0x0880, 0x0880, 0x0880,   // Linha de pixels
0x0840, 0x0840, 0x0840, 0x0840, 0x0840, 0x2120, 0x2120, 0x2120, 0x2120, 0x2120, 0x2120, 0x2120, 0x2120, 0x2120, 0x2120, 0x2120,   // Linha de pixels
0x2120, 0x2120, 0x2120, 0x2120, 0x2120, 0x2120, 0x2120, 0x2120, 0x2120, 0x2120, 0x18A1, 0x18A1, 0x18A1, 0x18A1, 0x18A1, 0x0000,   // Linha de pixels
0x0000, 0x0000, 0x0000, 0x01F0, 0x01F0, 0x01F0, 0x01F0, 0x0000, 0x0000, 0x0000, 0x0000, 0x0000, 0x0000, 0x0000, 0x0000, 0x0000,   // Linha de pixels
0x0000, 0x0000, 0x0000, 0x0000, 0x0000, 0x0000, 0x0000, 0x0000, 0x0000, 0x0000, 0x0000, 0x0000, 0x0000, 0x0000, 0x0000, 0x0000,   // Linha de pixels
0x0000, 0x0000, 0x0000, 0x0000, 0x0000, 0x0000, 0x0000, 0x0000, 0x0000, 0x0000, 0x0000, 0x0000, 0x0000, 0x0000, 0x0000, 0x0000,   // Linha de pixels
0x0000, 0x0000, 0x0000, 0x0000, 0x0000, 0x0000, 0x0000, 0x0000, 0x0000, 0x0000, 0x0000, 0x0000, 0x0000, 0x0000, 0x0000, 0x0000,   // Linha de pixels
0x0000, 0x0000, 0x0000, 0x0000, 0x0000, 0x0000, 0x0000, 0x0000, 0x0000, 0x0000, 0x0000, 0x0000, 0x0000, 0x0200, 0x0200, 0x0200,   // Linha de pixels
0x0200, 0x0000, 0x0000, 0x0000, 0x0000, 0x0000, 0x0000, 0x0000, 0x0000, 0x0000, 0x0000, 0x0000, 0x0000, 0x0000, 0x0000, 0x0000,   // Linha de pixels
0x0000, 0x0000, 0x0000, 0x0000, 0x0000, 0x0000, 0x0000, 0x0000, 0x0000, 0x0000, 0x0000, 0x0000, 0x0000, 0x0000, 0x0000, 0x0000,   // Linha de pixels
0x0000, 0x0000, 0x0000, 0x0000, 0x0000, 0x0000, 0x0000, 0x0000, 0x0000, 0x0000, 0x0000, 0x0000, 0x0000, 0x0000, 0x0000, 0x0000,   // Linha de pixels
0x0000, 0x0000, 0x0000, 0x0000, 0x0000, 0x0000, 0x0000, 0x0000, 0x0000, 0x0000, 0x0000, 0x0000, 0x0000, 0x0000, 0x0000, 0x0000,   // Linha de pixels
0x0000, 0x0000, 0x0000, 0x0000, 0x0000, 0x0000, 0x0210, 0x0210, 0x0210, 0x0210, 0x0000, 0x0000, 0x0000, 0x0000, 0x0000, 0x0000,   // Linha de pixels
0x0000, 0x0000, 0x0000, 0x0000, 0x0000, 0x0000, 0x0000, 0x0000, 0x0000, 0x0000, 0x0000, 0x0000, 0x0000, 0x0000, 0x0000, 0x0000,   // Linha de pixels
0x0000, 0x0000, 0x0000, 0x0000, 0x0000, 0x0000, 0x0000, 0x0000, 0x0000, 0x0000, 0x0000, 0x0000, 0x0000, 0x0000, 0x0000, 0x0000,   // Linha de pixels
0x0000, 0x0000, 0x0000, 0x0000, 0x0000, 0x0000, 0x0000, 0x0000, 0x0000, 0x0000, 0x0000, 0x0000, 0x0000, 0x0000, 0x0000, 0x0000,   // Linha de pixels
0x0000, 0x0000, 0x0000, 0x0000, 0x0000, 0x0000, 0x0000, 0x0000, 0x0000, 0x0000, 0x0000, 0x6B02, 0x6B02, 0x6B02, 0x6B02, 0x6B02,   // Linha de pixels
0x0220, 0x0220, 0x0220, 0x0220, 0xB462, 0xB462, 0xB462, 0xB462, 0xB442, 0xB442, 0xB442, 0xB442, 0xB442, 0xB442, 0xB442, 0xB442,   // Linha de pixels
0xB442, 0xB462, 0xB462, 0xB462, 0xB462, 0x8BA4, 0x8BA4, 0x8BA4, 0x8BA4, 0x8BA4, 0x0861, 0x0861, 0x0861, 0x0861, 0x6B02, 0x6B02,   // Linha de pixels
0x6B02, 0x6B02, 0xB462, 0xB462, 0xB462, 0xB462, 0xB462, 0xB442, 0xB442, 0xB442, 0xB442, 0xB442, 0xB442, 0xB442, 0xB442, 0xB442,   // Linha de pixels
0xB442, 0xB442, 0xB442, 0xB442, 0xB442, 0xB442, 0xB442, 0xB442, 0xB442, 0xB442, 0xB442, 0xB442, 0xB442, 0xB442, 0xB442, 0xB442,   // Linha de pixels
0x0840, 0x0840, 0x0840, 0x0840, 0x0840, 0x2120, 0x2120, 0x2120, 0x2120, 0x2120, 0x2120, 0x2120, 0x2120, 0x2120, 0x2120, 0x2120,   // Linha de pixels
0x2120, 0x2120, 0x2120, 0x2120, 0x2120, 0x2120, 0x2120, 0x2120, 0x2120, 0x2120, 0x18A1, 0x18A1, 0x18A1, 0x18A1, 0x18A1, 0x0000,   // Linha de pixels
0x0000, 0x0000, 0x0000, 0x01F0, 0x01F0, 0x01F0, 0x01F0, 0x0000, 0x0000, 0x0000, 0x0000, 0x0000, 0x0000, 0x0000, 0x0000, 0x0000,   // Linha de pixels
0x0000, 0x0000, 0x0000, 0x0000, 0x0000, 0x0000, 0x0000, 0x0000, 0x0000, 0x0000, 0x0000, 0x0000, 0x0000, 0x0000, 0x0000, 0x0000,   // Linha de pixels
0x0000, 0x0000, 0x0000, 0x0000, 0x0000, 0x0000, 0x0000, 0x0000, 0x0000, 0x0000, 0x0000, 0x0000, 0x0000, 0x0000, 0x0000, 0x0000,   // Linha de pixels
0x0000, 0x0000, 0x0000, 0x0000, 0x0000, 0x0000, 0x0000, 0x0000, 0x0000, 0x0000, 0x0000, 0x0000, 0x0000, 0x0000, 0x0000, 0x0000,   // Linha de pixels
0x0000, 0x0000, 0x0000, 0x0000, 0x0000, 0x0000, 0x0000, 0x0000, 0x0000, 0x0000, 0x0000, 0x0000, 0x0000, 0x0200, 0x0200, 0x0200,   // Linha de pixels
0x0200, 0x0000, 0x0000, 0x0000, 0x0000, 0x0000, 0x0000, 0x0000, 0x0000, 0x0000, 0x0000, 0x0000, 0x0000, 0x0000, 0x0000, 0x0000,   // Linha de pixels
0x0000, 0x0000, 0x0000, 0x0000, 0x0000, 0x0000, 0x0000, 0x0000, 0x0000, 0x0000, 0x0000, 0x0000, 0x0000, 0x0000, 0x0000, 0x0000,   // Linha de pixels
0x0000, 0x0000, 0x0000, 0x0000, 0x0000, 0x0000, 0x0000, 0x0000, 0x0000, 0x0000, 0x0000, 0x0000, 0x0000, 0x0000, 0x0000, 0x0000,   // Linha de pixels
0x0000, 0x0000, 0x0000, 0x0000, 0x0000, 0x0000, 0x0000, 0x0000, 0x0000, 0x0000, 0x0000, 0x0000, 0x0000, 0x0000, 0x0000, 0x0000,   // Linha de pixels
0x0000, 0x0000, 0x0000, 0x0000, 0x0000, 0x0000, 0x0210, 0x0210, 0x0210, 0x0210, 0x0000, 0x0000, 0x0000, 0x0000, 0x0000, 0x0000,   // Linha de pixels
0x0000, 0x0000, 0x0000, 0x0000, 0x0000, 0x0000, 0x0000, 0x0000, 0x0000, 0x0000, 0x0000, 0x0000, 0x0000, 0x0000, 0x0000, 0x0000,   // Linha de pixels
0x0000, 0x0000, 0x0000, 0x0000, 0x0000, 0x0000, 0x0000, 0x0000, 0x0000, 0x0000, 0x0000, 0x0000, 0x0000, 0x0000, 0x0000, 0x0000,   // Linha de pixels
0x0000, 0x0000, 0x0000, 0x0000, 0x0000, 0x0000, 0x0000, 0x0000, 0x0000, 0x0000, 0x0000, 0x0000, 0x0000, 0x0000, 0x0000, 0x0000,   // Linha de pixels
0x0000, 0x0000, 0x0000, 0x0000, 0x0000, 0x0000, 0x0000, 0x0000, 0x0000, 0x0000, 0x0000, 0x6B02, 0x6B02, 0x6B02, 0x6B02, 0x6B02,   // Linha de pixels
0x0220, 0x0220, 0x0220, 0x0220, 0xB462, 0xB462, 0xB462, 0xB462, 0xB442, 0xB442, 0xB442, 0xB442, 0xB442, 0xB442, 0xB442, 0xB442,   // Linha de pixels
0xB442, 0xB462, 0xB462, 0xB462, 0xB462, 0x8BA4, 0x8BA4, 0x8BA4, 0x8BA4, 0x8BA4, 0x0861, 0x0861, 0x0861, 0x0861, 0x6B02, 0x6B02,   // Linha de pixels
0x6B02, 0x6B02, 0xB462, 0xB462, 0xB462, 0xB462, 0xB462, 0xB442, 0xB442, 0xB442, 0xB442, 0xB442, 0xB442, 0xB442, 0xB442, 0xB442,   // Linha de pixels
0xB442, 0xB442, 0xB442, 0xB442, 0xB442, 0xB442, 0xB442, 0xB442, 0xB442, 0xB442, 0xB442, 0xB442, 0xB442, 0xB442, 0xB442, 0xB442,   // Linha de pixels
0xB442, 0xB442, 0xB442, 0xB442, 0xB442, 0xB442, 0xB442, 0xB442, 0xB442, 0x0230, 0x0230, 0x0230, 0x0230, 0xB462, 0xB462, 0xB462,   // Linha de pixels
0xB462, 0xB462, 0x5A62, 0x5A62, 0x5A62, 0x5A62, 0x18A1, 0x18A1, 0x18A1, 0x18A1, 0xB442, 0xB442, 0xB442, 0xB442, 0xB442, 0xB442,   // Linha de pixels
0xB442, 0xB442, 0xB442, 0xB442, 0xB442, 0xB442, 0xB442, 0xB442, 0xB442, 0xB442, 0xB442, 0xB442, 0xB462, 0xB462, 0xB462, 0xB462,   // Linha de pixels
0x5A62, 0x5A62, 0x5A62, 0x5A62, 0x0000, 0x0000, 0x0000, 0x0000, 0x0000, 0x0000, 0x0000, 0x0000, 0x0000, 0x0000, 0x0000, 0x0000,   // Linha de pixels
0x0000, 0x0000, 0x0000, 0x0000, 0x0000, 0x0000, 0x0000, 0x0000, 0x0000, 0x0000, 0x0000, 0x0000, 0x0000, 0x0000, 0x0000, 0x0000,   // Linha de pixels
0x0000, 0x0000, 0x0000, 0x0240, 0x0240, 0x0240, 0x0240, 0x0000, 0x0000, 0x0000, 0x0000, 0x0000, 0x0000, 0x0000, 0x0000, 0x0000,   // Linha de pixels
0x0000, 0x0000, 0x0000, 0x0000, 0x0000, 0x0000, 0x0000, 0x0000, 0x0000, 0x0000, 0x0000, 0x0000, 0x0000, 0x0000, 0x0000, 0x0000,   // Linha de pixels
0x0000, 0x0000, 0x0000, 0x0000, 0x0000, 0x0000, 0x0000, 0x0000, 0x0000, 0x0000, 0x0000, 0x0000, 0x0000, 0x0000, 0x0000, 0x0000,   // Linha de pixels
0x0000, 0x0000, 0x0000, 0x0000, 0x0000, 0x0000, 0x0000, 0x0000, 0x0000, 0x0000, 0x0000, 0x0000, 0x0000, 0x0000, 0x0000, 0x0000,   // Linha de pixels
0x0000, 0x0000, 0x0000, 0x0000, 0x0000, 0x0000, 0x0000, 0x0000, 0x0000, 0x0000, 0x0000, 0x0000, 0x0250, 0x0250, 0x0250, 0x0250,   // Linha de pixels
0x0000, 0x0000, 0x0000, 0x0000, 0x0000, 0x0000, 0x0000, 0x0000, 0x0000, 0x0000, 0x0000, 0x0000, 0x0000, 0x0000, 0x0000, 0x0000,   // Linha de pixels
0x0000, 0x0000, 0x0000, 0x0000, 0x0000, 0x0000, 0x0000, 0x0000, 0x0000, 0x0000, 0x0000, 0x0000, 0x0000, 0x0000, 0x0000, 0x0000,   // Linha de pixels
0x0000, 0x0000, 0x0000, 0x0000, 0x0000, 0x0000, 0x0000, 0x0000, 0x0000, 0x0000, 0x0000, 0x0000, 0x0000, 0x0000, 0x0000, 0x0000,   // Linha de pixels
0x0000, 0x0000, 0x0000, 0x0000, 0x0000, 0x0000, 0x0000, 0x0000, 0x0000, 0x0000, 0x0000, 0x0000, 0x0000, 0x0000, 0x0000, 0x0000,   // Linha de pixels
0x0000, 0x0000, 0x0000, 0x0000, 0x0000, 0x0000, 0x0260, 0x0260, 0x0260, 0x0260, 0x0000, 0x0000, 0x0000, 0x0000, 0x0000, 0x0000,   // Linha de pixels
0x0000, 0x0000, 0x0000, 0x0000, 0x0000, 0x0000, 0x0000, 0x0000, 0x0000, 0x0000, 0x0000, 0x0000, 0x0000, 0x0000, 0x0000, 0x0000,   // Linha de pixels
0x0000, 0x0000, 0x0000, 0x0000, 0x0000, 0x0000, 0x0000, 0x0000, 0x0000, 0x0000, 0x0000, 0x0000, 0x0000, 0x0020, 0x0020, 0x0020,   // Linha de pixels
0x0020, 0xA484, 0xA484, 0xA484, 0xA484, 0xFF44, 0xFF44, 0xFF44, 0xFF44, 0xFF44, 0xFF44, 0xFF44, 0xFF44, 0xFF44, 0xFF44, 0xFF44,   // Linha de pixels
0xFF44, 0xFF44, 0xFF44, 0xFF44, 0xFF44, 0xFF44, 0xFF44, 0xCE24, 0xCE24, 0xCE24, 0xCE24, 0x18A1, 0x18A1, 0x18A1, 0x18A1, 0x0270,   // Linha de pixels
0x0270, 0x0270, 0x0270, 0x0270, 0xA503, 0xA503, 0xA503, 0xA503, 0xFF44, 0xFF44, 0xFF44, 0xFF44, 0xFF44, 0xFF44, 0xFF44, 0xFF44,   // Linha de pixels
0xB442, 0xB442, 0xB442, 0xB442, 0xB442, 0xB442, 0xB442, 0xB442, 0xB442, 0x0230, 0x0230, 0x0230, 0x0230, 0xB462, 0xB462, 0xB462,   // Linha de pixels
0xB462, 0xB462, 0x5A62, 0x5A62, 0x5A62, 0x5A62, 0x18A1, 0x18A1, 0x18A1, 0x18A1, 0xB442, 0xB442, 0xB442, 0xB442, 0xB442, 0xB442,   // Linha de pixels
0xB442, 0xB442, 0xB442, 0xB442, 0xB442, 0xB442, 0xB442, 0xB442, 0xB442, 0xB442, 0xB442, 0xB442, 0xB462, 0xB462, 0xB462, 0xB462,   // Linha de pixels
0x5A62, 0x5A62, 0x5A62, 0x5A62, 0x0000, 0x0000, 0x0000, 0x0000, 0x0000, 0x0000, 0x0000, 0x0000, 0x0000, 0x0000, 0x0000, 0x0000,   // Linha de pixels
0x0000, 0x0000, 0x0000, 0x0000, 0x0000, 0x0000, 0x0000, 0x0000, 0x0000, 0x0000, 0x0000, 0x0000, 0x0000, 0x0000, 0x0000, 0x0000,   // Linha de pixels
0x0000, 0x0000, 0x0000, 0x0240, 0x0240, 0x0240, 0x0240, 0x0000, 0x0000, 0x0000, 0x0000, 0x0000, 0x0000, 0x0000, 0x0000, 0x0000,   // Linha de pixels
0x0000, 0x0000, 0x0000, 0x0000, 0x0000, 0x0000, 0x0000, 0x0000, 0x0000, 0x0000, 0x0000, 0x0000, 0x0000, 0x0000, 0x0000, 0x0000,   // Linha de pixels
0x0000, 0x0000, 0x0000, 0x0000, 0x0000, 0x0000, 0x0000, 0x0000, 0x0000, 0x0000, 0x0000, 0x0000, 0x0000, 0x0000, 0x0000, 0x0000,   // Linha de pixels
0x0000, 0x0000, 0x0000, 0x0000, 0x0000, 0x0000, 0x0000, 0x0000, 0x0000, 0x0000, 0x0000, 0x0000, 0x0000, 0x0000, 0x0000, 0x0000,   // Linha de pixels
0x0000, 0x0000, 0x0000, 0x0000, 0x0000, 0x0000, 0x0000, 0x0000, 0x0000, 0x0000, 0x0000, 0x0000, 0x0250, 0x0250, 0x0250, 0x0250,   // Linha de pixels
0x0000, 0x0000, 0x0000, 0x0000, 0x0000, 0x0000, 0x0000, 0x0000, 0x0000, 0x0000, 0x0000, 0x0000, 0x0000, 0x0000, 0x0000, 0x0000,   // Linha de pixels
0x0000, 0x0000, 0x0000, 0x0000, 0x0000, 0x0000, 0x0000, 0x0000, 0x0000, 0x0000, 0x0000, 0x0000, 0x0000, 0x0000, 0x0000, 0x0000,   // Linha de pixels
0x0000, 0x0000, 0x0000, 0x0000, 0x0000, 0x0000, 0x0000, 0x0000, 0x0000, 0x0000, 0x0000, 0x0000, 0x0000, 0x0000, 0x0000, 0x0000,   // Linha de pixels
0x0000, 0x0000, 0x0000, 0x0000, 0x0000, 0x0000, 0x0000, 0x0000, 0x0000, 0x0000, 0x0000, 0x0000, 0x0000, 0x0000, 0x0000, 0x0000,   // Linha de pixels
0x0000, 0x0000, 0x0000, 0x0000, 0x0000, 0x0000, 0x0260, 0x0260, 0x0260, 0x0260, 0x0000, 0x0000, 0x0000, 0x0000, 0x0000, 0x0000,   // Linha de pixels
0x0000, 0x0000, 0x0000, 0x0000, 0x0000, 0x0000, 0x0000, 0x0000, 0x0000, 0x0000, 0x0000, 0x0000, 0x0000, 0x0000, 0x0000, 0x0000,   // Linha de pixels
0x0000, 0x0000, 0x0000, 0x0000, 0x0000, 0x0000, 0x0000, 0x0000, 0x0000, 0x0000, 0x0000, 0x0000, 0x0000, 0x0020, 0x0020, 0x0020,   // Linha de pixels
0x0020, 0xA484, 0xA484, 0xA484, 0xA484, 0xFF44, 0xFF44, 0xFF44, 0xFF44, 0xFF44, 0xFF44, 0xFF44, 0xFF44, 0xFF44, 0xFF44, 0xFF44,   // Linha de pixels
0xFF44, 0xFF44, 0xFF44, 0xFF44, 0xFF44, 0xFF44, 0xFF44, 0xCE24, 0xCE24, 0xCE24, 0xCE24, 0x18A1, 0x18A1, 0x18A1, 0x18A1, 0x0270,   // Linha de pixels
0x0270, 0x0270, 0x0270, 0x0270, 0xA503, 0xA503, 0xA503, 0xA503, 0xFF44, 0xFF44, 0xFF44, 0xFF44, 0xFF44, 0xFF44, 0xFF44, 0xFF44,   // Linha de pixels
0xFF44, 0xFF44, 0xFF44, 0xFF44, 0xFF44, 0xFF44, 0xFF44, 0xFF44, 0xFF44, 0xFF44, 0xFF44, 0xFF44, 0xFF44, 0xFF44, 0xFF44, 0xFF44,   // Linha de pixels
0xFF44, 0xFF44, 0xFF44, 0xFF44, 0xFF44, 0xFF44, 0xFF44, 0xFF44, 0xFF44, 0xFF44, 0xFF44, 0xFF44, 0xFF44, 0xFF44, 0xFF44, 0xFF44,   // Linha de pixels
0xFF44, 0xFF44, 0xFF44, 0x83A2, 0x83A2, 0x83A2, 0x83A2, 0x2120, 0x2120, 0x2120, 0x2120, 0x2120, 0xDE85, 0xDE85, 0xDE85, 0xDE85,   // Linha de pixels
0xFF44, 0xFF44, 0xFF44, 0xFF44, 0xFF44, 0xFF44, 0xFF44, 0xFF44, 0xFF44, 0x0280, 0x0280, 0x0280, 0x0280, 0xFF44, 0xFF44, 0xFF44,   // Linha de pixels
0xFF44, 0xFF44, 0xFF44, 0xFF44, 0xFF44, 0xFF44, 0x8403, 0x8403, 0x8403, 0x8403, 0x0000, 0x0000, 0x0000, 0x0000, 0x0000, 0x0000,   // Linha de pixels
0x0000, 0x0000, 0x0000, 0x0000, 0x0000, 0x0000, 0x0000, 0x0000, 0x0000, 0x0000, 0x0000, 0x0000, 0x0000, 0x0000, 0x0000, 0x0000,   // Linha de pixels
0x0000, 0x0000, 0x0000, 0x0000, 0x0000, 0x0000, 0x0000, 0x0000, 0x0000, 0x0000, 0x0000, 0x0000, 0x0000, 0x0000, 0x0000, 0x0000,   // Linha de pixels
0x0000, 0x0000, 0x0000, 0x0000, 0x0000, 0x0000, 0x0000, 0x0000, 0x0000, 0x0000, 0x0000, 0x0000, 0x0000, 0x0000, 0x0000, 0x0000,   // Linha de pixels
0x0000, 0x0000, 0x0290, 0x0290, 0x0290, 0x0290, 0x0290, 0x0000, 0x0000, 0x0000, 0x0000, 0x0000, 0x0000, 0x0000, 0x0000, 0x0000,   // Linha de pixels
0x0000, 0x0000, 0x0000, 0x0000, 0x0000, 0x0000, 0x0000, 0x0000, 0x0000, 0x0000, 0x0000, 0x0000, 0x0000, 0x0000, 0x0000, 0x0000,   // Linha de pixels
0x0000, 0x0000, 0x0000, 0x0000, 0x0000, 0x0000, 0x0000, 0x0000, 0x0000, 0x0000, 0x0000, 0x0000, 0x0000, 0x0000, 0x0000, 0x0000,   // Linha de pixels
0x0000, 0x0000, 0x0000, 0x0000, 0x0000, 0x0000, 0x0000, 0x0000, 0x0000, 0x0000, 0x0000, 0x0000, 0x0000, 0x0000, 0x0000, 0x0000,   // Linha de pixels
0x0000, 0x0000, 0x0000, 0x0000, 0x0000, 0x0000, 0x0000, 0x0000, 0x0000, 0x0000, 0x0000, 0x0000, 0x02A0, 0x02A0, 0x02A0, 0x02A0,   // Linha de pixels
0x0000, 0x0000, 0x0000, 0x0000, 0x0000, 0x0000, 0x0000, 0x0000, 0x0000, 0x0000, 0x0000, 0x0000, 0x0000, 0x0000, 0x0000, 0x0000,   // Linha de pixels
0x0000, 0x0000, 0x0000, 0x0000, 0x0000, 0x0000, 0x0000, 0x0000, 0x0000, 0x0000, 0x0000, 0x0000, 0x0000, 0x0000, 0x0000, 0x0000,   // Linha de pixels
0x0000, 0x0000, 0x0000, 0x0000, 0x0000, 0x0000, 0x0000, 0x0000, 0x0000, 0x0000, 0x0000, 0x0000, 0x0000, 0x0000, 0x0000, 0x0000,   // Linha de pixels
0x0000, 0x0000, 0x0000, 0x0000, 0x0000, 0x0000, 0x0000, 0x0000, 0x0000, 0x0000, 0x0000, 0x0000, 0x0000, 0x0000, 0x0000, 0x0000,   // Linha de pixels
0x0000, 0x0000, 0x0000, 0x0000, 0x0000, 0x02B0, 0x02B0, 0x02B0, 0x02B0, 0x02B0, 0x0000, 0x0000, 0x0000, 0x0000, 0x0000, 0x0000,   // Linha de pixels
0x0000, 0x0000, 0x0840, 0x0840, 0x0840, 0x0840, 0x0840, 0xA503, 0xA503, 0xA503, 0xA503, 0xFFE2, 0xFFE2, 0xFFE2, 0xFFE2, 0xFFE2,   // Linha de pixels
0xFFE2, 0xFFE2, 0xFFE2, 0xFFE2, 0xFFE2, 0xFFE2, 0xFFE2, 0xFFE2, 0xFFE2, 0xFFE2, 0xFFE2, 0xFFE2, 0xCE24, 0xCE24, 0xCE24, 0xCE24,   // Linha de pixels
0xFF44, 0xFF44, 0xFF44, 0xFF44, 0xFF44, 0xFF44, 0xFF44, 0xFF44, 0xFF44, 0xFF44, 0xFF44, 0xFF44, 0xFF44, 0xFF44, 0xFF44, 0xFF44,   // Linha de pixels
0xFF44, 0xFF44, 0xFF44, 0xFF44, 0xFF44, 0xFF44, 0xFF44, 0xFF44, 0xFF44, 0xFF44, 0xFF44, 0xFF44, 0xFF44, 0xFF44, 0xFF44, 0xFF44,   // Linha de pixels
0xFF44, 0xFF44, 0xFF44, 0x83A2, 0x83A2, 0x83A2, 0x83A2, 0x2120, 0x2120, 0x2120, 0x2120, 0x2120, 0xDE85, 0xDE85, 0xDE85, 0xDE85,   // Linha de pixels
0xFF44, 0xFF44, 0xFF44, 0xFF44, 0xFF44, 0xFF44, 0xFF44, 0xFF44, 0xFF44, 0x0280, 0x0280, 0x0280, 0x0280, 0xFF44, 0xFF44, 0xFF44,   // Linha de pixels
0xFF44, 0xFF44, 0xFF44, 0xFF44, 0xFF44, 0xFF44, 0x8403, 0x8403, 0x8403, 0x8403, 0x0000, 0x0000, 0x0000, 0x0000, 0x0000, 0x0000,   // Linha de pixels
0x0000, 0x0000, 0x0000, 0x0000, 0x0000, 0x0000, 0x0000, 0x0000, 0x0000, 0x0000, 0x0000, 0x0000, 0x0000, 0x0000, 0x0000, 0x0000,   // Linha de pixels
0x0000, 0x0000, 0x0000, 0x0000, 0x0000, 0x0000, 0x0000, 0x0000, 0x0000, 0x0000, 0x0000, 0x0000, 0x0000, 0x0000, 0x0000, 0x0000,   // Linha de pixels
0x0000, 0x0000, 0x0000, 0x0000, 0x0000, 0x0000, 0x0000, 0x0000, 0x0000, 0x0000, 0x0000, 0x0000, 0x0000, 0x0000, 0x0000, 0x0000,   // Linha de pixels
0x0000, 0x0000, 0x0290, 0x0290, 0x0290, 0x0290, 0x0290, 0x0000, 0x0000, 0x0000, 0x0000, 0x0000, 0x0000, 0x0000, 0x0000, 0x0000,   // Linha de pixels
0x0000, 0x0000, 0x0000, 0x0000, 0x0000, 0x0000, 0x0000, 0x0000, 0x0000, 0x0000, 0x0000, 0x0000, 0x0000, 0x0000, 0x0000, 0x0000,   // Linha de pixels
0x0000, 0x0000, 0x0000, 0x0000, 0x0000, 0x0000, 0x0000, 0x0000, 0x0000, 0x0000, 0x0000, 0x0000, 0x0000, 0x0000, 0x0000, 0x0000,   // Linha de pixels
0x0000, 0x0000, 0x0000, 0x0000, 0x0000, 0x0000, 0x0000, 0x0000, 0x0000, 0x0000, 0x0000, 0x0000, 0x0000, 0x0000, 0x0000, 0x0000,   // Linha de pixels
0x0000, 0x0000, 0x0000, 0x0000, 0x0000, 0x0000, 0x0000, 0x0000, 0x0000, 0x0000, 0x0000, 0x0000, 0x02A0, 0x02A0, 0x02A0, 0x02A0,   // Linha de pixels
0x0000, 0x0000, 0x0000, 0x0000, 0x0000, 0x0000, 0x0000, 0x0000, 0x0000, 0x0000, 0x0000, 0x0000, 0x0000, 0x0000, 0x0000, 0x0000,   // Linha de pixels
0x0000, 0x0000, 0x0000, 0x0000, 0x0000, 0x0000, 0x0000, 0x0000, 0x0000, 0x0000, 0x0000, 0x0000, 0x0000, 0x0000, 0x0000, 0x0000,   // Linha de pixels
0x0000, 0x0000, 0x0000, 0x0000, 0x0000, 0x0000, 0x0000, 0x0000, 0x0000, 0x0000, 0x0000, 0x0000, 0x0000, 0x0000, 0x0000, 0x0000,   // Linha de pixels
0x0000, 0x0000, 0x0000, 0x0000, 0x0000, 0x0000, 0x0000, 0x0000, 0x0000, 0x0000, 0x0000, 0x0000, 0x0000, 0x0000, 0x0000, 0x0000,   // Linha de pixels
0x0000, 0x0000, 0x0000, 0x0000, 0x0000, 0x02B0, 0x02B0, 0x02B0, 0x02B0, 0x02B0, 0x0000, 0x0000, 0x0000, 0x0000, 0x0000, 0x0000,   // Linha de pixels
0x0000, 0x0000, 0x0840, 0x0840, 0x0840, 0x0840, 0x0840, 0xA503, 0xA503, 0xA503, 0xA503, 0xFFE2, 0xFFE2, 0xFFE2, 0xFFE2, 0xFFE2,   // Linha de pixels
0xFFE2, 0xFFE2, 0xFFE2, 0xFFE2, 0xFFE2, 0xFFE2, 0xFFE2, 0xFFE2, 0xFFE2, 0xFFE2, 0xFFE2, 0xFFE2, 0xCE24, 0xCE24, 0xCE24, 0xCE24,   // Linha de pixels
0x18E1, 0x18E1, 0x18E1, 0x18E1, 0x18E1, 0xAD63, 0xAD63, 0xAD63, 0xAD63, 0xFFE2, 0xFFE2, 0xFFE2, 0xFFE2, 0xFFE2, 0xFFE2, 0xFFE2,   // Linha de pixels
0xFFE2, 0xFFE2, 0xFFE2, 0xFFE2, 0xFFE2, 0xFFE2, 0xFFE2, 0xFFE2, 0xFFE2, 0xFFE2, 0xFFE2, 0xFFE2, 0xFFE2, 0xFFE2, 0xFFE2, 0x02C0,   // Linha de pixels
0x02C0, 0x02C0, 0x02C0, 0xFFE2, 0xFFE2, 0xFFE2, 0xFFE2, 0xFFE2, 0xFFE2, 0xFFE2, 0xFFE2, 0xFFE2, 0xFFE2, 0xFFE2, 0xFFE2, 0xFFE2,   // Linha de pixels
0xFFE2, 0xFFE2, 0xFFE2, 0xFFE2, 0xFFE2, 0xFFE2, 0xFFE2, 0xFFE2, 0xFFE2, 0x8403, 0x8403, 0x8403, 0x8403, 0x2120, 0x2120, 0x2120,   // Linha de pixels
0x2120, 0xE705, 0xE705, 0xE705, 0xE705, 0xE705, 0xFFE2, 0xFFE2, 0xFFE2, 0xFFE2, 0xFFE2, 0xFFE2, 0xFFE2, 0xFFE2, 0xFFE2, 0xFFE2,   // Linha de pixels
0xFFE2, 0xFFE2, 0xFFE2, 0xFFE2, 0xFFE2, 0xFFE2, 0xFFE2, 0x9484, 0x9484, 0x9484, 0x9484, 0x0000, 0x0000, 0x0000, 0x0000, 0x0000,   // Linha de pixels
0x0000, 0x0000, 0x0000, 0x0000, 0x0000, 0x0000, 0x0000, 0x0000, 0x02D0, 0x02D0, 0x02D0, 0x02D0, 0x02D0, 0x0000, 0x0000, 0x0000,   // Linha de pixels
0x0000, 0x0000, 0x0000, 0x0000, 0x0000, 0x0000, 0x0000, 0x0000, 0x0000, 0x0000, 0x0000, 0x0000, 0x0000, 0x0000, 0x0000, 0x0000,   // Linha de pixels
0x0000, 0x0000, 0x0000, 0x0000, 0x0000, 0x0000, 0x0000, 0x0000, 0x0000, 0x0000, 0x0000, 0x0000, 0x0000, 0x0000, 0x0000, 0x0000,   // Linha de pixels
0x0000, 0x0000, 0x0000, 0x0000, 0x0000, 0x0000, 0x0000, 0x0000, 0x0000, 0x0000, 0x0000, 0x0000, 0x0000, 0x0000, 0x0000, 0x0000,   // Linha de pixels
0x0000, 0x0000, 0x0000, 0x0000, 0x0000, 0x0000, 0x0000, 0x0000, 0x0000, 0x0000, 0x0000, 0x0000, 0x0000, 0x0000, 0x0000, 0x0000,   // Linha de pixels
0x0000, 0x0000, 0x02E0, 0x02E0, 0x02E0, 0x02E0, 0x0000, 0x0000, 0x0000, 0x0000, 0x0000, 0x0000, 0x0000, 0x0000, 0x0000, 0x0000,   // Linha de pixels
0x0000, 0x0000, 0x0000, 0x0000, 0x0000, 0x0000, 0x0000, 0x0000, 0x0000, 0x0000, 0x0000, 0x0000, 0x0000, 0x0000, 0x0000, 0x0000,   // Linha de pixels
0x0000, 0x0000, 0x0000, 0x0000, 0x0000, 0x0000, 0x0000, 0x0000, 0x0000, 0x0000, 0x0000, 0x0000, 0x0000, 0x0000, 0x0000, 0x0000,   // Linha de pixels
0x0000, 0x0000, 0x0000, 0x0000, 0x0000, 0x0000, 0x0000, 0x0000, 0x0000, 0x0000, 0x0000, 0x0000, 0x0000, 0x0000, 0x0000, 0x0000,   // Linha de pixels
0x0000, 0x0000, 0x0000, 0x0000, 0x0000, 0x0000, 0x0000, 0x0000, 0x0000, 0x0000, 0x0000, 0x02F0, 0x02F0, 0x02F0, 0x02F0, 0x02F0,   // Linha de pixels
0x0000, 0x0000, 0x0000, 0x0000, 0x0000, 0x0000, 0x0000, 0x0000, 0x0000, 0x0000, 0x0000, 0x0000, 0x0000, 0x0000, 0x0000, 0x0000,   // Linha de pixels
0x0000, 0x0000, 0x0000, 0x0000, 0x0000, 0x0000, 0x0000, 0x0000, 0x0000, 0x0000, 0x0000, 0x0000, 0x0000, 0x0000, 0x0000, 0x0000,   // Linha de pixels
0x0000, 0x0000, 0x0000, 0x0000, 0x0000, 0x0000, 0x0000, 0x0000, 0x0000, 0x0000, 0x0000, 0x0000, 0x0000, 0x0000, 0x0000, 0x0000,   // Linha de pixels
0x0000, 0x0000, 0x0000, 0x0000, 0x0840, 0x0840, 0x0840, 0x0840, 0xAD28, 0xAD28, 0xAD28, 0xAD28, 0xF78B, 0xF78B, 0xF78B, 0xF78B,   // Linha de pixels
0x18E1, 0x18E1, 0x18E1, 0x18E1, 0x18E1, 0xAD63, 0xAD63, 0xAD63, 0xAD63, 0xFFE2, 0xFFE2, 0xFFE2, 0xFFE2, 0xFFE2, 0xFFE2, 0xFFE2,   // Linha de pixels
0xFFE2, 0xFFE2, 0xFFE2, 0xFFE2, 0xFFE2, 0xFFE2, 0xFFE2, 0xFFE2, 0xFFE2, 0xFFE2, 0xFFE2, 0xFFE2, 0xFFE2, 0xFFE2, 0xFFE2, 0x02C0,   // Linha de pixels
0x02C0, 0x02C0, 0x02C0, 0xFFE2, 0xFFE2, 0xFFE2, 0xFFE2, 0xFFE2, 0xFFE2, 0xFFE2, 0xFFE2, 0xFFE2, 0xFFE2, 0xFFE2, 0xFFE2, 0xFFE2,   // Linha de pixels
0xFFE2, 0xFFE2, 0xFFE2, 0xFFE2, 0xFFE2, 0xFFE2, 0xFFE2, 0xFFE2, 0xFFE2, 0x8403, 0x8403, 0x8403, 0x8403, 0x2120, 0x2120, 0x2120,   // Linha de pixels
0x2120, 0xE705, 0xE705, 0xE705, 0xE705, 0xE705, 0xFFE2, 0xFFE2, 0xFFE2, 0xFFE2, 0xFFE2, 0xFFE2, 0xFFE2, 0xFFE2, 0xFFE2, 0xFFE2,   // Linha de pixels
0xFFE2, 0xFFE2, 0xFFE2, 0xFFE2, 0xFFE2, 0xFFE2, 0xFFE2, 0x9484, 0x9484, 0x9484, 0x9484, 0x0000, 0x0000, 0x0000, 0x0000, 0x0000,   // Linha de pixels
0x0000, 0x0000, 0x0000, 0x0000, 0x0000, 0x0000, 0x0000, 0x0000, 0x02D0, 0x02D0, 0x02D0, 0x02D0, 0x02D0, 0x0000, 0x0000, 0x0000,   // Linha de pixels
0x0000, 0x0000, 0x0000, 0x0000, 0x0000, 0x0000, 0x0000, 0x0000, 0x0000, 0x0000, 0x0000, 0x0000, 0x0000, 0x0000, 0x0000, 0x0000,   // Linha de pixels
0x0000, 0x0000, 0x0000, 0x0000, 0x0000, 0x0000, 0x0000, 0x0000, 0x0000, 0x0000, 0x0000, 0x0000, 0x0000, 0x0000, 0x0000, 0x0000,   // Linha de pixels
0x0000, 0x0000, 0x0000, 0x0000, 0x0000, 0x0000, 0x0000, 0x0000, 0x0000, 0x0000, 0x0000, 0x0000, 0x0000, 0x0000, 0x0000, 0x0000,   // Linha de pixels
0x0000, 0x0000, 0x0000, 0x0000, 0x0000, 0x0000, 0x0000, 0x0000, 0x0000, 0x0000, 0x0000, 0x0000, 0x0000, 0x0000, 0x0000, 0x0000,   // Linha de pixels
0x0000, 0x0000, 0x02E0, 0x02E0, 0x02E0, 0x02E0, 0x0000, 0x0000, 0x0000, 0x0000, 0x0000, 0x0000, 0x0000, 0x0000, 0x0000, 0x0000,   // Linha de pixels
0x0000, 0x0000, 0x0000, 0x0000, 0x0000, 0x0000, 0x0000, 0x0000, 0x0000, 0x0000, 0x0000, 0x0000, 0x0000, 0x0000, 0x0000, 0x0000,   // Linha de pixels
0x0000, 0x0000, 0x0000, 0x0000, 0x0000, 0x0000, 0x0000, 0x0000, 0x0000, 0x0000, 0x0000, 0x0000, 0x0000, 0x0000, 0x0000, 0x0000,   // Linha de pixels
0x0000, 0x0000, 0x0000, 0x0000, 0x0000, 0x0000, 0x0000, 0x0000, 0x0000, 0x0000, 0x0000, 0x0000, 0x0000, 0x0000, 0x0000, 0x0000,   // Linha de pixels
0x0000, 0x0000, 0x0000, 0x0000, 0x0000, 0x0000, 0x0000, 0x0000, 0x0000, 0x0000, 0x0000, 0x02F0, 0x02F0, 0x02F0, 0x02F0, 0x02F0,   // Linha de pixels
0x0000, 0x0000, 0x0000, 0x0000, 0x0000, 0x0000, 0x0000, 0x0000, 0x0000, 0x0000, 0x0000, 0x0000, 0x0000, 0x0000, 0x0000, 0x0000,   // Linha de pixels
0x0000, 0x0000, 0x0000, 0x0000, 0x0000, 0x0000, 0x0000, 0x0000, 0x0000, 0x0000, 0x0000, 0x0000, 0x0000, 0x0000, 0x0000, 0x0000,   // Linha de pixels
0x0000, 0x0000, 0x0000, 0x0000, 0x0000, 0x0000, 0x0000, 0x0000, 0x0000, 0x0000, 0x0000, 0x0000, 0x0000, 0x0000, 0x0000, 0x0000,   // Linha de pixels
0x0000, 0x0000, 0x0000, 0x0000, 0x0840, 0x0840, 0x0840, 0x0840, 0xAD28, 0xAD28, 0xAD28, 0xAD28, 0xF78B, 0xF78B, 0xF78B, 0xF78B,   // Linha de pixels
0xF78B, 0xF78B, 0xF78B, 0xF78B, 0xF78B, 0x0300, 0x0300, 0x0300, 0x0300, 0xF78B, 0xF78B, 0xF78B, 0xF78B, 0xF78B, 0xF78B, 0xF78B,   // Linha de pixels
0xF78B, 0xF78B, 0xCE2A, 0xCE2A, 0xCE2A, 0xCE2A, 0x18E1, 0x18E1, 0x18E1, 0x18E1, 0xAD28, 0xAD28, 0xAD28, 0xAD28, 0xAD28, 0xF78B,   // Linha de pixels
0xF78B, 0xF78B, 0xF78B, 0xF78B, 0xF78B, 0xF78B, 0xF78B, 0xF78B, 0xF78B, 0xF78B, 0xF78B, 0xF78B, 0xF78B, 0xF78B, 0xF78B, 0xF78B,   // Linha de pixels
0xF78B, 0xF78B, 0xF78B, 0xF78B, 0xF78B, 0xF78B, 0xF78B, 0xF78B, 0xF78B, 0xF78B, 0xF78B, 0xF78B, 0xF78B, 0xF78B, 0xF78B, 0xF78B,   // Linha de pixels
0xF78B, 0xF78B, 0xF78B, 0xF78B, 0xF78B, 0xF78B, 0xF78B, 0xF78B, 0xF78B, 0xF78B, 0x8C27, 0x8C27, 0x8C27, 0x8C27, 0x0310, 0x0310,   // Linha de pixels
0x0310, 0x0310, 0x0310, 0x2120, 0x2120, 0x2120, 0x2120, 0xE70C, 0xE70C, 0xE70C, 0xE70C, 0xF78B, 0xF78B, 0xF78B, 0xF78B, 0xF78B,   // Linha de pixels
0xF78B, 0xF78B, 0xF78B, 0xF78B, 0xF78B, 0xF78B, 0xF78B, 0xF78B, 0xF78B, 0xF78B, 0xF78B, 0xF78B, 0xF78B, 0x8C27, 0x8C27, 0x8C27,   // Linha de pixels
0x8C27, 0x0000, 0x0000, 0x0000, 0x0000, 0x0000, 0x0000, 0x0000, 0x0000, 0x0000, 0x0000, 0x0000, 0x0000, 0x0000, 0x0000, 0x0000,   // Linha de pixels
0x0000, 0x0000, 0x0000, 0x0000, 0x0000, 0x0000, 0x0000, 0x0000, 0x0000, 0x0000, 0x0000, 0x0000, 0x0000, 0x0000, 0x0000, 0x0000,   // Linha de pixels
0x0000, 0x0000, 0x0000, 0x0000, 0x0000, 0x0000, 0x0000, 0x0000, 0x0320, 0x0320, 0x0320, 0x0320, 0x0000, 0x0000, 0x0000, 0x0000,   // Linha de pixels
0x0000, 0x0000, 0x0000, 0x0000, 0x0000, 0x0000, 0x0000, 0x0000, 0x0000, 0x0000, 0x0000, 0x0000, 0x0000, 0x0000, 0x0000, 0x0000,   // Linha de pixels
0x0000, 0x0000, 0x0000, 0x0000, 0x0000, 0x0000, 0x0000, 0x0000, 0x0000, 0x0000, 0x0000, 0x0000, 0x0000, 0x0000, 0x0000, 0x0000,   // Linha de pixels
0x0000, 0x0000, 0x0000, 0x0000, 0x0000, 0x0000, 0x0000, 0x0000, 0x0000, 0x0000, 0x0000, 0x0000, 0x0000, 0x0000, 0x0000, 0x0000,   // Linha de pixels
0x0000, 0x0000, 0x0000, 0x0000, 0x0000, 0x0000, 0x0000, 0x0000, 0x0000, 0x0000, 0x0000, 0x0000, 0x0000, 0x0000, 0x0000, 0x0000,   // Linha de pixels
0x0000, 0x0330, 0x0330, 0x0330, 0x0330, 0x0330, 0x0000, 0x0000, 0x0000, 0x0000, 0x0000, 0x0000, 0x0000, 0x0000, 0x0000, 0x0000,   // Linha de pixels
0x0000, 0x0000, 0x0000, 0x0000, 0x0000, 0x0000, 0x0000, 0x0000, 0x0000, 0x0000, 0x0000, 0x0000, 0x0000, 0x0000, 0x0000, 0x0000,   // Linha de pixels
0x0000, 0x0000, 0x0000, 0x0000, 0x0000, 0x0000, 0x0000, 0x0000, 0x0000, 0x0000, 0x0000, 0x0000, 0x0000, 0x0000, 0x0000, 0x0000,   // Linha de pixels
0x0000, 0x0000, 0x0000, 0x0000, 0x0000, 0x0000, 0x0000, 0x0000, 0x0000, 0x0000, 0x0000, 0x0000, 0x0000, 0x0000, 0x0000, 0x0000,   // Linha de pixels
0x0000, 0x0000, 0x0000, 0x0000, 0x0000, 0x0000, 0x0000, 0x0000, 0x0000, 0x0000, 0x0000, 0x0340, 0x0340, 0x0340, 0x0340, 0x0000,   // Linha de pixels
0x0000, 0x0000, 0x0000, 0x0000, 0x0000, 0x0000, 0x0000, 0x0000, 0x0000, 0x0000, 0x0000, 0x0000, 0x0000, 0x0000, 0x0000, 0x0000,   // Linha de pixels
0xF78B, 0xF78B, 0xF78B, 0xF78B, 0xF78B, 0x0300, 0x0300, 0x0300, 0x0300, 0xF78B, 0xF78B, 0xF78B, 0xF78B, 0xF78B, 0xF78B, 0xF78B,   // Linha de pixels
0xF78B, 0xF78B, 0xCE2A, 0xCE2A, 0xCE2A, 0xCE2A, 0x18E1, 0x18E1, 0x18E1, 0x18E1, 0xAD28, 0xAD28, 0xAD28, 0xAD28, 0xAD28, 0xF78B,   // Linha de pixels
0xF78B, 0xF78B, 0xF78B, 0xF78B, 0xF78B, 0xF78B, 0xF78B, 0xF78B, 0xF78B, 0xF78B, 0xF78B, 0xF78B, 0xF78B, 0xF78B, 0xF78B, 0xF78B,   // Linha de pixels
0xF78B, 0xF78B, 0xF78B, 0xF78B, 0xF78B, 0xF78B, 0xF78B, 0xF78B, 0xF78B, 0xF78B, 0xF78B, 0xF78B, 0xF78B, 0xF78B, 0xF78B, 0xF78B,   // Linha de pixels
0xF78B, 0xF78B, 0xF78B, 0xF78B, 0xF78B, 0xF78B, 0xF78B, 0xF78B, 0xF78B, 0xF78B, 0x8C27, 0x8C27, 0x8C27, 0x8C27, 0x0310, 0x0310,   // Linha de pixels
0x0310, 0x0310, 0x0310, 0x2120, 0x2120, 0x2120, 0x2120, 0xE70C, 0xE70C, 0xE70C, 0xE70C, 0xF78B, 0xF78B, 0xF78B, 0xF78B, 0xF78B,   // Linha de pixels
0xF78B, 0xF78B, 0xF78B, 0xF78B, 0xF78B, 0xF78B, 0xF78B, 0xF78B, 0xF78B, 0xF78B, 0xF78B, 0xF78B, 0xF78B, 0x8C27, 0x8C27, 0x8C27,   // Linha de pixels
0x8C27, 0x0000, 0x0000, 0x0000, 0x0000, 0x0000, 0x0000, 0x0000, 0x0000, 0x0000, 0x0000, 0x0000, 0x0000, 0x0000, 0x0000, 0x0000,   // Linha de pixels
0x0000, 0x0000, 0x0000, 0x0000, 0x0000, 0x0000, 0x0000, 0x0000, 0x0000, 0x0000, 0x0000, 0x0000, 0x0000, 0x0000, 0x0000, 0x0000,   // Linha de pixels
0x0000, 0x0000, 0x0000, 0x0000, 0x0000, 0x0000, 0x0000, 0x0000, 0x0320, 0x0320, 0x0320, 0x0320, 0x0000, 0x0000, 0x0000, 0x0000,   // Linha de pixels
0x0000, 0x0000, 0x0000, 0x0000, 0x0000, 0x0000, 0x0000, 0x0000, 0x0000, 0x0000, 0x0000, 0x0000, 0x0000, 0x0000, 0x0000, 0x0000,   // Linha de pixels
0x0000, 0x0000, 0x0000, 0x0000, 0x0000, 0x0000, 0x0000, 0x0000, 0x0000, 0x0000, 0x0000, 0x0000, 0x0000, 0x0000, 0x0000, 0x0000,   // Linha de pixels
0x0000, 0x0000, 0x0000, 0x0000, 0x0000, 0x0000, 0x0000, 0x0000, 0x0000, 0x0000, 0x0000, 0x0000, 0x0000, 0x0000, 0x0000, 0x0000,   // Linha de pixels
0x0000, 0x0000, 0x0000, 0x0000, 0x0000, 0x0000, 0x0000, 0x0000, 0x0000, 0x0000, 0x0000, 0x0000, 0x0000, 0x0000, 0x0000, 0x0000,   // Linha de pixels
0x0000, 0x0330, 0x0330, 0x0330, 0x0330, 0x0330, 0x0000, 0x0000, 0x0000, 0x0000, 0x0000, 0x0000, 0x0000, 0x0000, 0x0000, 0x0000,   // Linha de pixels
0x0000, 0x0000, 0x0000, 0x0000, 0x0000, 0x0000, 0x0000, 0x0000, 0x0000, 0x0000, 0x0000, 0x0000, 0x0000, 0x0000, 0x0000, 0x0000,   // Linha de pixels
0x0000, 0x0000, 0x0000, 0x0000, 0x0000, 0x0000, 0x0000, 0x0000, 0x0000, 0x0000, 0x0000, 0x0000, 0x0000, 0x0000, 0x0000, 0x0000,   // Linha de pixels
0x0000, 0x0000, 0x0000, 0x0000, 0x0000, 0x0000, 0x0000, 0x0000, 0x0000, 0x0000, 0x0000, 0x0000, 0x0000, 0x0000, 0x0000, 0x0000,   // Linha de pixels
0x0000, 0x0000, 0x0000, 0x0000, 0x0000, 0x0000, 0x0000, 0x0000, 0x0000, 0x0000, 0x0000, 0x0340, 0x0340, 0x0340, 0x0340, 0x0000,   // Linha de pixels
0x0000, 0x0000, 0x0000, 0x0000, 0x0000, 0x0000, 0x0000, 0x0000, 0x0000, 0x0000, 0x0000, 0x0000, 0x0000, 0x0000, 0x0000, 0x0000,   // Linha de pixels
0x0000, 0x0000, 0x0000, 0x0000, 0x0000, 0x0000, 0x0000, 0x0000, 0x0000, 0x0020, 0x0020, 0x0020, 0x0020, 0x4182, 0x4182, 0x4182,   // Linha de pixels
0x4182, 0x4182, 0x6A24, 0x6A24, 0x6A24, 0x6A24, 0x6A24, 0x6A24, 0x6A24, 0x6A24, 0x6A24, 0x6A24, 0x6A24, 0x6A24, 0x6A24, 0x6A24,   // Linha de pixels
0x6A24, 0x6A24, 0x6A24, 0x51C2, 0x51C2, 0x51C2, 0x51C2, 0x0861, 0x0861, 0x0861, 0x0861, 0x0861, 0x4182, 0x4182, 0x4182, 0x4182,   // Linha de pixels
0x6A24, 0x6A24, 0x6A24, 0x6A24, 0x0350, 0x0350, 0x0350, 0x0350, 0x0350, 0x6A24, 0x6A24, 0x6A24, 0x6A24, 0x6A24, 0x6A24, 0x6A24,   // Linha de pixels
0x6A24, 0x6A24, 0x6A24, 0x6A24, 0x6A24, 0x6A24, 0x6A24, 0x6A24, 0x6A24, 0x6A24, 0x6A24, 0x6A24, 0x6A24, 0x6A24, 0x6A24, 0x6A24,   // Linha de pixels
0x6A24, 0x6A24, 0x6A24, 0x6A24, 0x6A24, 0x6A24, 0x6A24, 0x6A24, 0x6A24, 0x6A24, 0x6A24, 0x6A24, 0x6A24, 0x6A24, 0x6A24, 0x6A24,   // Linha de pixels
0x3922, 0x3922, 0x3922, 0x3922, 0x0861, 0x0861, 0x0861, 0x0861, 0x6A24, 0x6A24, 0x6A24, 0x6A24, 0x6A24, 0x6A24, 0x6A24, 0x6A24,   // Linha de pixels
0x6A24, 0x6A24, 0x6A24, 0x6A24, 0x6A24, 0x6A24, 0x6A24, 0x6A24, 0x6A24, 0x6A24, 0x6A24, 0x6A24, 0x6A24, 0x6A24, 0x0360, 0x0360,   // Linha de pixels
0x0360, 0x0360, 0x3922, 0x3922, 0x3922, 0x3922, 0x3922, 0x0000, 0x0000, 0x0000, 0x0000, 0x0000, 0x0000, 0x0000, 0x0000, 0x0000,   // Linha de pixels
0x0000, 0x0000, 0x0000, 0x0000, 0x0000, 0x0000, 0x0000, 0x0000, 0x0000, 0x0000, 0x0000, 0x0000, 0x0000, 0x0000, 0x0000, 0x0000,   // Linha de pixels
0x0000, 0x0000, 0x0000, 0x0000, 0x0000, 0x0000, 0x0000, 0x0000, 0x0000, 0x0000, 0x0000, 0x0000, 0x0000, 0x0000, 0x0000, 0x0000,   // Linha de pixels
0x0000, 0x0000, 0x0000, 0x0000, 0x0000, 0x0000, 0x0000, 0x0000, 0x0000, 0x0000, 0x0000, 0x0000, 0x0000, 0x0000, 0x0000, 0x0000,   // Linha de pixels
0x0000, 0x0000, 0x0000, 0x0000, 0x0000, 0x0000, 0x0000, 0x0370, 0x0370, 0x0370, 0x0370, 0x0370, 0x0000, 0x0000, 0x0000, 0x0000,   // Linha de pixels
0x0000, 0x0000, 0x0000, 0x0000, 0x0000, 0x0000, 0x0000, 0x0000, 0x0000, 0x0000, 0x0000, 0x0000, 0x0000, 0x0000, 0x0000, 0x0000,   // Linha de pixels
0x0000, 0x0000, 0x0000, 0x0000, 0x0000, 0x0000, 0x0000, 0x0000, 0x0000, 0x0000, 0x0000, 0x0000, 0x0000, 0x0000, 0x0000, 0x0000,   // Linha de pixels
0x0000, 0x0000, 0x0000, 0x0000, 0x0000, 0x0000, 0x0000, 0x0000, 0x0000, 0x0000, 0x0000, 0x0000, 0x0000, 0x0000, 0x0000, 0x0000,   // Linha de pixels
0x0000, 0x0000, 0x0000, 0x0000, 0x0000, 0x0000, 0x0000, 0x0000, 0x0000, 0x0000, 0x0000, 0x0000, 0x0000, 0x0000, 0x0000, 0x0000,   // Linha de pixels
0x0000, 0x0380, 0x0380, 0x0380, 0x0380, 0x0000, 0x0000, 0x0000, 0x0000, 0x0000, 0x0000, 0x0000, 0x0000, 0x0000, 0x0000, 0x0000,   // Linha de pixels
0x0000, 0x0000, 0x0000, 0x0000, 0x0000, 0x0000, 0x0000, 0x0000, 0x0000, 0x0000, 0x0000, 0x0000, 0x0000, 0x0000, 0x0000, 0x0000,   // Linha de pixels
0x0000, 0x0000, 0x0000, 0x0000, 0x0000, 0x0000, 0x0000, 0x0000, 0x0000, 0x0000, 0x0000, 0x0000, 0x0000, 0x0000, 0x0000, 0x0000,   // Linha de pixels
0x0000, 0x0000, 0x0000, 0x0000, 0x0000, 0x0000, 0x0000, 0x0000, 0x0000, 0x0020, 0x0020, 0x0020, 0x0020, 0x4182, 0x4182, 0x4182,   // Linha de pixels
0x4182, 0x4182, 0x6A24, 0x6A24, 0x6A24, 0x6A24, 0x6A24, 0x6A24, 0x6A24, 0x6A24, 0x6A24, 0x6A24, 0x6A24, 0x6A24, 0x6A24, 0x6A24,   // Linha de pixels
0x6A24, 0x6A24, 0x6A24, 0x51C2, 0x51C2, 0x51C2, 0x51C2, 0x0861, 0x0861, 0x0861, 0x0861, 0x0861, 0x4182, 0x4182, 0x4182, 0x4182,   // Linha de pixels
0x6A24, 0x6A24, 0x6A24, 0x6A24, 0x0350, 0x0350, 0x0350, 0x0350, 0x0350, 0x6A24, 0x6A24, 0x6A24, 0x6A24, 0x6A24, 0x6A24, 0x6A24,   // Linha de pixels
0x6A24, 0x6A24, 0x6A24, 0x6A24, 0x6A24, 0x6A24, 0x6A24, 0x6A24, 0x6A24, 0x6A24, 0x6A24, 0x6A24, 0x6A24, 0x6A24, 0x6A24, 0x6A24,   // Linha de pixels
0x6A24, 0x6A24, 0x6A24, 0x6A24, 0x6A24, 0x6A24, 0x6A24, 0x6A24, 0x6A24, 0x6A24, 0x6A24, 0x6A24, 0x6A24, 0x6A24, 0x6A24, 0x6A24,   // Linha de pixels
0x3922, 0x3922, 0x3922, 0x3922, 0x0861, 0x0861, 0x0861, 0x0861, 0x6A24, 0x6A24, 0x6A24, 0x6A24, 0x6A24, 0x6A24, 0x6A24, 0x6A24,   // Linha de pixels
0x6A24, 0x6A24, 0x6A24, 0x6A24, 0x6A24, 0x6A24, 0x6A24, 0x6A24, 0x6A24, 0x6A24, 0x6A24, 0x6A24, 0x6A24, 0x6A24, 0x0360, 0x0360,   // Linha de pixels
0x0360, 0x0360, 0x3922, 0x3922, 0x3922, 0x3922, 0x3922, 0x0000, 0x0000, 0x0000, 0x0000, 0x0000, 0x0000, 0x0000, 0x0000, 0x0000,   // Linha de pixels
0x0000, 0x0000, 0x0000, 0x0000, 0x0000, 0x0000, 0x0000, 0x0000, 0x0000, 0x0000, 0x0000, 0x0000, 0x0000, 0x0000, 0x0000, 0x0000,   // Linha de pixels
0x0000, 0x0000, 0x0000, 0x0000, 0x0000, 0x0000, 0x0000, 0x0000, 0x0000, 0x0000, 0x0000, 0x0000, 0x0000, 0x0000, 0x0000, 0x0000,   // Linha de pixels
0x0000, 0x0000, 0x0000, 0x0000, 0x0000, 0x0000, 0x0000, 0x0000, 0x0000, 0x0000, 0x0000, 0x0000, 0x0000, 0x0000, 0x0000, 0x0000,   // Linha de pixels
0x0000, 0x0000, 0x0000, 0x0000, 0x0000, 0x0000, 0x0000, 0x0370, 0x0370, 0x0370, 0x0370, 0x0370, 0x0000, 0x0000, 0x0000, 0x0000,   // Linha de pixels
0x0000, 0x0000, 0x0000, 0x0000, 0x0000, 0x0000, 0x0000, 0x0000, 0x0000, 0x0000, 0x0000, 0x0000, 0x0000, 0x0000, 0x0000, 0x0000,   // Linha de pixels
0x0000, 0x0000, 0x0000, 0x0000, 0x0000, 0x0000, 0x0000, 0x0000, 0x0000, 0x0000, 0x0000, 0x0000, 0x0000, 0x0000, 0x0000, 0x0000,   // Linha de pixels
0x0000, 0x0000, 0x0000, 0x0000, 0x0000, 0x0000, 0x0000, 0x0000, 0x0000, 0x0000, 0x0000, 0x0000, 0x0000, 0x0000, 0x0000, 0x0000,   // Linha de pixels
0x0000, 0x0000, 0x0000, 0x0000, 0x0000, 0x0000, 0x0000, 0x0000, 0x0000, 0x0000, 0x0000, 0x0000, 0x0000, 0x0000, 0x0000, 0x0000,   // Linha de pixels
0x0000, 0x0380, 0x0380, 0x0380, 0x0380, 0x0000, 0x0000, 0x0000, 0x0000, 0x0000, 0x0000, 0x0000, 0x0000, 0x0000, 0x0000, 0x0000,   // Linha de pixels
0x0000, 0x0000, 0x0000, 0x0000, 0x0000, 0x0000, 0x0000, 0x0000, 0x0000, 0x0000, 0x0000, 0x0000, 0x0000, 0x0000, 0x0000, 0x0000,   // Linha de pixels
0x0000, 0x0000, 0x0000, 0x0000, 0x0000, 0x0000, 0x0000, 0x0000, 0x0000, 0x0000, 0x0000, 0x0000, 0x0000, 0x0000, 0x0000, 0x0000,   // Linha de pixels
0x0000, 0x0000, 0x0000, 0x0000, 0x0000, 0x0000, 0x0000, 0x0000, 0x0000, 0x0000, 0x0000, 0x0000, 0x0000, 0x0000, 0x0000, 0x0000,   // Linha de pixels
0x0000, 0x0000, 0x0000, 0x0000, 0x0000, 0x0000, 0x0000, 0x0000, 0x0000, 0x0000, 0x0390, 0x0390, 0x0390, 0x0390, 0x0390, 0x0000,   // Linha de pixels
0x0000, 0x0000, 0x0000, 0x68A1, 0x68A1, 0x68A1, 0x68A1, 0xA0E0, 0xA0E0, 0xA0E0, 0xA0E0, 0xA0E0, 0xA0C0, 0xA0C0, 0xA0C0, 0xA0C0,   // Linha de pixels
0xA0C0, 0xA0C0, 0xA0C0, 0xA0C0, 0xA0E0, 0xA0E0, 0xA0E0, 0xA0E0, 0xA0E0, 0x8081, 0x8081, 0x8081, 0x8081, 0x1820, 0x1820, 0x1820,   // Linha de pixels
0x1820, 0x68A1, 0x68A1, 0x68A1, 0x68A1, 0x68A1, 0xA0E0, 0xA0E0, 0xA0E0, 0xA0E0, 0xA0C0, 0xA0C0, 0xA0C0, 0xA0C0, 0xA0C0, 0xA0C0,   // Linha de pixels
0xA0C0, 0xA0C0, 0xA0C0, 0xA0C0, 0xA0C0, 0xA0C0, 0xA0C0, 0xA0C0, 0xA0C0, 0xA0C0, 0xA0C0, 0xA0C0, 0xA0C0, 0xA0C0, 0xA0C0, 0xA0C0,   // Linha de pixels
0xA0C0, 0xA0C0, 0xA0C0, 0xA0C0, 0x03A0, 0x03A0, 0x03A0, 0x03A0, 0xA0C0, 0xA0C0, 0xA0C0, 0xA0C0, 0xA0C0, 0xA0C0, 0xA0C0, 0xA0C0,   // Linha de pixels
0xA0C0, 0xA0E0, 0xA0E0, 0xA0E0, 0xA0E0, 0x5060, 0x5060, 0x5060, 0x5060, 0x5060, 0x1820, 0x1820, 0x1820, 0x1820, 0x90C1, 0x90C1,   // Linha de pixels
0x90C1, 0x90C1, 0xA0C0, 0xA0C0, 0xA0C0, 0xA0C0, 0xA0C0, 0xA0C0, 0xA0C0, 0xA0C0, 0xA0C0, 0xA0C0, 0xA0C0, 0xA0C0, 0xA0C0, 0xA0E0,   // Linha de pixels
0xA0E0, 0xA0E0, 0xA0E0, 0xA0E0, 0x5060, 0x5060, 0x5060, 0x5060, 0x0000, 0x0000, 0x0000, 0x0000, 0x0000, 0x0000, 0x0000, 0x0000,   // Linha de pixels
0x0000, 0x0000, 0x0000, 0x0000, 0x0000, 0x0000, 0x0000, 0x0000, 0x0000, 0x0000, 0x0000, 0x0000, 0x0000, 0x03B0, 0x03B0, 0x03B0,   // Linha de pixels
0x03B0, 0x03B0, 0x0000, 0x0000, 0x0000, 0x0000, 0x0000, 0x0000, 0x0000, 0x0000, 0x0000, 0x0000, 0x0000, 0x0000, 0x0000, 0x0000,   // Linha de pixels
0x0000, 0x0000, 0x0000, 0x0000, 0x0000, 0x0000, 0x0000, 0x0000, 0x0000, 0x0000, 0x0000, 0x0000, 0x0000, 0x0000, 0x0000, 0x0000,   // Linha de pixels
0x0000, 0x0000, 0x0000, 0x0000, 0x0000, 0x0000, 0x0000, 0x0000, 0x0000, 0x0000, 0x0000, 0x0000, 0x0000, 0x0000, 0x0000, 0x0000,   // Linha de pixels
0x0000, 0x0000, 0x0000, 0x0000, 0x0000, 0x0000, 0x0000, 0x0000, 0x0000, 0x0000, 0x0000, 0x0000, 0x0000, 0x0000, 0x0000, 0x0000,   // Linha de pixels
0x0000, 0x0000, 0x0000, 0x0000, 0x0000, 0x0000, 0x0000, 0x03C0, 0x03C0, 0x03C0, 0x03C0, 0x0000, 0x0000, 0x0000, 0x0000, 0x0000,   // Linha de pixels
0x0000, 0x0000, 0x0000, 0x0000, 0x0000, 0x0000, 0x0000, 0x0000, 0x0000, 0x0000, 0x0000, 0x0000, 0x0000, 0x0000, 0x0000, 0x0000,   // Linha de pixels
0x0000, 0x0000, 0x0000, 0x0000, 0x0000, 0x0000, 0x0000, 0x0000, 0x0000, 0x0000, 0x0000, 0x0000, 0x0000, 0x0000, 0x0000, 0x0000,   // Linha de pixels
0x0000, 0x0000, 0x0000, 0x0000, 0x0000, 0x0000, 0x0000, 0x0000, 0x0000, 0x0000, 0x0000, 0x0000, 0x0000, 0x0000, 0x0000, 0x0000,   // Linha de pixels
0x0000, 0x0000, 0x0000, 0x0000, 0x0000, 0x0000, 0x0000, 0x0000, 0x0000, 0x0000, 0x0000, 0x0000, 0x0000, 0x0000, 0x0000, 0x0000,   // Linha de pixels
0x0000, 0x0000, 0x0000, 0x0000, 0x0000, 0x0000, 0x0000, 0x0000, 0x0000, 0x0000, 0x0000, 0x0000, 0x0000, 0x0000, 0x0000, 0x0000,   // Linha de pixels
0x0000, 0x0000, 0x0000, 0x0000, 0x0000, 0x0000, 0x0000, 0x0000, 0x0000, 0x0000, 0x0390, 0x0390, 0x0390, 0x0390, 0x0390, 0x0000,   // Linha de pixels
0x0000, 0x0000, 0x0000, 0x68A1, 0x68A1, 0x68A1, 0x68A1, 0xA0E0, 0xA0E0, 0xA0E0, 0xA0E0, 0xA0E0, 0xA0C0, 0xA0C0, 0xA0C0, 0xA0C0,   // Linha de pixels
0xA0C0, 0xA0C0, 0xA0C0, 0xA0C0, 0xA0E0, 0xA0E0, 0xA0E0, 0xA0E0, 0xA0E0, 0x8081, 0x8081, 0x8081, 0x8081, 0x1820, 0x1820, 0x1820,   // Linha de pixels
0x1820, 0x68A1, 0x68A1, 0x68A1, 0x68A1, 0x68A1, 0xA0E0, 0xA0E0, 0xA0E0, 0xA0E0, 0xA0C0, 0xA0C0, 0xA0C0, 0xA0C0, 0xA0C0, 0xA0C0,   // Linha de pixels
0xA0C0, 0xA0C0, 0xA0C0, 0xA0C0, 0xA0C0, 0xA0C0, 0xA0C0, 0xA0C0, 0xA0C0, 0xA0C0, 0xA0C0, 0xA0C0, 0xA0C0, 0xA0C0, 0xA0C0, 0xA0C0,   // Linha de pixels
0xA0C0, 0xA0C0, 0xA0C0, 0xA0C0, 0x03A0, 0x03A0, 0x03A0, 0x03A0, 0xA0C0, 0xA0C0, 0xA0C0, 0xA0C0, 0xA0C0, 0xA0C0, 0xA0C0, 0xA0C0,   // Linha de pixels
0xA0C0, 0xA0E0, 0xA0E0, 0xA0E0, 0xA0E0, 0x5060, 0x5060, 0x5060, 0x5060, 0x5060, 0x1820, 0x1820, 0x1820, 0x1820, 0x90C1, 0x90C1,   // Linha de pixels
0x90C1, 0x90C1, 0xA0C0, 0xA0C0, 0xA0C0, 0xA0C0, 0xA0C0, 0xA0C0, 0xA0C0, 0xA0C0, 0xA0C0, 0xA0C0, 0xA0C0, 0xA0C0, 0xA0C0, 0xA0E0,   // Linha de pixels
0xA0E0, 0xA0E0, 0xA0E0, 0xA0E0, 0x5060, 0x5060, 0x5060, 0x5060, 0x0000, 0x0000, 0x0000, 0x0000, 0x0000, 0x0000, 0x0000, 0x0000,   // Linha de pixels
0x0000, 0x0000, 0x0000, 0x0000, 0x0000, 0x0000, 0x0000, 0x0000, 0x0000, 0x0000, 0x0000, 0x0000, 0x0000, 0x03B0, 0x03B0, 0x03B0,   // Linha de pixels
0x03B0, 0x03B0, 0x0000, 0x0000, 0x0000, 0x0000, 0x0000, 0x0000, 0x0000, 0x0000, 0x0000, 0x0000, 0x0000, 0x0000, 0x0000, 0x0000,   // Linha de pixels
0x0000, 0x0000, 0x0000, 0x0000, 0x0000, 0x0000, 0x0000, 0x0000, 0x0000, 0x0000, 0x0000, 0x0000, 0x0000, 0x0000, 0x0000, 0x0000,   // Linha de pixels
0x0000, 0x0000, 0x0000, 0x0000, 0x0000, 0x0000, 0x0000, 0x0000, 0x0000, 0x0000, 0x0000, 0x0000, 0x0000, 0x0000, 0x0000, 0x0000,   // Linha de pixels
0x0000, 0x0000, 0x0000, 0x0000, 0x0000, 0x0000, 0x0000, 0x0000, 0x0000, 0x0000, 0x0000, 0x0000, 0x0000, 0x0000, 0x0000, 0x0000,   // Linha de pixels
0x0000, 0x0000, 0x0000, 0x0000, 0x0000, 0x0000, 0x0000, 0x03C0, 0x03C0, 0x03C0, 0x03C0, 0x0000, 0x0000, 0x0000, 0x0000, 0x0000,   // Linha de pixels
0x0000, 0x0000, 0x0000, 0x0000, 0x0000, 0x0000, 0x0000, 0x0000, 0x0000, 0x0000, 0x0000, 0x0000, 0x0000, 0x0000, 0x0000, 0x0000,   // Linha de pixels
0x0000, 0x0000, 0x0000, 0x0000, 0x0000, 0x0000, 0x0000, 0x0000, 0x0000, 0x0000, 0x0000, 0x0000, 0x0000, 0x0000, 0x0000, 0x0000,   // Linha de pixels
0x0000, 0x0000, 0x0000, 0x0000, 0x0000, 0x0000, 0x0000, 0x0000, 0x0000, 0x0000, 0x0000, 0x0000, 0x0000, 0x0000, 0x0000, 0x0000,   // Linha de pixels
0x0000, 0x0000, 0x0000, 0x0000, 0x0000, 0x0000, 0x0000, 0x0000, 0x0000, 0x0000, 0x0000, 0x0000, 0x0000, 0x0000, 0x0000, 0x0000,   // Linha de pixels
0x0000, 0x0000, 0x0000, 0x0000, 0x0000, 0x0000, 0x0000, 0x0000, 0x0000, 0x0000, 0x0000, 0x0000, 0x0000, 0x0000, 0x0000, 0x0000,   // Linha de pixels
0x0000, 0x0000, 0x0000, 0x0000, 0x0000, 0x0000, 0x0000, 0x0000, 0x0000, 0x0000, 0x0390, 0x0390, 0x0390, 0x0390, 0x0390, 0x0000,   // Linha de pixels
0x0000, 0x0000, 0x0000, 0x68A1, 0x68A1, 0x68A1, 0x68A1, 0xA0E0, 0xA0E0, 0xA0E0, 0xA0E0, 0xA0E0, 0xA0C0, 0xA0C0, 0xA0C0, 0xA0C0,   // Linha de pixels
0xA0C0, 0xA0C0, 0xA0C0, 0xA0C0, 0xA0E0, 0xA0E0, 0xA0E0, 0xA0E0, 0xA0E0, 0x8081, 0x8081, 0x8081, 0x8081, 0x1820, 0x1820, 0x1820,   // Linha de pixels
0x1820, 0x68A1, 0x68A1, 0x68A1, 0x68A1, 0x68A1, 0xA0E0, 0xA0E0, 0xA0E0, 0xA0E0, 0xA0C0, 0xA0C0, 0xA0C0, 0xA0C0, 0xA0C0, 0xA0C0,   // Linha de pixels
0xA0C0, 0xA0C0, 0xA0C0, 0xA0C0, 0xA0C0, 0xA0C0, 0xA0C0, 0xA0C0, 0xA0C0, 0xA0C0, 0xA0C0, 0xA0C0, 0xA0C0, 0xA0C0, 0xA0C0, 0xA0C0,   // Linha de pixels
0xA0C0, 0xA0C0, 0xA0C0, 0xA0C0, 0x03A0, 0x03A0, 0x03A0, 0x03A0, 0xA0C0, 0xA0C0, 0xA0C0, 0xA0C0, 0xA0C0, 0xA0C0, 0xA0C0, 0xA0C0,   // Linha de pixels
0xA0C0, 0xA0E0, 0xA0E0, 0xA0E0, 0xA0E0, 0x5060, 0x5060, 0x5060, 0x5060, 0x5060, 0x1820, 0x1820, 0x1820, 0x1820, 0x90C1, 0x90C1,   // Linha de pixels
0x90C1, 0x90C1, 0xA0C0, 0xA0C0, 0xA0C0, 0xA0C0, 0xA0C0, 0xA0C0, 0xA0C0, 0xA0C0, 0xA0C0, 0xA0C0, 0xA0C0, 0xA0C0, 0xA0C0, 0xA0E0,   // Linha de pixels
0xA0E0, 0xA0E0, 0xA0E0, 0xA0E0, 0x5060, 0x5060, 0x5060, 0x5060, 0x0000, 0x0000, 0x0000, 0x0000, 0x0000, 0x0000, 0x0000, 0x0000,   // Linha de pixels
0x0000, 0x0000, 0x0000, 0x0000, 0x0000, 0x0000, 0x0000, 0x0000, 0x0000, 0x0000, 0x0000, 0x0000, 0x0000, 0x03B0, 0x03B0, 0x03B0,   // Linha de pixels
0x03B0, 0x03B0, 0x0000, 0x0000, 0x0000, 0x0000, 0x0000, 0x0000, 0x0000, 0x0000, 0x0000, 0x0000, 0x0000, 0x0000, 0x0000, 0x0000,   // Linha de pixels
0x0000, 0x0000, 0x0000, 0x0000, 0x0000, 0x0000, 0x0000, 0x0000, 0x0000, 0x0000, 0x0000, 0x0000, 0x0000, 0x0000, 0x0000, 0x0000,   // Linha de pixels
0x0000, 0x0000, 0x0000, 0x0000, 0x0000, 0x0000, 0x0000, 0x0000, 0x0000, 0x0000, 0x0000, 0x0000, 0x0000, 0x0000, 0x0000, 0x0000,   // Linha de pixels
0x0000, 0x0000, 0x0000, 0x0000, 0x0000, 0x0000, 0x0000, 0x0000, 0x0000, 0x0000, 0x0000, 0x0000, 0x0000, 0x0000, 0x0000, 0x0000,   // Linha de pixels
0x0000, 0x0000, 0x0000, 0x0000, 0x0000, 0x0000, 0x0000, 0x03C0, 0x03C0, 0x03C0, 0x03C0, 0x0000, 0x0000, 0x0000, 0x0000, 0x0000,   // Linha de pixels
0x0000, 0x0000, 0x0000, 0x0000, 0x0000, 0x0000, 0x0000, 0x0000, 0x0000, 0x0000, 0x0000, 0x0000, 0x0000, 0x0000, 0x0000, 0x0000,   // Linha de pixels
0x0000, 0x0000, 0x0000, 0x0000, 0x0000, 0x0000, 0x0000, 0x0000, 0x0000, 0x0000, 0x0000, 0x0000, 0x0000, 0x0000, 0x0000, 0x0000,   // Linha de pixels
0x0000, 0x0000, 0x0000, 0x0000, 0x0000, 0x0000, 0x0000, 0x0000, 0x0000, 0x0000, 0x0000, 0x0000, 0x0000, 0x0000, 0x0000, 0x0000,   // Linha de pixels
0x0000, 0x0000, 0x0000, 0x0000, 0x0000, 0x0000, 0x0000, 0x0000, 0x0000, 0x0000, 0x0000, 0x0000, 0x0000, 0x0000, 0x0000, 0x0000,   // Linha de pixels
0x03D0, 0x03D0, 0x03D0, 0x03D0, 0x03D0, 0x0000, 0x0000, 0x0000, 0x0000, 0x0000, 0x0000, 0x0000, 0x0000, 0x0000, 0x0000, 0x0000,   // Linha de pixels
0x0000, 0x0000, 0x0000, 0x0000, 0x0000, 0x0000, 0x0000, 0x0000, 0x0000, 0x0000, 0x0000, 0x0000, 0x0000, 0x0000, 0x0000, 0x0000,   // Linha de pixels
0x0000, 0x0000, 0x0000, 0x0000, 0x0000, 0x0000, 0x0000, 0x0000, 0x0000, 0x0000, 0x0000, 0x0000, 0x0000, 0x0000, 0x0000, 0x0000,   // Linha de pixels
0x0000, 0x0000, 0x0000, 0x0000, 0xA2C1, 0xA2C1, 0xA2C1, 0xA2C1, 0xA2C1, 0xF3C2, 0xF3C2, 0xF3C2, 0xF3C2, 0xF3C2, 0xF3C2, 0xF3C2,   // Linha de pixels
0xF3C2, 0xF3C2, 0xF3C2, 0xF3C2, 0xF3C2, 0xF3C2, 0xF3C2, 0xF3C2, 0xF3C2, 0xF3C2, 0x03E0, 0x03E0, 0x03E0, 0x03E0, 0xAB42, 0xAB42,   // Linha de pixels
0xAB42, 0xAB42, 0xAB42, 0x1820, 0x1820, 0x1820, 0x1820, 0xA2C1, 0xA2C1, 0xA2C1, 0xA2C1, 0xF3C2, 0xF3C2, 0xF3C2, 0xF3C2, 0xF3C2,   // Linha de pixels
0xF3C2, 0xF3C2, 0xF3C2, 0xF3C2, 0xF3C2, 0xF3C2, 0xF3C2, 0xF3C2, 0xF3C2, 0xF3C2, 0xF3C2, 0xF3C2, 0xF3C2, 0xF3C2, 0xF3C2, 0xF3C2,   // Linha de pixels
0xF3C2, 0xF3C2, 0xF3C2, 0xF3C2, 0xF3C2, 0xF3C2, 0xF3C2, 0xF3C2, 0xF3C2, 0xF3C2, 0xF3C2, 0xF3C2, 0xF3C2, 0xF3C2, 0xF3C2, 0xF3C2,   // Linha de pixels
0xF3C2, 0xF3C2, 0xEC21, 0xEC21, 0xEC21, 0xEC21, 0xEC21, 0x81A4, 0x81A4, 0x81A4, 0x81A4, 0x28A1, 0x28A1, 0x28A1, 0x28A1, 0xD3A2,   // Linha de pixels
0xD3A2, 0xD3A2, 0xD3A2, 0xD3A2, 0x03F0, 0x03F0, 0x03F0, 0x03F0, 0xF3C2, 0xF3C2, 0xF3C2, 0xF3C2, 0xF3C2, 0xF3C2, 0xF3C2, 0xF3C2,   // Linha de pixels
0xF3C2, 0xF3C2, 0xF3C2, 0xF3C2, 0xF3C2, 0xF3C2, 0xF3C2, 0xF3C2, 0xF3C2, 0x8241, 0x8241, 0x8241, 0x8241, 0x0000, 0x0000, 0x0000,   // Linha de pixels
0x0000, 0x0000, 0x0000, 0x0000, 0x0000, 0x0000, 0x0000, 0x0000, 0x0000, 0x0000, 0x0000, 0x0000, 0x0000, 0x0000, 0x0000, 0x0000,   // Linha de pixels
0x0000, 0x0000, 0x0000, 0x0000, 0x0000, 0x0000, 0x0000, 0x0000, 0x0000, 0x0000, 0x0000, 0x0000, 0x0000, 0x0000, 0x0000, 0x0000,   // Linha de pixels
0x0000, 0x0000, 0x0000, 0x0000, 0x0000, 0x0000, 0x0000, 0x0000, 0x0000, 0x0000, 0x0000, 0x0000, 0x0000, 0x0400, 0x0400, 0x0400,   // Linha de pixels
0x0400, 0x0000, 0x0000, 0x0000, 0x0000, 0x0000, 0x0000, 0x0000, 0x0000, 0x0000, 0x0000, 0x0000, 0x0000, 0x0000, 0x0000, 0x0000,   // Linha de pixels
0x0000, 0x0000, 0x0000, 0x0000, 0x0000, 0x0000, 0x0000, 0x0000, 0x0000, 0x0000, 0x0000, 0x0000, 0x0000, 0x0000, 0x0000, 0x0000,   // Linha de pixels
0x0000, 0x0000, 0x0000, 0x0000, 0x0000, 0x0000, 0x0000, 0x0000, 0x0000, 0x0000, 0x0000, 0x0000, 0x0000, 0x0000, 0x0000, 0x0000,   // Linha de pixels
0x0000, 0x0000, 0x0000, 0x0000, 0x0000, 0x0000, 0x0000, 0x0000, 0x0000, 0x0000, 0x0000, 0x0000, 0x0000, 0x0000, 0x0000, 0x0000,   // Linha de pixels
0x0000, 0x0000, 0x0000, 0x0000, 0x0000, 0x0000, 0x0000, 0x0410, 0x0410, 0x0410, 0x0410, 0x0000, 0x0000, 0x0000, 0x0000, 0x0000,   // Linha de pixels
0x0000, 0x0000, 0x0000, 0x0000, 0x0000, 0x0000, 0x0000, 0x0000, 0x0000, 0x0000, 0x0000, 0x0000, 0x0000, 0x0000, 0x0000, 0x0000,   // Linha de pixels
0x03D0, 0x03D0, 0x03D0, 0x03D0, 0x03D0, 0x0000, 0x0000, 0x0000, 0x0000, 0x0000, 0x0000, 0x0000, 0x0000, 0x0000, 0x0000, 0x0000,   // Linha de pixels
0x0000, 0x0000, 0x0000, 0x0000, 0x0000, 0x0000, 0x0000, 0x0000, 0x0000, 0x0000, 0x0000, 0x0000, 0x0000, 0x0000, 0x0000, 0x0000,   // Linha de pixels
0x0000, 0x0000, 0x0000, 0x0000, 0x0000, 0x0000, 0x0000, 0x0000, 0x0000, 0x0000, 0x0000, 0x0000, 0x0000, 0x0000, 0x0000, 0x0000,   // Linha de pixels
0x0000, 0x0000, 0x0000, 0x0000, 0xA2C1, 0xA2C1, 0xA2C1, 0xA2C1, 0xA2C1, 0xF3C2, 0xF3C2, 0xF3C2, 0xF3C2, 0xF3C2, 0xF3C2, 0xF3C2,   // Linha de pixels
0xF3C2, 0xF3C2, 0xF3C2, 0xF3C2, 0xF3C2, 0xF3C2, 0xF3C2, 0xF3C2, 0xF3C2, 0xF3C2, 0x03E0, 0x03E0, 0x03E0, 0x03E0, 0xAB42, 0xAB42,   // Linha de pixels
0xAB42, 0xAB42, 0xAB42, 0x1820, 0x1820, 0x1820, 0x1820, 0xA2C1, 0xA2C1, 0xA2C1, 0xA2C1, 0xF3C2, 0xF3C2, 0xF3C2, 0xF3C2, 0xF3C2,   // Linha de pixels
0xF3C2, 0xF3C2, 0xF3C2, 0xF3C2, 0xF3C2, 0xF3C2, 0xF3C2, 0xF3C2, 0xF3C2, 0xF3C2, 0xF3C2, 0xF3C2, 0xF3C2, 0xF3C2, 0xF3C2, 0xF3C2,   // Linha de pixels
0xF3C2, 0xF3C2, 0xF3C2, 0xF3C2, 0xF3C2, 0xF3C2, 0xF3C2, 0xF3C2, 0xF3C2, 0xF3C2, 0xF3C2, 0xF3C2, 0xF3C2, 0xF3C2, 0xF3C2, 0xF3C2,   // Linha de pixels
0xF3C2, 0xF3C2, 0xEC21, 0xEC21, 0xEC21, 0xEC21, 0xEC21, 0x81A4, 0x81A4, 0x81A4, 0x81A4, 0x28A1, 0x28A1, 0x28A1, 0x28A1, 0xD3A2,   // Linha de pixels
0xD3A2, 0xD3A2, 0xD3A2, 0xD3A2, 0x03F0, 0x03F0, 0x03F0, 0x03F0, 0xF3C2, 0xF3C2, 0xF3C2, 0xF3C2, 0xF3C2, 0xF3C2, 0xF3C2, 0xF3C2,   // Linha de pixels
0xF3C2, 0xF3C2, 0xF3C2, 0xF3C2, 0xF3C2, 0xF3C2, 0xF3C2, 0xF3C2, 0xF3C2, 0x8241, 0x8241, 0x8241, 0x8241, 0x0000, 0x0000, 0x0000,   // Linha de pixels
0x0000, 0x0000, 0x0000, 0x0000, 0x0000, 0x0000, 0x0000, 0x0000, 0x0000, 0x0000, 0x0000, 0x0000, 0x0000, 0x0000, 0x0000, 0x0000,   // Linha de pixels
0x0000, 0x0000, 0x0000, 0x0000, 0x0000, 0x0000, 0x0000, 0x0000, 0x0000, 0x0000, 0x0000, 0x0000, 0x0000, 0x0000, 0x0000, 0x0000,   // Linha de pixels
0x0000, 0x0000, 0x0000, 0x0000, 0x0000, 0x0000, 0x0000, 0x0000, 0x0000, 0x0000, 0x0000, 0x0000, 0x0000, 0x0400, 0x0400, 0x0400,   // Linha de pixels
0x0400, 0x0000, 0x0000, 0x0000, 0x0000, 0x0000, 0x0000, 0x0000, 0x0000, 0x0000, 0x0000, 0x0000, 0x0000, 0x0000, 0x0000, 0x0000,   // Linha de pixels
0x0000, 0x0000, 0x0000, 0x0000, 0x0000, 0x0000, 0x0000, 0x0000, 0x0000, 0x0000, 0x0000, 0x0000, 0x0000, 0x0000, 0x0000, 0x0000,   // Linha de pixels
0x0000, 0x0000, 0x0000, 0x0000, 0x0000, 0x0000, 0x0000, 0x0000, 0x0000, 0x0000, 0x0000, 0x0000, 0x0000, 0x0000, 0x0000, 0x0000,   // Linha de pixels
0x0000, 0x0000, 0x0000, 0x0000, 0x0000, 0x0000, 0x0000, 0x0000, 0x0000, 0x0000, 0x0000, 0x0000, 0x0000, 0x0000, 0x0000, 0x0000,   // Linha de pixels
0x0000, 0x0000, 0x0000, 0x0000, 0x0000, 0x0000, 0x0000, 0x0410, 0x0410, 0x0410, 0x0410, 0x0000, 0x0000, 0x0000, 0x0000, 0x0000,   // Linha de pixels
0x0000, 0x0000, 0x0000, 0x0000, 0x0000, 0x0000, 0x0000, 0x0000, 0x0000, 0x0000, 0x0000, 0x0000, 0x0000, 0x0000, 0x0000, 0x0000,   // Linha de pixels
0x0000, 0x0000, 0x0000, 0x0000, 0x0000, 0x0000, 0x0000, 0x0000, 0x0000, 0x0000, 0x0000, 0x0000, 0x0000, 0x0000, 0x0000, 0x0000,   // Linha de pixels
0x0000, 0x0000, 0x0000, 0x0000, 0x0000, 0x0000, 0x0000, 0x0000, 0x0000, 0x0000, 0x0000, 0x0000, 0x0000, 0x0000, 0x0000, 0x0000,   // Linha de pixels
0x0000, 0x0000, 0x0000, 0x0000, 0x0000, 0x0000, 0x0000, 0x0000, 0x0000, 0x0000, 0x0000, 0x0000, 0x0000, 0x0000, 0x0000, 0x0000,   // Linha de pixels
0x0420, 0x0420, 0x0420, 0x0420, 0x0000, 0x0000, 0x0000, 0x0000, 0x0000, 0x0000, 0x0000, 0x0000, 0x0000, 0x0000, 0x0000, 0x0000,   // Linha de pixels
0x0000, 0x0000, 0x0000, 0x0000, 0x0000, 0x0000, 0x0020, 0x0020, 0x0020, 0x0020, 0xA484, 0xA484, 0xA484, 0xA484, 0xFEA6, 0xFEA6,   // Linha de pixels
0xFEA6, 0xFEA6, 0xFEA6, 0xFE85, 0xFE85, 0xFE85, 0xFE85, 0xFE85, 0xFE85, 0xFE85, 0xFE85, 0xFE85, 0xFE85, 0xFE85, 0xFE85, 0xFE85,   // Linha de pixels
0xCD46, 0xCD46, 0xCD46, 0xCD46, 0x18A1, 0x18A1, 0x18A1, 0x18A1, 0xA484, 0xA484, 0xA484, 0xA484, 0xA484, 0xFEA6, 0xFEA6, 0xFEA6,   // Linha de pixels
0xFEA6, 0xFE85, 0xFE85, 0xFE85, 0xFE85, 0xFE85, 0xFE85, 0xFE85, 0xFE85, 0xFE85, 0x0430, 0x0430, 0x0430, 0x0430, 0xFE85, 0xFE85,   // Linha de pixels
0xFE85, 0xFE85, 0xFE85, 0xFE85, 0xFE85, 0xFE85, 0xFE85, 0xFE85, 0xFE85, 0xFE85, 0xFE85, 0xFE85, 0xFE85, 0xFE85, 0xFE85, 0xFE85,   // Linha de pixels
0xFE85, 0xFE85, 0xFE85, 0xFE85, 0xFE85, 0xFE85, 0xFE85, 0xFE85, 0xFEA6, 0xFEA6, 0xFEA6, 0xFEA6, 0x8B42, 0x8B42, 0x8B42, 0x8B42,   // Linha de pixels
0x18E1, 0x18E1, 0x18E1, 0x18E1, 0x18E1, 0xCE24, 0xCE24, 0xCE24, 0xCE24, 0xFE85, 0xFE85, 0xFE85, 0xFE85, 0xFE85, 0xFE85, 0xFE85,   // Linha de pixels
0xFE85, 0xFE85, 0xFE85, 0xFE85, 0xFE85, 0xFE85, 0xFEA6, 0xFEA6, 0xFEA6, 0xFEA6, 0x8BA4, 0x8BA4, 0x8BA4, 0x8BA4, 0x8BA4, 0x0000,   // Linha de pixels
0x0000, 0x0000, 0x0000, 0x0440, 0x0440, 0x0440, 0x0440, 0x0000, 0x0000, 0x0000, 0x0000, 0x0000, 0x0000, 0x0000, 0x0000, 0x0000,   // Linha de pixels
0x0000, 0x0000, 0x0000, 0x0000, 0x0000, 0x0000, 0x0000, 0x0000, 0x0000, 0x0000, 0x0000, 0x0000, 0x0000, 0x0000, 0x0000, 0x0000,   // Linha de pixels
0x0000, 0x0000, 0x0000, 0x0000, 0x0000, 0x0000, 0x0000, 0x0000, 0x0000, 0x0000, 0x0000, 0x0000, 0x0000, 0x0000, 0x0000, 0x0000,   // Linha de pixels
0x0000, 0x0000, 0x0000, 0x0000, 0x0000, 0x0000, 0x0000, 0x0000, 0x0000, 0x0000, 0x0000, 0x0000, 0x0000, 0x0000, 0x0000, 0x0000,   // Linha de pixels
0x0000, 0x0000, 0x0000, 0x0000, 0x0000, 0x0000, 0x0000, 0x0000, 0x0000, 0x0000, 0x0000, 0x0000, 0x0000, 0x0450, 0x0450, 0x0450,   // Linha de pixels
0x0450, 0x0000, 0x0000, 0x0000, 0x0000, 0x0000, 0x0000, 0x0000, 0x0000, 0x0000, 0x0000, 0x0000, 0x0000, 0x0000, 0x0000, 0x0000,   // Linha de pixels
0x0000, 0x0000, 0x0000, 0x0000, 0x0000, 0x0000, 0x0000, 0x0000, 0x0000, 0x0000, 0x0000, 0x0000, 0x0000, 0x0000, 0x0000, 0x0000,   // Linha de pixels
0x0000, 0x0000, 0x0000, 0x0000, 0x0000, 0x0000, 0x0000, 0x0000, 0x0000, 0x0000, 0x0000, 0x0000, 0x0000, 0x0000, 0x0000, 0x0000,   // Linha de pixels
0x0000, 0x0000, 0x0000, 0x0000, 0x0000, 0x0000, 0x0000, 0x0000, 0x0000, 0x0000, 0x0000, 0x0000, 0x0000, 0x0000, 0x0000, 0x0000,   // Linha de pixels
0x0000, 0x0000, 0x0000, 0x0000, 0x0000, 0x0000, 0x0000, 0x0000, 0x0000, 0x0000, 0x0000, 0x0000, 0x0000, 0x0000, 0x0000, 0x0000,   // Linha de pixels
0x0000, 0x0000, 0x0000, 0x0000, 0x0000, 0x0000, 0x0000, 0x0000, 0x0000, 0x0000, 0x0000, 0x0000, 0x0000, 0x0000, 0x0000, 0x0000,   // Linha de pixels
0x0420, 0x0420, 0x0420, 0x0420, 0x0000, 0x0000, 0x0000, 0x0000, 0x0000, 0x0000, 0x0000, 0x0000, 0x0000, 0x0000, 0x0000, 0x0000,   // Linha de pixels
0x0000, 0x0000, 0x0000, 0x0000, 0x0000, 0x0000, 0x0020, 0x0020, 0x0020, 0x0020, 0xA484, 0xA484, 0xA484, 0xA484, 0xFEA6, 0xFEA6,   // Linha de pixels
0xFEA6, 0xFEA6, 0xFEA6, 0xFE85, 0xFE85, 0xFE85, 0xFE85, 0xFE85, 0xFE85, 0xFE85, 0xFE85, 0xFE85, 0xFE85, 0xFE85, 0xFE85, 0xFE85,   // Linha de pixels
0xCD46, 0xCD46, 0xCD46, 0xCD46, 0x18A1, 0x18A1, 0x18A1, 0x18A1, 0xA484, 0xA484, 0xA484, 0xA484, 0xA484, 0xFEA6, 0xFEA6, 0xFEA6,   // Linha de pixels
0xFEA6, 0xFE85, 0xFE85, 0xFE85, 0xFE85, 0xFE85, 0xFE85, 0xFE85, 0xFE85, 0xFE85, 0x0430, 0x0430, 0x0430, 0x0430, 0xFE85, 0xFE85,   // Linha de pixels
0xFE85, 0xFE85, 0xFE85, 0xFE85, 0xFE85, 0xFE85, 0xFE85, 0xFE85, 0xFE85, 0xFE85, 0xFE85, 0xFE85, 0xFE85, 0xFE85, 0xFE85, 0xFE85,   // Linha de pixels
0xFE85, 0xFE85, 0xFE85, 0xFE85, 0xFE85, 0xFE85, 0xFE85, 0xFE85, 0xFEA6, 0xFEA6, 0xFEA6, 0xFEA6, 0x8B42, 0x8B42, 0x8B42, 0x8B42,   // Linha de pixels
0x18E1, 0x18E1, 0x18E1, 0x18E1, 0x18E1, 0xCE24, 0xCE24, 0xCE24, 0xCE24, 0xFE85, 0xFE85, 0xFE85, 0xFE85, 0xFE85, 0xFE85, 0xFE85,   // Linha de pixels
0xFE85, 0xFE85, 0xFE85, 0xFE85, 0xFE85, 0xFE85, 0xFEA6, 0xFEA6, 0xFEA6, 0xFEA6, 0x8BA4, 0x8BA4, 0x8BA4, 0x8BA4, 0x8BA4, 0x0000,   // Linha de pixels
0x0000, 0x0000, 0x0000, 0x0440, 0x0440, 0x0440, 0x0440, 0x0000, 0x0000, 0x0000, 0x0000, 0x0000, 0x0000, 0x0000, 0x0000, 0x0000,   // Linha de pixels
0x0000, 0x0000, 0x0000, 0x0000, 0x0000, 0x0000, 0x0000, 0x0000, 0x0000, 0x0000, 0x0000, 0x0000, 0x0000, 0x0000, 0x0000, 0x0000,   // Linha de pixels
0x0000, 0x0000, 0x0000, 0x0000, 0x0000, 0x0000, 0x0000, 0x0000, 0x0000, 0x0000, 0x0000, 0x0000, 0x0000, 0x0000, 0x0000, 0x0000,   // Linha de pixels
0x0000, 0x0000, 0x0000, 0x0000, 0x0000, 0x0000, 0x0000, 0x0000, 0x0000, 0x0000, 0x0000, 0x0000, 0x0000, 0x0000, 0x0000, 0x0000,   // Linha de pixels
0x0000, 0x0000, 0x0000, 0x0000, 0x0000, 0x0000, 0x0000, 0x0000, 0x0000, 0x0000, 0x0000, 0x0000, 0x0000, 0x0450, 0x0450, 0x0450,   // Linha de pixels
0x0450, 0x0000, 0x0000, 0x0000, 0x0000, 0x0000, 0x0000, 0x0000, 0x0000, 0x0000, 0x0000, 0x0000, 0x0000, 0x0000, 0x0000, 0x0000,   // Linha de pixels
0x0000, 0x0000, 0x0000, 0x0000, 0x0000, 0x0000, 0x0000, 0x0000, 0x0000, 0x0000, 0x0000, 0x0000, 0x0000, 0x0000, 0x0000, 0x0000,   // Linha de pixels
0x0000, 0x0000, 0x0000, 0x0000, 0x0000, 0x0000, 0x0000, 0x0000, 0x0000, 0x0000, 0x0000, 0x0000, 0x0000, 0x0000, 0x0000, 0x0000,   // Linha de pixels
0x0000, 0x0000, 0x0000, 0x0000, 0x0000, 0x0000, 0x0000, 0x0000, 0x0000, 0x0000, 0x0000, 0x0000, 0x0000, 0x0000, 0x0000, 0x0000,   // Linha de pixels
0x0000, 0x0000, 0x0000, 0x0000, 0x0000, 0x0000, 0x0460, 0x0460, 0x0460, 0x0460, 0x0000, 0x0000, 0x0000, 0x0000, 0x0000, 0x0000,   // Linha de pixels
0x0000, 0x0000, 0x0000, 0x0000, 0x0000, 0x0000, 0x0000, 0x0000, 0x0000, 0x0000, 0x0000, 0x0000, 0x0000, 0x0000, 0x0000, 0x0000,   // Linha de pixels
0x0000, 0x0000, 0x0000, 0x0000, 0x0000, 0x0000, 0x0000, 0x0000, 0x0000, 0x0000, 0x0000, 0x0000, 0x0000, 0x0000, 0x0000, 0x0000,   // Linha de pixels
0x0000, 0x0000, 0x0000, 0x0000, 0x0000, 0x0000, 0x0000, 0x0000, 0x0000, 0x0000, 0x0000, 0x0000, 0x0000, 0x0000, 0x0000, 0x0000,   // Linha de pixels
0x0000, 0x0000, 0x0000, 0x0000, 0x0000, 0x0000, 0x0000, 0x0840, 0x0840, 0x0840, 0x0840, 0xAD28, 0xAD28, 0xAD28, 0xAD28, 0xAD28,   // Linha de pixels
0x0470, 0x0470, 0x0470, 0x0470, 0xFFCB, 0xFFCB, 0xFFCB, 0xFFCB, 0xFFAA, 0xFFAA, 0xFFAA, 0xFFAA, 0xFFAA, 0xFFAA, 0xFFAA, 0xFFAA,   // Linha de pixels
0xFFAA, 0xFFAB, 0xFFAB, 0xFFAB, 0xFFAB, 0xCE2A, 0xCE2A, 0xCE2A, 0xCE2A, 0xCE2A, 0x18A1, 0x18A1, 0x18A1, 0x18A1, 0xAD28, 0xAD28,   // Linha de pixels
0xAD28, 0xAD28, 0xFFCB, 0xFFCB, 0xFFCB, 0xFFCB, 0xFFCB, 0xFFAA, 0xFFAA, 0xFFAA, 0xFFAA, 0xFFAA, 0xFFAA, 0xFFAA, 0xFFAA, 0xFFAA,   // Linha de pixels
0xFFAA, 0xFFAA, 0xFFAA, 0xFFAA, 0xFFAA, 0xFFAA, 0xFFAA, 0xFFAA, 0xFFAA, 0xFFAA, 0xFFAA, 0xFFAA, 0xFFAA, 0xFFAA, 0xFFAA, 0xFFAA,   // Linha de pixels
0xFFAA, 0xFFAA, 0xFFAA, 0xFFAA, 0xFFAA, 0xFFAA, 0xFFAA, 0xFFAA, 0xFFAA, 0x0480, 0x0480, 0x0480, 0x0480, 0xFFCB, 0xFFCB, 0xFFCB,   // Linha de pixels
0xFFCB, 0xFFCB, 0x8BA4, 0x8BA4, 0x8BA4, 0x8BA4, 0x2120, 0x2120, 0x2120, 0x2120, 0xE70C, 0xE70C, 0xE70C, 0xE70C, 0xE70C, 0xFFAB,   // Linha de pixels
0xFFAB, 0xFFAB, 0xFFAB, 0xFFAA, 0xFFAA, 0xFFAA, 0xFFAA, 0xFFAA, 0xFFAA, 0xFFAA, 0xFFAA, 0xFFAA, 0xFFCB, 0xFFCB, 0xFFCB, 0xFFCB,   // Linha de pixels
0x8C27, 0x8C27, 0x8C27, 0x8C27, 0x0000, 0x0000, 0x0000, 0x0000, 0x0000, 0x0000, 0x0000, 0x0000, 0x0000, 0x0000, 0x0000, 0x0000,   // Linha de pixels
0x0000, 0x0000, 0x0000, 0x0000, 0x0000, 0x0000, 0x0000, 0x0000, 0x0000, 0x0000, 0x0000, 0x0000, 0x0000, 0x0000, 0x0000, 0x0000,   // Linha de pixels
0x0000, 0x0000, 0x0000, 0x0490, 0x0490, 0x0490, 0x0490, 0x0000, 0x0000, 0x0000, 0x0000, 0x0000, 0x0000, 0x0000, 0x0000, 0x0000,   // Linha de pixels
0x0000, 0x0000, 0x0000, 0x0000, 0x0000, 0x0000, 0x0000, 0x0000, 0x0000, 0x0000, 0x0000, 0x0000, 0x0000, 0x0000, 0x0000, 0x0000,   // Linha de pixels
0x0000, 0x0000, 0x0000, 0x0000, 0x0000, 0x0000, 0x0000, 0x0000, 0x0000, 0x0000, 0x0000, 0x0000, 0x0000, 0x0000, 0x0000, 0x0000,   // Linha de pixels
0x0000, 0x0000, 0x0000, 0x0000, 0x0000, 0x0000, 0x0000, 0x0000, 0x0000, 0x0000, 0x0000, 0x0000, 0x0000, 0x0000, 0x0000, 0x0000,   // Linha de pixels
0x0000, 0x0000, 0x0000, 0x0000, 0x0000, 0x0000, 0x0000, 0x0000, 0x0000, 0x0000, 0x0000, 0x0000, 0x04A0, 0x04A0, 0x04A0, 0x04A0,   // Linha de pixels
0x0000, 0x0000, 0x0000, 0x0000, 0x0000, 0x0000, 0x0000, 0x0000, 0x0000, 0x0000, 0x0000, 0x0000, 0x0000, 0x0000, 0x0000, 0x0000,   // Linha de pixels
0x0000, 0x0000, 0x0000, 0x0000, 0x0000, 0x0000, 0x0460, 0x0460, 0x0460, 0x0460, 0x0000, 0x0000, 0x0000, 0x0000, 0x0000, 0x0000,   // Linha de pixels
0x0000, 0x0000, 0x0000, 0x0000, 0x0000, 0x0000, 0x0000, 0x0000, 0x0000, 0x0000, 0x0000, 0x0000, 0x0000, 0x0000, 0x0000, 0x0000,   // Linha de pixels
0x0000, 0x0000, 0x0000, 0x0000, 0x0000, 0x0000, 0x0000, 0x0000, 0x0000, 0x0000, 0x0000, 0x0000, 0x0000, 0x0000, 0x0000, 0x0000,   // Linha de pixels
0x0000, 0x0000, 0x0000, 0x0000, 0x0000, 0x0000, 0x0000, 0x0000, 0x0000, 0x0000, 0x0000, 0x0000, 0x0000, 0x0000, 0x0000, 0x0000,   // Linha de pixels
0x0000, 0x0000, 0x0000, 0x0000, 0x0000, 0x0000, 0x0000, 0x0840, 0x0840, 0x0840, 0x0840, 0xAD28, 0xAD28, 0xAD28, 0xAD28, 0xAD28,   // Linha de pixels
0x0470, 0x0470, 0x0470, 0x0470, 0xFFCB, 0xFFCB, 0xFFCB, 0xFFCB, 0xFFAA, 0xFFAA, 0xFFAA, 0xFFAA, 0xFFAA, 0xFFAA, 0xFFAA, 0xFFAA,   // Linha de pixels
0xFFAA, 0xFFAB, 0xFFAB, 0xFFAB, 0xFFAB, 0xCE2A, 0xCE2A, 0xCE2A, 0xCE2A, 0xCE2A, 0x18A1, 0x18A1, 0x18A1, 0x18A1, 0xAD28, 0xAD28,   // Linha de pixels
0xAD28, 0xAD28, 0xFFCB, 0xFFCB, 0xFFCB, 0xFFCB, 0xFFCB, 0xFFAA, 0xFFAA, 0xFFAA, 0xFFAA, 0xFFAA, 0xFFAA, 0xFFAA, 0xFFAA, 0xFFAA,   // Linha de pixels
0xFFAA, 0xFFAA, 0xFFAA, 0xFFAA, 0xFFAA, 0xFFAA, 0xFFAA, 0xFFAA, 0xFFAA, 0xFFAA, 0xFFAA, 0xFFAA, 0xFFAA, 0xFFAA, 0xFFAA, 0xFFAA,   // Linha de pixels
0xFFAA, 0xFFAA, 0xFFAA, 0xFFAA, 0xFFAA, 0xFFAA, 0xFFAA, 0xFFAA, 0xFFAA, 0x0480, 0x0480, 0x0480, 0x0480, 0xFFCB, 0xFFCB, 0xFFCB,   // Linha de pixels
0xFFCB, 0xFFCB, 0x8BA4, 0x8BA4, 0x8BA4, 0x8BA4, 0x2120, 0x2120, 0x2120, 0x2120, 0xE70C, 0xE70C, 0xE70C, 0xE70C, 0xE70C, 0xFFAB,   // Linha de pixels
0xFFAB, 0xFFAB, 0xFFAB, 0xFFAA, 0xFFAA, 0xFFAA, 0xFFAA, 0xFFAA, 0xFFAA, 0xFFAA, 0xFFAA, 0xFFAA, 0xFFCB, 0xFFCB, 0xFFCB, 0xFFCB,   // Linha de pixels
0x8C27, 0x8C27, 0x8C27, 0x8C27, 0x0000, 0x0000, 0x0000, 0x0000, 0x0000, 0x0000, 0x0000, 0x0000, 0x0000, 0x0000, 0x0000, 0x0000,   // Linha de pixels
0x0000, 0x0000, 0x0000, 0x0000, 0x0000, 0x0000, 0x0000, 0x0000, 0x0000, 0x0000, 0x0000, 0x0000, 0x0000, 0x0000, 0x0000, 0x0000,   // Linha de pixels
0x0000, 0x0000, 0x0000, 0x0490, 0x0490, 0x0490, 0x0490, 0x0000, 0x0000, 0x0000, 0x0000, 0x0000, 0x0000, 0x0000, 0x0000, 0x0000,   // Linha de pixels
0x0000, 0x0000, 0x0000, 0x0000, 0x0000, 0x0000, 0x0000, 0x0000, 0x0000, 0x0000, 0x0000, 0x0000, 0x0000, 0x0000, 0x0000, 0x0000,   // Linha de pixels
0x0000, 0x0000, 0x0000, 0x0000, 0x0000, 0x0000, 0x0000, 0x0000, 0x0000, 0x0000, 0x0000, 0x0000, 0x0000, 0x0000, 0x0000, 0x0000,   // Linha de pixels
0x0000, 0x0000, 0x0000, 0x0000, 0x0000, 0x0000, 0x0000, 0x0000, 0x0000, 0x0000, 0x0000, 0x0000, 0x0000, 0x0000, 0x0000, 0x0000,   // Linha de pixels
0x0000, 0x0000, 0x0000, 0x0000, 0x0000, 0x0000, 0x0000, 0x0000, 0x0000, 0x0000, 0x0000, 0x0000, 0x04A0, 0x04A0, 0x04A0, 0x04A0,   // Linha de pixels
0x0000, 0x0000, 0x0000, 0x0000, 0x0000, 0x0000, 0x0000, 0x0000, 0x0000, 0x0000, 0x0000, 0x0000, 0x0000, 0x0000, 0x0000, 0x0000,   // Linha de pixels
0x0000, 0x0000, 0x0000, 0x0000, 0x0000, 0x0000, 0x0000, 0x0000, 0x0000, 0x0000, 0x0000, 0x0000, 0x0000, 0x0000, 0x0000, 0x0000,   // Linha de pixels
0x0000, 0x0000, 0x0000, 0x0000, 0x0000, 0x0000, 0x0000, 0x0000, 0x0000, 0x0000, 0x0000, 0x0000, 0x0000, 0x0000, 0x0000, 0x0000,   // Linha de pixels
0x0000, 0x0000, 0x0000, 0x0000, 0x0000, 0x0000, 0x0000, 0x0000, 0x0000, 0x0000, 0x0000, 0x0000, 0x0000, 0x0000, 0x0000, 0x0000,   // Linha de pixels
0x0000, 0x0000, 0x0000, 0x0000, 0x0000, 0x0000, 0x04B0, 0x04B0, 0x04B0, 0x04B0, 0x0000, 0x0000, 0x0000, 0x0000, 0x0000, 0x0000,   // Linha de pixels
0x0000, 0x0000, 0x0000, 0x0000, 0x0000, 0x0000, 0x0000, 0x0000, 0x0000, 0x0000, 0x0000, 0x0000, 0x0000, 0x0000, 0x0000, 0x0000,   // Linha de pixels
0x0000, 0x0000, 0x0000, 0x0000, 0x0000, 0x0000, 0x0000, 0x0000, 0x0000, 0x0000, 0x0000, 0x0000, 0x0000, 0x0840, 0x0840, 0x0840,   // Linha de pixels
0x0840, 0x83C9, 0x83C9, 0x83C9, 0x83C9, 0xC5AE, 0xC5AE, 0xC5AE, 0xC5AE, 0xC5AE, 0xC5AE, 0xC5AE, 0xC5AE, 0xC5AE, 0xC5AE, 0xC5AE,   // Linha de pixels
0xC5AE, 0xC5AE, 0xC5AE, 0xC5AE, 0xC5AE, 0xC5AE, 0xC5AE, 0xA4AD, 0xA4AD, 0xA4AD, 0xA4AD, 0x1082, 0x1082, 0x1082, 0x1082, 0x04C0,   // Linha de pixels
0x04C0, 0x04C0, 0x04C0, 0x04C0, 0x83E9, 0x83E9, 0x83E9, 0x83E9, 0xC5AE, 0xC5AE, 0xC5AE, 0xC5AE, 0xC5AE, 0xC5AE, 0xC5AE, 0xC5AE,   // Linha de pixels
0xC5AE, 0xC5AE, 0xC5AE, 0xC5AE, 0xC5AE, 0xC5AE, 0xC5AE, 0xC5AE, 0xC5AE, 0xC5AE, 0xC5AE, 0xC5AE, 0xC5AE, 0xC5AE, 0xC5AE, 0xC5AE,   // Linha de pixels
0xC5AE, 0xC5AE, 0xC5AE, 0xC5AE, 0xC5AE, 0xC5AE, 0xC5AE, 0xC5AE, 0xC5AE, 0xC5AE, 0xC5AE, 0xC5AE, 0xC5AE, 0xC5AE, 0xC5AE, 0xC5AE,   // Linha de pixels
0xC5AE, 0xC5AE, 0xC5AE, 0x62C7, 0x62C7, 0x62C7, 0x62C7, 0x18E1, 0x18E1, 0x18E1, 0x18E1, 0x18E1, 0xAD2C, 0xAD2C, 0xAD2C, 0xAD2C,   // Linha de pixels
0xC5AE, 0xC5AE, 0xC5AE, 0xC5AE, 0xC5AE, 0xC5AE, 0xC5AE, 0xC5AE, 0xC5AE, 0x04D0, 0x04D0, 0x04D0, 0x04D0, 0xC5AE, 0xC5AE, 0xC5AE,   // Linha de pixels
0xC5AE, 0xC5AE, 0xC5AE, 0xC5AE, 0xC5AE, 0xC5AE, 0x6B28, 0x6B28, 0x6B28, 0x6B28, 0x0000, 0x0000, 0x0000, 0x0000, 0x0000, 0x0000,   // Linha de pixels
0x0000, 0x0000, 0x0000, 0x0000, 0x0000, 0x0000, 0x0000, 0x0000, 0x0000, 0x0000, 0x0000, 0x0000, 0x0000, 0x0000, 0x0000, 0x0000,   // Linha de pixels
0x0000, 0x0000, 0x0000, 0x0000, 0x0000, 0x0000, 0x0000, 0x0000, 0x0000, 0x0000, 0x0000, 0x0000, 0x0000, 0x0000, 0x0000, 0x0000,   // Linha de pixels
0x0000, 0x0000, 0x0000, 0x0000, 0x0000, 0x0000, 0x0000, 0x0000, 0x0000, 0x0000, 0x0000, 0x0000, 0x0000, 0x0000, 0x0000, 0x0000,   // Linha de pixels
0x0000, 0x0000, 0x04E0, 0x04E0, 0x04E0, 0x04E0, 0x04E0, 0x0000, 0x0000, 0x0000, 0x0000, 0x0000, 0x0000, 0x0000, 0x0000, 0x0000,   // Linha de pixels
0x0000, 0x0000, 0x0000, 0x0000, 0x0000, 0x0000, 0x0000, 0x0000, 0x0000, 0x0000, 0x0000, 0x0000, 0x0000, 0x0000, 0x0000, 0x0000,   // Linha de pixels
0x0000, 0x0000, 0x0000, 0x0000, 0x0000, 0x0000, 0x0000, 0x0000, 0x0000, 0x0000, 0x0000, 0x0000, 0x0000, 0x0000, 0x0000, 0x0000,   // Linha de pixels
0x0000, 0x0000, 0x0000, 0x0000, 0x0000, 0x0000, 0x0000, 0x0000, 0x0000, 0x0000, 0x0000, 0x0000, 0x0000, 0x0000, 0x0000, 0x0000,   // Linha de pixels
0x0000, 0x0000, 0x0000, 0x0000, 0x0000, 0x0000, 0x0000, 0x0000, 0x0000, 0x0000, 0x0000, 0x0000, 0x0000, 0x0000, 0x0000, 0x0000,   // Linha de pixels
0x0000, 0x0000, 0x0000, 0x0000, 0x0000, 0x0000, 0x0000, 0x0000, 0x0000, 0x0000, 0x0000, 0x0000, 0x0000, 0x0000, 0x0000, 0x0000,   // Linha de pixels
0x0000, 0x0000, 0x0000, 0x0000, 0x0000, 0x0000, 0x04B0, 0x04B0, 0x04B0, 0x04B0, 0x0000, 0x0000, 0x0000, 0x0000, 0x0000, 0x0000,   // Linha de pixels
0x0000, 0x0000, 0x0000, 0x0000, 0x0000, 0x0000, 0x0000, 0x0000, 0x0000, 0x0000, 0x0000, 0x0000, 0x0000, 0x0000, 0x0000, 0x0000,   // Linha de pixels
0x0000, 0x0000, 0x0000, 0x0000, 0x0000, 0x0000, 0x0000, 0x0000, 0x0000, 0x0000, 0x0000, 0x0000, 0x0000, 0x0840, 0x0840, 0x0840,   // Linha de pixels
0x0840, 0x83C9, 0x83C9, 0x83C9, 0x83C9, 0xC5AE, 0xC5AE, 0xC5AE, 0xC5AE, 0xC5AE, 0xC5AE, 0xC5AE, 0xC5AE, 0xC5AE, 0xC5AE, 0xC5AE,   // Linha de pixels
0xC5AE, 0xC5AE, 0xC5AE, 0xC5AE, 0xC5AE, 0xC5AE, 0xC5AE, 0xA4AD, 0xA4AD, 0xA4AD, 0xA4AD, 0x1082, 0x1082, 0x1082, 0x1082, 0x04C0,   // Linha de pixels
0x04C0, 0x04C0, 0x04C0, 0x04C0, 0x83E9, 0x83E9, 0x83E9, 0x83E9, 0xC5AE, 0xC5AE, 0xC5AE, 0xC5AE, 0xC5AE, 0xC5AE, 0xC5AE, 0xC5AE,   // Linha de pixels
0xC5AE, 0xC5AE, 0xC5AE, 0xC5AE, 0xC5AE, 0xC5AE, 0xC5AE, 0xC5AE, 0xC5AE, 0xC5AE, 0xC5AE, 0xC5AE, 0xC5AE, 0xC5AE, 0xC5AE, 0xC5AE,   // Linha de pixels
0xC5AE, 0xC5AE, 0xC5AE, 0xC5AE, 0xC5AE, 0xC5AE, 0xC5AE, 0xC5AE, 0xC5AE, 0xC5AE, 0xC5AE, 0xC5AE, 0xC5AE, 0xC5AE, 0xC5AE, 0xC5AE,   // Linha de pixels
0xC5AE, 0xC5AE, 0xC5AE, 0x62C7, 0x62C7, 0x62C7, 0x62C7, 0x18E1, 0x18E1, 0x18E1, 0x18E1, 0x18E1, 0xAD2C, 0xAD2C, 0xAD2C, 0xAD2C,   // Linha de pixels
0xC5AE, 0xC5AE, 0xC5AE, 0xC5AE, 0xC5AE, 0xC5AE, 0xC5AE, 0xC5AE, 0xC5AE, 0x04D0, 0x04D0, 0x04D0, 0x04D0, 0xC5AE, 0xC5AE, 0xC5AE,   // Linha de pixels
0xC5AE, 0xC5AE, 0xC5AE, 0xC5AE, 0xC5AE, 0xC5AE, 0x6B28, 0x6B28, 0x6B28, 0x6B28, 0x0000, 0x0000, 0x0000, 0x0000, 0x0000, 0x0000,   // Linha de pixels
0x0000, 0x0000, 0x0000, 0x0000, 0x0000, 0x0000, 0x0000, 0x0000, 0x0000, 0x0000, 0x0000, 0x0000, 0x0000, 0x0000, 0x0000, 0x0000,   // Linha de pixels
0x0000, 0x0000, 0x0000, 0x0000, 0x0000, 0x0000, 0x0000, 0x0000, 0x0000, 0x0000, 0x0000, 0x0000, 0x0000, 0x0000, 0x0000, 0x0000,   // Linha de pixels
0x0000, 0x0000, 0x0000, 0x0000, 0x0000, 0x0000, 0x0000, 0x0000, 0x0000, 0x0000, 0x0000, 0x0000, 0x0000, 0x0000, 0x0000, 0x0000,   // Linha de pixels
0x0000, 0x0000, 0x04E0, 0x04E0, 0x04E0, 0x04E0, 0x04E0, 0x0000, 0x0000, 0x0000, 0x0000, 0x0000, 0x0000, 0x0000, 0x0000, 0x0000,   // Linha de pixels
0x0000, 0x0000, 0x0000, 0x0000, 0x0000, 0x0000, 0x0000, 0x0000, 0x0000, 0x0000, 0x0000, 0x0000, 0x0000, 0x0000, 0x0000, 0x0000,   // Linha de pixels
0x0000, 0x0000, 0x0000, 0x0000, 0x0000, 0x0000, 0x0000, 0x0000, 0x0000, 0x0000, 0x0000, 0x0000, 0x0000, 0x0000, 0x0000, 0x0000,   // Linha de pixels
0x0000, 0x0000, 0x0000, 0x0000, 0x0000, 0x0000, 0x0000, 0x0000, 0x0000, 0x0000, 0x0000, 0x0000, 0x0000, 0x0000, 0x0000, 0x0000,   // Linha de pixels
0x0000, 0x0000, 0x0000, 0x0000, 0x0000, 0x0000, 0x0000, 0x0000, 0x0000, 0x0000, 0x0000, 0x0000, 0x04F0, 0x04F0, 0x04F0, 0x04F0,   // Linha de pixels
0x0000, 0x0000, 0x0000, 0x0000, 0x0000, 0x0000, 0x0000, 0x0000, 0x0000, 0x0000, 0x0000, 0x0000, 0x0000, 0x0000, 0x0000, 0x0000,   // Linha de pixels
0x0000, 0x0000, 0x0000, 0x0000, 0x0000, 0x0000, 0x0000, 0x0000, 0x0000, 0x0000, 0x0000, 0x0000, 0x0000, 0x0000, 0x0000, 0x0000,   // Linha de pixels
0x0000, 0x0000, 0x0000, 0x0000, 0x0000, 0x0000, 0x0000, 0x0000, 0x0000, 0x0000, 0x0000, 0x0000, 0x0000, 0x0000, 0x0000, 0x0000,   // Linha de pixels
0x0000, 0x0000, 0x0000, 0x0000, 0x0000, 0x0000, 0x0000, 0x0000, 0x0000, 0x0000, 0x0000, 0x0000, 0x0000, 0x0000, 0x0000, 0x0000,   // Linha de pixels
0x0000, 0x0000, 0x0000, 0x0000, 0x0000, 0x0500, 0x0500, 0x0500, 0x0500, 0x0500, 0x0000, 0x0000, 0x0000, 0x0000, 0x0000, 0x0000,   // Linha de pixels
0x0000, 0x0000, 0x0000, 0x0000, 0x0000, 0x0000, 0x0000, 0x1082, 0x1082, 0x1082, 0x1082, 0x18C3, 0x18C3, 0x18C3, 0x18C3, 0x18A2,   // Linha de pixels
0x18A2, 0x18A2, 0x18A2, 0x18A2, 0x18A2, 0x18A2, 0x18A2, 0x18A2, 0x18A2, 0x18A2, 0x18A2, 0x18A2, 0x18A2, 0x18A2, 0x18A2, 0x18A2,   // Linha de pixels
0x0020, 0x0020, 0x0020, 0x0020, 0x0020, 0x1082, 0x1082, 0x1082, 0x1082, 0x18A2, 0x18A2, 0x18A2, 0x18A2, 0x18A2, 0x18A2, 0x18A2,   // Linha de pixels
0x18A2, 0x18A2, 0x18A2, 0x18A2, 0x18A2, 0x18A2, 0x18A2, 0x18A2, 0x18A2, 0x18A2, 0x18A2, 0x18A2, 0x18A2, 0x18A2, 0x18A2, 0x0510,   // Linha de pixels
0x0510, 0x0510, 0x0510, 0x18A2, 0x18A2, 0x18A2, 0x18A2, 0x18A2, 0x18A2, 0x18A2, 0x18A2, 0x18A2, 0x18A2, 0x18A2, 0x18A2, 0x18A2,   // Linha de pixels
0x18A2, 0x18A2, 0x18A2, 0x18A2, 0x18A2, 0x18A2, 0x18A2, 0x18A2, 0x18A2, 0x0861, 0x0861, 0x0861, 0x0861, 0x0840, 0x0840, 0x0840,   // Linha de pixels
0x0840, 0x18A2, 0x18A2, 0x18A2, 0x18A2, 0x18A2, 0x18A2, 0x18A2, 0x18A2, 0x18A2, 0x18A2, 0x18A2, 0x18A2, 0x18A2, 0x18A2, 0x18A2,   // Linha de pixels
0x18A2, 0x18A2, 0x18A2, 0x18A2, 0x18A2, 0x18A2, 0x18A2, 0x0861, 0x0861, 0x0861, 0x0861, 0x0000, 0x0000, 0x0000, 0x0000, 0x0000,   // Linha de pixels
0x0000, 0x0000, 0x0000, 0x0000, 0x0000, 0x0000, 0x0000, 0x0000, 0x0520, 0x0520, 0x0520, 0x0520, 0x0520, 0x0000, 0x0000, 0x0000,   // Linha de pixels
0x0000, 0x0000, 0x0000, 0x0000, 0x0000, 0x0000, 0x0000, 0x0000, 0x0000, 0x0000, 0x0000, 0x0000, 0x0000, 0x0000, 0x0000, 0x0000,   // Linha de pixels
0x0000, 0x0000, 0x0000, 0x0000, 0x0000, 0x0000, 0x0000, 0x0000, 0x0000, 0x0000, 0x0000, 0x0000, 0x0000, 0x0000, 0x0000, 0x0000,   // Linha de pixels
0x0000, 0x0000, 0x0000, 0x0000, 0x0000, 0x0000, 0x0000, 0x0000, 0x0000, 0x0000, 0x0000, 0x0000, 0x0000, 0x0000, 0x0000, 0x0000,   // Linha de pixels
0x0000, 0x0000, 0x0000, 0x0000, 0x0000, 0x0000, 0x0000, 0x0000, 0x0000, 0x0000, 0x0000, 0x0000, 0x0000, 0x0000, 0x0000, 0x0000,   // Linha de pixels
0x0000, 0x0000, 0x0000, 0x0000, 0x0000, 0x0000, 0x0000, 0x0000, 0x0000, 0x0000, 0x0000, 0x0000, 0x0000, 0x0000, 0x0000, 0x0000,   // Linha de pixels
0x0000, 0x0000, 0x0000, 0x0000, 0x0000, 0x0000, 0x0000, 0x0000, 0x0000, 0x0000, 0x0000, 0x0000, 0x04F0, 0x04F0, 0x04F0, 0x04F0,   // Linha de pixels
0x0000, 0x0000, 0x0000, 0x0000, 0x0000, 0x0000, 0x0000, 0x0000, 0x0000, 0x0000, 0x0000, 0x0000, 0x0000, 0x0000, 0x0000, 0x0000,   // Linha de pixels
0x0000, 0x0000, 0x0000, 0x0000, 0x0000, 0x0000, 0x0000, 0x0000, 0x0000, 0x0000, 0x0000, 0x0000, 0x0000, 0x0000, 0x0000, 0x0000,   // Linha de pixels
0x0000, 0x0000, 0x0000, 0x0000, 0x0000, 0x0000, 0x0000, 0x0000, 0x0000, 0x0000, 0x0000, 0x0000, 0x0000, 0x0000, 0x0000, 0x0000,   // Linha de pixels
0x0000, 0x0000, 0x0000, 0x0000, 0x0000, 0x0000, 0x0000, 0x0000, 0x0000, 0x0000, 0x0000, 0x0000, 0x0000, 0x0000, 0x0000, 0x0000,   // Linha de pixels
0x0000, 0x0000, 0x0000, 0x0000, 0x0000, 0x0500, 0x0500, 0x0500, 0x0500, 0x0500, 0x0000, 0x0000, 0x0000, 0x0000, 0x0000, 0x0000,   // Linha de pixels
0x0000, 0x0000, 0x0000, 0x0000, 0x0000, 0x0000, 0x0000, 0x1082, 0x1082, 0x1082, 0x1082, 0x18C3, 0x18C3, 0x18C3, 0x18C3, 0x18A2,   // Linha de pixels
0x18A2, 0x18A2, 0x18A2, 0x18A2, 0x18A2, 0x18A2, 0x18A2, 0x18A2, 0x18A2, 0x18A2, 0x18A2, 0x18A2, 0x18A2, 0x18A2, 0x18A2, 0x18A2,   // Linha de pixels
0x0020, 0x0020, 0x0020, 0x0020, 0x0020, 0x1082, 0x1082, 0x1082, 0x1082, 0x18A2, 0x18A2, 0x18A2, 0x18A2, 0x18A2, 0x18A2, 0x18A2,   // Linha de pixels
0x18A2, 0x18A2, 0x18A2, 0x18A2, 0x18A2, 0x18A2, 0x18A2, 0x18A2, 0x18A2, 0x18A2, 0x18A2, 0x18A2, 0x18A2, 0x18A2, 0x18A2, 0x0510,   // Linha de pixels
0x0510, 0x0510, 0x0510, 0x18A2, 0x18A2, 0x18A2, 0x18A2, 0x18A2, 0x18A2, 0x18A2, 0x18A2, 0x18A2, 0x18A2, 0x18A2, 0x18A2, 0x18A2,   // Linha de pixels
0x18A2, 0x18A2, 0x18A2, 0x18A2, 0x18A2, 0x18A2, 0x18A2, 0x18A2, 0x18A2, 0x0861, 0x0861, 0x0861, 0x0861, 0x0840, 0x0840, 0x0840,   // Linha de pixels
0x0840, 0x18A2, 0x18A2, 0x18A2, 0x18A2, 0x18A2, 0x18A2, 0x18A2, 0x18A2, 0x18A2, 0x18A2, 0x18A2, 0x18A2, 0x18A2, 0x18A2, 0x18A2,   // Linha de pixels
0x18A2, 0x18A2, 0x18A2, 0x18A2, 0x18A2, 0x18A2, 0x18A2, 0x0861, 0x0861, 0x0861, 0x0861, 0x0000, 0x0000, 0x0000, 0x0000, 0x0000,   // Linha de pixels
0x0000, 0x0000, 0x0000, 0x0000, 0x0000, 0x0000, 0x0000, 0x0000, 0x0520, 0x0520, 0x0520, 0x0520, 0x0520, 0x0000, 0x0000, 0x0000,   // Linha de pixels
0x0000, 0x0000, 0x0000, 0x0000, 0x0000, 0x0000, 0x0000, 0x0000, 0x0000, 0x0000, 0x0000, 0x0000, 0x0000, 0x0000, 0x0000, 0x0000,   // Linha de pixels
0x0000, 0x0000, 0x0000, 0x0000, 0x0000, 0x0000, 0x0000, 0x0000, 0x0000, 0x0000, 0x0000, 0x0000, 0x0000, 0x0000, 0x0000, 0x0000,   // Linha de pixels
0x0000, 0x0000, 0x0000, 0x0000, 0x0000, 0x0000, 0x0000, 0x0000, 0x0000, 0x0000, 0x0000, 0x0000, 0x0000, 0x0000, 0x0000, 0x0000,   // Linha de pixels
0x0000, 0x0000, 0x0000, 0x0000, 0x0000, 0x0000, 0x0000, 0x0000, 0x0000, 0x0000, 0x0000, 0x0000, 0x0000, 0x0000, 0x0000, 0x0000,   // Linha de pixels
0x0000, 0x0000, 0x0530, 0x0530, 0x0530, 0x0530, 0x0000, 0x0000, 0x0000, 0x0000, 0x0000, 0x0000, 0x0000, 0x0000, 0x0000, 0x0000,   // Linha de pixels
0x0000, 0x0000, 0x0000, 0x0000, 0x0000, 0x0000, 0x0000, 0x0000, 0x0000, 0x0000, 0x0000, 0x0000, 0x0000, 0x0000, 0x0000, 0x0000,   // Linha de pixels
0x0000, 0x0000, 0x0000, 0x0000, 0x0000, 0x0000, 0x0000, 0x0000, 0x0000, 0x0000, 0x0000, 0x0000, 0x0000, 0x0000, 0x0000, 0x0000,   // Linha de pixels
0x0000, 0x0000, 0x0000, 0x0000, 0x0000, 0x0000, 0x0000, 0x0000, 0x0000, 0x0000, 0x0000, 0x0000, 0x0000, 0x0000, 0x0000, 0x0000,   // Linha de pixels
0x0000, 0x0000, 0x0000, 0x0000, 0x0000, 0x0000, 0x0000, 0x0000, 0x0000, 0x0000, 0x0000, 0x0540, 0x0540, 0x0540, 0x0540, 0x0540,   // Linha de pixels
0x0000, 0x0000, 0x0000, 0x0000, 0x0000, 0x0000, 0x0000, 0x0000, 0x0000, 0x0000, 0x0000, 0x0000, 0x0000, 0x0000, 0x0000, 0x0000,   // Linha de pixels
0x0000, 0x0000, 0x0000, 0x0000, 0x0000, 0x0000, 0x0000, 0x0000, 0x0000, 0x0000, 0x0000, 0x0000, 0x0000, 0x0000, 0x0000, 0x0000,   // Linha de pixels
0x0000, 0x0000, 0x0000, 0x0000, 0x0000, 0x0000, 0x0000, 0x0000, 0x0000, 0x0000, 0x0000, 0x0000, 0x0000, 0x0000, 0x0000, 0x0840,   // Linha de pixels
0x0840, 0x0840, 0x0840, 0x0840, 0x2124, 0x2124, 0x2124, 0x2124, 0x6B2C, 0x6B2C, 0x6B2C, 0x6B2C, 0x8430, 0x8430, 0x8430, 0x8430,   // Linha de pixels
0x8430, 0x8430, 0x8430, 0x8430, 0x8430, 0x0550, 0x0550, 0x0550, 0x0550, 0x8430, 0x8430, 0x8430, 0x8430, 0x8430, 0x8430, 0x8430,   // Linha de pixels
0x8430, 0x8430, 0x736D, 0x736D, 0x736D, 0x736D, 0x0861, 0x0861, 0x0861, 0x0861, 0x5AEB, 0x5AEB, 0x5AEB, 0x5AEB, 0x5AEB, 0x8430,   // Linha de pixels
0x8430, 0x8430, 0x8430, 0x8430, 0x8430, 0x8430, 0x8430, 0x8430, 0x8430, 0x8430, 0x8430, 0x8430, 0x8430, 0x8430, 0x8430, 0x8430,   // Linha de pixels
0x8430, 0x8430, 0x8430, 0x8430, 0x8430, 0x8430, 0x8430, 0x8430, 0x8430, 0x8430, 0x8430, 0x8430, 0x8430, 0x8430, 0x8430, 0x8430,   // Linha de pixels
0x8430, 0x8430, 0x8430, 0x8430, 0x8430, 0x8430, 0x8C51, 0x8C51, 0x8C51, 0x8C51, 0x4208, 0x4208, 0x4208, 0x4208, 0x0560, 0x0560,   // Linha de pixels
0x0560, 0x0560, 0x0560, 0x18A2, 0x18A2, 0x18A2, 0x18A2, 0x7BEF, 0x7BEF, 0x7BEF, 0x7BEF, 0x8430, 0x8430, 0x8430, 0x8430, 0x8430,   // Linha de pixels
0x8430, 0x8430, 0x8430, 0x8430, 0x8430, 0x8430, 0x8430, 0x8430, 0x8430, 0x8430, 0x8430, 0x8430, 0x8430, 0x5AEB, 0x5AEB, 0x5AEB,   // Linha de pixels
0x5AEB, 0x2104, 0x2104, 0x2104, 0x2104, 0x0020, 0x0020, 0x0020, 0x0020, 0x0020, 0x0000, 0x0000, 0x0000, 0x0000, 0x0000, 0x0000,   // Linha de pixels
0x0000, 0x0000, 0x0000, 0x0000, 0x0000, 0x0000, 0x0000, 0x0000, 0x0000, 0x0000, 0x0000, 0x0000, 0x0000, 0x0000, 0x0000, 0x0000,   // Linha de pixels
0x0000, 0x0000, 0x0000, 0x0000, 0x0000, 0x0000, 0x0000, 0x0000, 0x0570, 0x0570, 0x0570, 0x0570, 0x0000, 0x0000, 0x0000, 0x0000,   // Linha de pixels
0x0000, 0x0000, 0x0000, 0x0000, 0x0000, 0x0000, 0x0000, 0x0000, 0x0000, 0x0000, 0x0000, 0x0000, 0x0000, 0x0000, 0x0000, 0x0000,   // Linha de pixels
0x0000, 0x0000, 0x0530, 0x0530, 0x0530, 0x0530, 0x0000, 0x0000, 0x0000, 0x0000, 0x0000, 0x0000, 0x0000, 0x0000, 0x0000, 0x0000,   // Linha de pixels
0x0000, 0x0000, 0x0000, 0x0000, 0x0000, 0x0000, 0x0000, 0x0000, 0x0000, 0x0000, 0x0000, 0x0000, 0x0000, 0x0000, 0x0000, 0x0000,   // Linha de pixels
0x0000, 0x0000, 0x0000, 0x0000, 0x0000, 0x0000, 0x0000, 0x0000, 0x0000, 0x0000, 0x0000, 0x0000, 0x0000, 0x0000, 0x0000, 0x0000,   // Linha de pixels
0x0000, 0x0000, 0x0000, 0x0000, 0x0000, 0x0000, 0x0000, 0x0000, 0x0000, 0x0000, 0x0000, 0x0000, 0x0000, 0x0000, 0x0000, 0x0000,   // Linha de pixels
0x0000, 0x0000, 0x0000, 0x0000, 0x0000, 0x0000, 0x0000, 0x0000, 0x0000, 0x0000, 0x0000, 0x0540, 0x0540, 0x0540, 0x0540, 0x0540,   // Linha de pixels
0x0000, 0x0000, 0x0000, 0x0000, 0x0000, 0x0000, 0x0000, 0x0000, 0x0000, 0x0000, 0x0000, 0x0000, 0x0000, 0x0000, 0x0000, 0x0000,   // Linha de pixels
0x0000, 0x0000, 0x0000, 0x0000, 0x0000, 0x0000, 0x0000, 0x0000, 0x0000, 0x0000, 0x0000, 0x0000, 0x0000, 0x0000, 0x0000, 0x0000,   // Linha de pixels
0x0000, 0x0000, 0x0000, 0x0000, 0x0000, 0x0000, 0x0000, 0x0000, 0x0000, 0x0000, 0x0000, 0x0000, 0x0000, 0x0000, 0x0000, 0x0840,   // Linha de pixels
0x0840, 0x0840, 0x0840, 0x0840, 0x2124, 0x2124, 0x2124, 0x2124, 0x6B2C, 0x6B2C, 0x6B2C, 0x6B2C, 0x8430, 0x8430, 0x8430, 0x8430,   // Linha de pixels
0x8430, 0x8430, 0x8430, 0x8430, 0x8430, 0x0550, 0x0550, 0x0550, 0x0550, 0x8430, 0x8430, 0x8430, 0x8430, 0x8430, 0x8430, 0x8430,   // Linha de pixels
0x8430, 0x8430, 0x736D, 0x736D, 0x736D, 0x736D, 0x0861, 0x0861, 0x0861, 0x0861, 0x5AEB, 0x5AEB, 0x5AEB, 0x5AEB, 0x5AEB, 0x8430,   // Linha de pixels
0x8430, 0x8430, 0x8430, 0x8430, 0x8430, 0x8430, 0x8430, 0x8430, 0x8430, 0x8430, 0x8430, 0x8430, 0x8430, 0x8430, 0x8430, 0x8430,   // Linha de pixels
0x8430, 0x8430, 0x8430, 0x8430, 0x8430, 0x8430, 0x8430, 0x8430, 0x8430, 0x8430, 0x8430, 0x8430, 0x8430, 0x8430, 0x8430, 0x8430,   // Linha de pixels
0x8430, 0x8430, 0x8430, 0x8430, 0x8430, 0x8430, 0x8C51, 0x8C51, 0x8C51, 0x8C51, 0x4208, 0x4208, 0x4208, 0x4208, 0x0560, 0x0560,   // Linha de pixels
0x0560, 0x0560, 0x0560, 0x18A2, 0x18A2, 0x18A2, 0x18A2, 0x7BEF, 0x7BEF, 0x7BEF, 0x7BEF, 0x8430, 0x8430, 0x8430, 0x8430, 0x8430,   // Linha de pixels
0x8430, 0x8430, 0x8430, 0x8430, 0x8430, 0x8430, 0x8430, 0x8430, 0x8430, 0x8430, 0x8430, 0x8430, 0x8430, 0x5AEB, 0x5AEB, 0x5AEB,   // Linha de pixels
0x5AEB, 0x2104, 0x2104, 0x2104, 0x2104, 0x0020, 0x0020, 0x0020, 0x0020, 0x0020, 0x0000, 0x0000, 0x0000, 0x0000, 0x0000, 0x0000,   // Linha de pixels
0x0000, 0x0000, 0x0000, 0x0000, 0x0000, 0x0000, 0x0000, 0x0000, 0x0000, 0x0000, 0x0000, 0x0000, 0x0000, 0x0000, 0x0000, 0x0000,   // Linha de pixels
0x0000, 0x0000, 0x0000, 0x0000, 0x0000, 0x0000, 0x0000, 0x0000, 0x0570, 0x0570, 0x0570, 0x0570, 0x0000, 0x0000, 0x0000, 0x0000,   // Linha de pixels
0x0000, 0x0000, 0x0000, 0x0000, 0x0000, 0x0000, 0x0000, 0x0000, 0x0000, 0x0000, 0x0000, 0x0000, 0x0000, 0x0000, 0x0000, 0x0000,   // Linha de pixels
0x0000, 0x0000, 0x0000, 0x0000, 0x0000, 0x0000, 0x0000, 0x0000, 0x0000, 0x0000, 0x0000, 0x0000, 0x0000, 0x0000, 0x0000, 0x0000,   // Linha de pixels
0x0000, 0x0000, 0x0000, 0x0000, 0x0000, 0x0000, 0x0000, 0x0000, 0x0000, 0x0000, 0x0000, 0x0000, 0x0000, 0x0000, 0x0000, 0x0000,   // Linha de pixels
0x0000, 0x0000, 0x0000, 0x0000, 0x0000, 0x0000, 0x0000, 0x0000, 0x0000, 0x0000, 0x0000, 0x0000, 0x0000, 0x0000, 0x0000, 0x0000,   // Linha de pixels
0x0000, 0x0580, 0x0580, 0x0580, 0x0580, 0x0580, 0x0000, 0x0000, 0x0000, 0x0000, 0x0000, 0x0000, 0x0000, 0x0000, 0x0000, 0x0000,   // Linha de pixels
0x0000, 0x0000, 0x0000, 0x0000, 0x0000, 0x0000, 0x0000, 0x0000, 0x0000, 0x0000, 0x0000, 0x0000, 0x0000, 0x0000, 0x0000, 0x0000,   // Linha de pixels
0x0000, 0x0000, 0x0000, 0x0000, 0x0000, 0x0000, 0x0000, 0x0000, 0x0000, 0x0000, 0x0000, 0x0000, 0x0000, 0x0000, 0x0000, 0x0000,   // Linha de pixels
0x0000, 0x0000, 0x0000, 0x0000, 0x0000, 0x0000, 0x0000, 0x0000, 0x0000, 0x0000, 0x0000, 0x0000, 0x0000, 0x0000, 0x0000, 0x0000,   // Linha de pixels
0x0000, 0x0000, 0x0000, 0x0000, 0x0000, 0x0000, 0x0000, 0x0000, 0x0000, 0x0000, 0x0000, 0x0590, 0x0590, 0x0590, 0x0590, 0x0000,   // Linha de pixels
0x0000, 0x0000, 0x0000, 0x0000, 0x0000, 0x0000, 0x0000, 0x0000, 0x0000, 0x0000, 0x0000, 0x0000, 0x0000, 0x0000, 0x0000, 0x0000,   // Linha de pixels
0x0000, 0x0000, 0x0000, 0x0000, 0x0000, 0x3186, 0x3186, 0x3186, 0x3186, 0xCE59, 0xCE59, 0xCE59, 0xCE59, 0xEF5D, 0xEF5D, 0xEF5D,   // Linha de pixels
0xEF5D, 0xEF5D, 0xEF7D, 0xEF7D, 0xEF7D, 0xEF7D, 0xEF7D, 0xEF7D, 0xEF7D, 0xEF7D, 0xEF7D, 0xEF7D, 0xEF7D, 0xEF7D, 0xEF7D, 0xEF7D,   // Linha de pixels
0xEF7D, 0xEF7D, 0xEF7D, 0xC618, 0xC618, 0xC618, 0xC618, 0x18A2, 0x18A2, 0x18A2, 0x18A2, 0x18A2, 0xA514, 0xA514, 0xA514, 0xA514,   // Linha de pixels
0xEF7D, 0xEF7D, 0xEF7D, 0xEF7D, 0x05A0, 0x05A0, 0x05A0, 0x05A0, 0x05A0, 0xEF7D, 0xEF7D, 0xEF7D, 0xEF7D, 0xEF7D, 0xEF7D, 0xEF7D,   // Linha de pixels
0xEF7D, 0xEF7D, 0xEF7D, 0xEF7D, 0xEF7D, 0xEF7D, 0xEF7D, 0xEF7D, 0xEF7D, 0xEF7D, 0xEF7D, 0xEF7D, 0xEF7D, 0xEF7D, 0xEF7D, 0xEF7D,   // Linha de pixels
0xEF7D, 0xEF7D, 0xEF7D, 0xEF7D, 0xEF7D, 0xEF7D, 0xEF7D, 0xEF7D, 0xEF7D, 0xEF7D, 0xEF7D, 0xEF7D, 0xEF7D, 0xEF7D, 0xEF7D, 0xEF7D,   // Linha de pixels
0x73AE, 0x73AE, 0x73AE, 0x73AE, 0x2104, 0x2104, 0x2104, 0x2104, 0xDEDB, 0xDEDB, 0xDEDB, 0xDEDB, 0xDEDB, 0xEF7D, 0xEF7D, 0xEF7D,   // Linha de pixels
0xEF7D, 0xEF7D, 0xEF7D, 0xEF7D, 0xEF7D, 0xEF7D, 0xEF7D, 0xEF7D, 0xEF7D, 0xEF7D, 0xEF7D, 0xEF7D, 0xEF7D, 0xEF7D, 0x05B0, 0x05B0,   // Linha de pixels
0x05B0, 0x05B0, 0xEF5D, 0xEF5D, 0xEF5D, 0xEF5D, 0xEF5D, 0xBDD7, 0xBDD7, 0xBDD7, 0xBDD7, 0x18C3, 0x18C3, 0x18C3, 0x18C3, 0x0000,   // Linha de pixels
0x0000, 0x0000, 0x0000, 0x0000, 0x0000, 0x0000, 0x0000, 0x0000, 0x0000, 0x0000, 0x0000, 0x0000, 0x0000, 0x0000, 0x0000, 0x0000,   // Linha de pixels
0x0000, 0x0000, 0x0000, 0x0000, 0x0000, 0x0000, 0x0000, 0x0000, 0x0000, 0x0000, 0x0000, 0x0000, 0x0000, 0x0000, 0x0000, 0x0000,   // Linha de pixels
0x0000, 0x0000, 0x0000, 0x0000, 0x0000, 0x0000, 0x0000, 0x0000, 0x0000, 0x0000, 0x0000, 0x0000, 0x0000, 0x0000, 0x0000, 0x0000,   // Linha de pixels
0x0000, 0x0000, 0x0000, 0x0000, 0x0000, 0x0000, 0x0000, 0x0000, 0x0000, 0x0000, 0x0000, 0x0000, 0x0000, 0x0000, 0x0000, 0x0000,   // Linha de pixels
0x0000, 0x0000, 0x0000, 0x0000, 0x0000, 0x0000, 0x0000, 0x0000, 0x0000, 0x0000, 0x0000, 0x0000, 0x0000, 0x0000, 0x0000, 0x0000,   // Linha de pixels
0x0000, 0x0580, 0x0580, 0x0580, 0x0580, 0x0580, 0x0000, 0x0000, 0x0000, 0x0000, 0x0000, 0x0000, 0x0000, 0x0000, 0x0000, 0x0000,   // Linha de pixels
0x0000, 0x0000, 0x0000, 0x0000, 0x0000, 0x0000, 0x0000, 0x0000, 0x0000, 0x0000, 0x0000, 0x0000, 0x0000, 0x0000, 0x0000, 0x0000,   // Linha de pixels
0x0000, 0x0000, 0x0000, 0x0000, 0x0000, 0x0000, 0x0000, 0x0000, 0x0000, 0x0000, 0x0000, 0x0000, 0x0000, 0x0000, 0x0000, 0x0000,   // Linha de pixels
0x0000, 0x0000, 0x0000, 0x0000, 0x0000, 0x0000, 0x0000, 0x0000, 0x0000, 0x0000, 0x0000, 0x0000, 0x0000, 0x0000, 0x0000, 0x0000,   // Linha de pixels
0x0000, 0x0000, 0x0000, 0x0000, 0x0000, 0x0000, 0x0000, 0x0000, 0x0000, 0x0000, 0x0000, 0x0590, 0x0590, 0x0590, 0x0590, 0x0000,   // Linha de pixels
0x0000, 0x0000, 0x0000, 0x0000, 0x0000, 0x0000, 0x0000, 0x0000, 0x0000, 0x0000, 0x0000, 0x0000, 0x0000, 0x0000, 0x0000, 0x0000,   // Linha de pixels
0x0000, 0x0000, 0x0000, 0x0000, 0x0000, 0x3186, 0x3186, 0x3186, 0x3186, 0xCE59, 0xCE59, 0xCE59, 0xCE59, 0xEF5D, 0xEF5D, 0xEF5D,   // Linha de pixels
0xEF5D, 0xEF5D, 0xEF7D, 0xEF7D, 0xEF7D, 0xEF7D, 0xEF7D, 0xEF7D, 0xEF7D, 0xEF7D, 0xEF7D, 0xEF7D, 0xEF7D, 0xEF7D, 0xEF7D, 0xEF7D,   // Linha de pixels
0xEF7D, 0xEF7D, 0xEF7D, 0xC618, 0xC618, 0xC618, 0xC618, 0x18A2, 0x18A2, 0x18A2, 0x18A2, 0x18A2, 0xA514, 0xA514, 0xA514, 0xA514,   // Linha de pixels
0xEF7D, 0xEF7D, 0xEF7D, 0xEF7D, 0x05A0, 0x05A0, 0x05A0, 0x05A0, 0x05A0, 0xEF7D, 0xEF7D, 0xEF7D, 0xEF7D, 0xEF7D, 0xEF7D, 0xEF7D,   // Linha de pixels
0xEF7D, 0xEF7D, 0xEF7D, 0xEF7D, 0xEF7D, 0xEF7D, 0xEF7D, 0xEF7D, 0xEF7D, 0xEF7D, 0xEF7D, 0xEF7D, 0xEF7D, 0xEF7D, 0xEF7D, 0xEF7D,   // Linha de pixels
0xEF7D, 0xEF7D, 0xEF7D, 0xEF7D, 0xEF7D, 0xEF7D, 0xEF7D, 0xEF7D, 0xEF7D, 0xEF7D, 0xEF7D, 0xEF7D, 0xEF7D, 0xEF7D, 0xEF7D, 0xEF7D,   // Linha de pixels
0x73AE, 0x73AE, 0x73AE, 0x73AE, 0x2104, 0x2104, 0x2104, 0x2104, 0xDEDB, 0xDEDB, 0xDEDB, 0xDEDB, 0xDEDB, 0xEF7D, 0xEF7D, 0xEF7D,   // Linha de pixels
0xEF7D, 0xEF7D, 0xEF7D, 0xEF7D, 0xEF7D, 0xEF7D, 0xEF7D, 0xEF7D, 0xEF7D, 0xEF7D, 0xEF7D, 0xEF7D, 0xEF7D, 0xEF7D, 0x05B0, 0x05B0,   // Linha de pixels
0x05B0, 0x05B0, 0xEF5D, 0xEF5D, 0xEF5D, 0xEF5D, 0xEF5D, 0xBDD7, 0xBDD7, 0xBDD7, 0xBDD7, 0x18C3, 0x18C3, 0x18C3, 0x18C3, 0x0000,   // Linha de pixels
0x0000, 0x0000, 0x0000, 0x0000, 0x0000, 0x0000, 0x0000, 0x0000, 0x0000, 0x0000, 0x0000, 0x0000, 0x0000, 0x0000, 0x0000, 0x0000,   // Linha de pixels
0x0000, 0x0000, 0x0000, 0x0000, 0x0000, 0x0000, 0x0000, 0x0000, 0x0000, 0x0000, 0x0000, 0x0000, 0x0000, 0x0000, 0x0000, 0x0000,   // Linha de pixels
0x0000, 0x0000, 0x0000, 0x0000, 0x0000, 0x0000, 0x0000, 0x0000, 0x0000, 0x0000, 0x0000, 0x0000, 0x0000, 0x0000, 0x0000, 0x0000,   // Linha de pixels
0x0000, 0x0000, 0x0000, 0x0000, 0x0000, 0x0000, 0x0000, 0x0000, 0x0000, 0x0000, 0x0000, 0x0000, 0x0000, 0x0000, 0x0000, 0x0000,   // Linha de pixels
0x0000, 0x0000, 0x0000, 0x0000, 0x0000, 0x0000, 0x0000, 0x0000, 0x0000, 0x0000, 0x0000, 0x0000, 0x0000, 0x0000, 0x0000, 0x0000,   // Linha de pixels
0x0000, 0x0580, 0x0580, 0x0580, 0x0580, 0x0580, 0x0000, 0x0000, 0x0000, 0x0000, 0x0000, 0x0000, 0x0000, 0x0000, 0x0000, 0x0000,   // Linha de pixels
0x0000, 0x0000, 0x0000, 0x0000, 0x0000, 0x0000, 0x0000, 0x0000, 0x0000, 0x0000, 0x0000, 0x0000, 0x0000, 0x0000, 0x0000, 0x0000,   // Linha de pixels
0x0000, 0x0000, 0x0000, 0x0000, 0x0000, 0x0000, 0x0000, 0x0000, 0x0000, 0x0000, 0x0000, 0x0000, 0x0000, 0x0000, 0x0000, 0x0000,   // Linha de pixels
0x0000, 0x0000, 0x0000, 0x0000, 0x0000, 0x0000, 0x0000, 0x0000, 0x0000, 0x0000, 0x0000, 0x0000, 0x0000, 0x0000, 0x0000, 0x0000,   // Linha de pixels
0x0000, 0x0000, 0x0000, 0x0000, 0x0000, 0x0000, 0x0000, 0x0000, 0x0000, 0x0000, 0x0000, 0x0590, 0x0590, 0x0590, 0x0590, 0x0000,   // Linha de pixels
0x0000, 0x0000, 0x0000, 0x0000, 0x0000, 0x0000, 0x0000, 0x0000, 0x0000, 0x0000, 0x0000, 0x0000, 0x0000, 0x0000, 0x0000, 0x0000,   // Linha de pixels
0x0000, 0x0000, 0x0000, 0x0000, 0x0000, 0x3186, 0x3186, 0x3186, 0x3186, 0xCE59, 0xCE59, 0xCE59, 0xCE59, 0xEF5D, 0xEF5D, 0xEF5D,   // Linha de pixels
0xEF5D, 0xEF5D, 0xEF7D, 0xEF7D, 0xEF7D, 0xEF7D, 0xEF7D, 0xEF7D, 0xEF7D, 0xEF7D, 0xEF7D, 0xEF7D, 0xEF7D, 0xEF7D, 0xEF7D, 0xEF7D,   // Linha de pixels
0xEF7D, 0xEF7D, 0xEF7D, 0xC618, 0xC618, 0xC618, 0xC618, 0x18A2, 0x18A2, 0x18A2, 0x18A2, 0x18A2, 0xA514, 0xA514, 0xA514, 0xA514,   // Linha de pixels
0xEF7D, 0xEF7D, 0xEF7D, 0xEF7D, 0x05A0, 0x05A0, 0x05A0, 0x05A0, 0x05A0, 0xEF7D, 0xEF7D, 0xEF7D, 0xEF7D, 0xEF7D, 0xEF7D, 0xEF7D,   // Linha de pixels
0xEF7D, 0xEF7D, 0xEF7D, 0xEF7D, 0xEF7D, 0xEF7D, 0xEF7D, 0xEF7D, 0xEF7D, 0xEF7D, 0xEF7D, 0xEF7D, 0xEF7D, 0xEF7D, 0xEF7D, 0xEF7D,   // Linha de pixels
0xEF7D, 0xEF7D, 0xEF7D, 0xEF7D, 0xEF7D, 0xEF7D, 0xEF7D, 0xEF7D, 0xEF7D, 0xEF7D, 0xEF7D, 0xEF7D, 0xEF7D, 0xEF7D, 0xEF7D, 0xEF7D,   // Linha de pixels
0x73AE, 0x73AE, 0x73AE, 0x73AE, 0x2104, 0x2104, 0x2104, 0x2104, 0xDEDB, 0xDEDB, 0xDEDB, 0xDEDB, 0xDEDB, 0xEF7D, 0xEF7D, 0xEF7D,   // Linha de pixels
0xEF7D, 0xEF7D, 0xEF7D, 0xEF7D, 0xEF7D, 0xEF7D, 0xEF7D, 0xEF7D, 0xEF7D, 0xEF7D, 0xEF7D, 0xEF7D, 0xEF7D, 0xEF7D, 0x05B0, 0x05B0,   // Linha de pixels
0x05B0, 0x05B0, 0xEF5D, 0xEF5D, 0xEF5D, 0xEF5D, 0xEF5D, 0xBDD7, 0xBDD7, 0xBDD7, 0xBDD7, 0x18C3, 0x18C3, 0x18C3, 0x18C3, 0x0000,   // Linha de pixels
0x0000, 0x0000, 0x0000, 0x0000, 0x0000, 0x0000, 0x0000, 0x0000, 0x0000, 0x0000, 0x0000, 0x0000, 0x0000, 0x0000, 0x0000, 0x0000,   // Linha de pixels
0x0000, 0x0000, 0x0000, 0x0000, 0x0000, 0x0000, 0x0000, 0x0000, 0x0000, 0x0000, 0x0000, 0x0000, 0x0000, 0x0000, 0x0000, 0x0000,   // Linha de pixels
0x0000, 0x0000, 0x0000, 0x0000, 0x0000, 0x0000, 0x0000, 0x0000, 0x0000, 0x0000, 0x0000, 0x0000, 0x0000, 0x0000, 0x0000, 0x0000,   // Linha de pixels
0x0000, 0x0000, 0x0000, 0x0000, 0x0000, 0x0000, 0x0000, 0x05C0, 0x05C0, 0x05C0, 0x05C0, 0x05C0, 0x0000, 0x0000, 0x0000, 0x0000,   // Linha de pixels
0x0000, 0x0000, 0x0000, 0x0000, 0x0000, 0x0000, 0x0000, 0x0000, 0x0000, 0x0000, 0x0000, 0x0000, 0x0000, 0x0000, 0x0000, 0x0000,   // Linha de pixels
0x0000, 0x0000, 0x0000, 0x0000, 0x0000, 0x0000, 0x0000, 0x0000, 0x0000, 0x0000, 0x0000, 0x0000, 0x0000, 0x0000, 0x0000, 0x0000,   // Linha de pixels
0x0000, 0x0000, 0x0000, 0x0000, 0x0000, 0x0000, 0x0000, 0x0000, 0x0000, 0x0000, 0x0000, 0x0000, 0x0000, 0x0000, 0x0000, 0x0000,   // Linha de pixels
0x0000, 0x0000, 0x0000, 0x0000, 0x0000, 0x0000, 0x0000, 0x0000, 0x0000, 0x0000, 0x0000, 0x0000, 0x0000, 0x0000, 0x0000, 0x0000,   // Linha de pixels
0x0000, 0x05D0, 0x05D0, 0x05D0, 0x05D0, 0x0000, 0x0000, 0x0000, 0x0000, 0x0000, 0x0000, 0x0000, 0x0000, 0x0000, 0x0000, 0x0000,   // Linha de pixels
0x0000, 0x0000, 0x0000, 0x0000, 0x0000, 0x0000, 0x0000, 0x0000, 0x0000, 0x0000, 0x0000, 0x0000, 0x0000, 0x0000, 0x0000, 0x0000,   // Linha de pixels
0x0000, 0x0000, 0x0000, 0x0000, 0x0000, 0x0000, 0x0000, 0x0000, 0x0000, 0x0000, 0x0000, 0x0000, 0x0000, 0x0000, 0x0000, 0x0000,   // Linha de pixels
0x0000, 0x0000, 0x0000, 0x0000, 0x0000, 0x0000, 0x0000, 0x0000, 0x0000, 0x0000, 0x0000, 0x0000, 0x0000, 0x0000, 0x0000, 0x0000,   // Linha de pixels
0x0000, 0x0000, 0x0000, 0x0000, 0x0000, 0x0000, 0x39C7, 0x39C7, 0x39C7, 0x39C7, 0x05E0, 0x05E0, 0x05E0, 0x05E0, 0x05E0, 0xEF7D,   // Linha de pixels
0xEF7D, 0xEF7D, 0xEF7D, 0xFFFF, 0xFFFF, 0xFFFF, 0xFFFF, 0xFFFF, 0xFFFF, 0xFFFF, 0xFFFF, 0xFFFF, 0xFFFF, 0xFFFF, 0xFFFF, 0xFFFF,   // Linha de pixels
0xFFFF, 0xFFFF, 0xFFFF, 0xFFFF, 0xFFFF, 0xFFFF, 0xFFFF, 0xFFFF, 0xFFFF, 0xCE79, 0xCE79, 0xCE79, 0xCE79, 0x18C3, 0x18C3, 0x18C3,   // Linha de pixels
0x18C3, 0xB596, 0xB596, 0xB596, 0xB596, 0xB596, 0xFFFF, 0xFFFF, 0xFFFF, 0xFFFF, 0xFFFF, 0xFFFF, 0xFFFF, 0xFFFF, 0xFFFF, 0xFFFF,   // Linha de pixels
0xFFFF, 0xFFFF, 0xFFFF, 0xFFFF, 0xFFFF, 0xFFFF, 0xFFFF, 0xFFFF, 0xFFFF, 0xFFFF, 0xFFFF, 0xFFFF, 0xFFFF, 0xFFFF, 0xFFFF, 0xFFFF,   // Linha de pixels
0xFFFF, 0xFFFF, 0xFFFF, 0xFFFF, 0x05F0, 0x05F0, 0x05F0, 0x05F0, 0xFFFF, 0xFFFF, 0xFFFF, 0xFFFF, 0xFFFF, 0xFFFF, 0xFFFF, 0xFFFF,   // Linha de pixels
0xFFFF, 0xFFFF, 0xFFFF, 0xFFFF, 0xFFFF, 0x8430, 0x8430, 0x8430, 0x8430, 0x8430, 0x2124, 0x2124, 0x2124, 0x2124, 0xEF5D, 0xEF5D,   // Linha de pixels
0xEF5D, 0xEF5D, 0xFFFF, 0xFFFF, 0xFFFF, 0xFFFF, 0xFFFF, 0xFFFF, 0xFFFF, 0xFFFF, 0xFFFF, 0xFFFF, 0xFFFF, 0xFFFF, 0xFFFF, 0xFFFF,   // Linha de pixels
0xFFFF, 0xFFFF, 0xFFFF, 0xFFFF, 0xFFFF, 0xFFFF, 0xFFFF, 0xFFFF, 0xDEDB, 0xDEDB, 0xDEDB, 0xDEDB, 0x2104, 0x2104, 0x2104, 0x2104,   // Linha de pixels
0x0000, 0x0000, 0x0000, 0x0000, 0x0000, 0x0000, 0x0000, 0x0000, 0x0000, 0x0000, 0x0000, 0x0000, 0x0000, 0x0000, 0x0000, 0x0000,   // Linha de pixels
0x0000, 0x0000, 0x0000, 0x0000, 0x0000, 0x0000, 0x0000, 0x0000, 0x0000, 0x0000, 0x0000, 0x0000, 0x0000, 0x0000, 0x0000, 0x0000,   // Linha de pixels
0x0000, 0x0000, 0x0000, 0x0000, 0x0000, 0x0000, 0x0000, 0x05C0, 0x05C0, 0x05C0, 0x05C0, 0x05C0, 0x0000, 0x0000, 0x0000, 0x0000,   // Linha de pixels
0x0000, 0x0000, 0x0000, 0x0000, 0x0000, 0x0000, 0x0000, 0x0000, 0x0000, 0x0000, 0x0000, 0x0000, 0x0000, 0x0000, 0x0000, 0x0000,   // Linha de pixels
0x0000, 0x0000, 0x0000, 0x0000, 0x0000, 0x0000, 0x0000, 0x0000, 0x0000, 0x0000, 0x0000, 0x0000, 0x0000, 0x0000, 0x0000, 0x0000,   // Linha de pixels
0x0000, 0x0000, 0x0000, 0x0000, 0x0000, 0x0000, 0x0000, 0x0000, 0x0000, 0x0000, 0x0000, 0x0000, 0x0000, 0x0000, 0x0000, 0x0000,   // Linha de pixels
0x0000, 0x0000, 0x0000, 0x0000, 0x0000, 0x0000, 0x0000, 0x0000, 0x0000, 0x0000, 0x0000, 0x0000, 0x0000, 0x0000, 0x0000, 0x0000,   // Linha de pixels
0x0000, 0x05D0, 0x05D0, 0x05D0, 0x05D0, 0x0000, 0x0000, 0x0000, 0x0000, 0x0000, 0x0000, 0x0000, 0x0000, 0x0000, 0x0000, 0x0000,   // Linha de pixels
0x0000, 0x0000, 0x0000, 0x0000, 0x0000, 0x0000, 0x0000, 0x0000, 0x0000, 0x0000, 0x0000, 0x0000, 0x0000, 0x0000, 0x0000, 0x0000,   // Linha de pixels
0x0000, 0x0000, 0x0000, 0x0000, 0x0000, 0x0000, 0x0000, 0x0000, 0x0000, 0x0000, 0x0000, 0x0000, 0x0000, 0x0000, 0x0000, 0x0000,   // Linha de pixels
0x0000, 0x0000, 0x0000, 0x0000, 0x0000, 0x0000, 0x0000, 0x0000, 0x0000, 0x0000, 0x0000, 0x0000, 0x0000, 0x0000, 0x0000, 0x0000,   // Linha de pixels
0x0000, 0x0000, 0x0000, 0x0000, 0x0000, 0x0000, 0x39C7, 0x39C7, 0x39C7, 0x39C7, 0x05E0, 0x05E0, 0x05E0, 0x05E0, 0x05E0, 0xEF7D,   // Linha de pixels
0xEF7D, 0xEF7D, 0xEF7D, 0xFFFF, 0xFFFF, 0xFFFF, 0xFFFF, 0xFFFF, 0xFFFF, 0xFFFF, 0xFFFF, 0xFFFF, 0xFFFF, 0xFFFF, 0xFFFF, 0xFFFF,   // Linha de pixels
0xFFFF, 0xFFFF, 0xFFFF, 0xFFFF, 0xFFFF, 0xFFFF, 0xFFFF, 0xFFFF, 0xFFFF, 0xCE79, 0xCE79, 0xCE79, 0xCE79, 0x18C3, 0x18C3, 0x18C3,   // Linha de pixels
0x18C3, 0xB596, 0xB596, 0xB596, 0xB596, 0xB596, 0xFFFF, 0xFFFF, 0xFFFF, 0xFFFF, 0xFFFF, 0xFFFF, 0xFFFF, 0xFFFF, 0xFFFF, 0xFFFF,   // Linha de pixels
0xFFFF, 0xFFFF, 0xFFFF, 0xFFFF, 0xFFFF, 0xFFFF, 0xFFFF, 0xFFFF, 0xFFFF, 0xFFFF, 0xFFFF, 0xFFFF, 0xFFFF, 0xFFFF, 0xFFFF, 0xFFFF,   // Linha de pixels
0xFFFF, 0xFFFF, 0xFFFF, 0xFFFF, 0x05F0, 0x05F0, 0x05F0, 0x05F0, 0xFFFF, 0xFFFF, 0xFFFF, 0xFFFF, 0xFFFF, 0xFFFF, 0xFFFF, 0xFFFF,   // Linha de pixels
0xFFFF, 0xFFFF, 0xFFFF, 0xFFFF, 0xFFFF, 0x8430, 0x8430, 0x8430, 0x8430, 0x8430, 0x2124, 0x2124, 0x2124, 0x2124, 0xEF5D, 0xEF5D,   // Linha de pixels
0xEF5D, 0xEF5D, 0xFFFF, 0xFFFF, 0xFFFF, 0xFFFF, 0xFFFF, 0xFFFF, 0xFFFF, 0xFFFF, 0xFFFF, 0xFFFF, 0xFFFF, 0xFFFF, 0xFFFF, 0xFFFF,   // Linha de pixels
0xFFFF, 0xFFFF, 0xFFFF, 0xFFFF, 0xFFFF, 0xFFFF, 0xFFFF, 0xFFFF, 0xDEDB, 0xDEDB, 0xDEDB, 0xDEDB, 0x2104, 0x2104, 0x2104, 0x2104,   // Linha de pixels
0x0000, 0x0000, 0x0000, 0x0000, 0x0000, 0x0000, 0x0000, 0x0000, 0x0000, 0x0000, 0x0000, 0x0000, 0x0000, 0x0600, 0x0600, 0x0600,   // Linha de pixels
0x0600, 0x0600, 0x0000, 0x0000, 0x0000, 0x0000, 0x0000, 0x0000, 0x0000, 0x0000, 0x0000, 0x0000, 0x0000, 0x0000, 0x0000, 0x0000,   // Linha de pixels
0x0000, 0x0000, 0x0000, 0x0000, 0x0000, 0x0000, 0x0000, 0x0000, 0x0000, 0x0000, 0x0000, 0x0000, 0x0000, 0x0000, 0x0000, 0x0000,   // Linha de pixels
0x0000, 0x0000, 0x0000, 0x0000, 0x0000, 0x0000, 0x0000, 0x0000, 0x0000, 0x0000, 0x0000, 0x0000, 0x0000, 0x0000, 0x0000, 0x0000,   // Linha de pixels
0x0000, 0x0000, 0x0000, 0x0000, 0x0000, 0x0000, 0x0000, 0x0000, 0x0000, 0x0000, 0x0000, 0x0000, 0x0000, 0x0000, 0x0000, 0x0000,   // Linha de pixels
0x0000, 0x0000, 0x0000, 0x0000, 0x0000, 0x0000, 0x0000, 0x0610, 0x0610, 0x0610, 0x0610, 0x0000, 0x0000, 0x0000, 0x0000, 0x0000,   // Linha de pixels
0x0000, 0x0000, 0x0000, 0x0000, 0x0000, 0x0000, 0x0000, 0x0000, 0x0000, 0x0000, 0x0000, 0x0000, 0x0000, 0x0000, 0x0000, 0x0000,   // Linha de pixels
0x0000, 0x0000, 0x0000, 0x0000, 0x0000, 0x0000, 0x0000, 0x0000, 0x0000, 0x0000, 0x0000, 0x0000, 0x0000, 0x0000, 0x0000, 0x0000,   // Linha de pixels
0x0000, 0x0000, 0x0000, 0x0000, 0x0000, 0x0000, 0x0000, 0x0000, 0x0000, 0x0000, 0x0000, 0x0000, 0x0000, 0x0000, 0x0000, 0x0000,   // Linha de pixels
0x0000, 0x0000, 0x0000, 0x0000, 0x0000, 0x0000, 0x0000, 0x0000, 0x0000, 0x0000, 0x0000, 0x0000, 0x0000, 0x0000, 0x0000, 0x0000,   // Linha de pixels
0x0620, 0x0620, 0x0620, 0x0620, 0x0620, 0x0000, 0x0000, 0x0000, 0x0000, 0x0000, 0x0000, 0x0000, 0x0000, 0x0000, 0x0000, 0x0000,   // Linha de pixels
0x0000, 0x0000, 0x0000, 0x0000, 0x0000, 0x0000, 0x0000, 0x0000, 0x0000, 0x0000, 0x0000, 0x0000, 0x0000, 0x0000, 0x0000, 0x0000,   // Linha de pixels
0x0000, 0x0000, 0x0000, 0x0000, 0x0000, 0x0000, 0x0000, 0x0000, 0x0000, 0x0000, 0x0000, 0x0000, 0x39C7, 0x39C7, 0x39C7, 0x39C7,   // Linha de pixels
0xEF7D, 0xEF7D, 0xEF7D, 0xEF7D, 0xFFFF, 0xFFFF, 0xFFFF, 0xFFFF, 0xFFFF, 0xFFFF, 0xFFFF, 0xFFFF, 0xFFFF, 0xFFFF, 0xFFFF, 0xFFFF,   // Linha de pixels
0xFFFF, 0xFFFF, 0xFFFF, 0xFFFF, 0xFFFF, 0xFFFF, 0xFFFF, 0xFFFF, 0xFFFF, 0xFFFF, 0x0630, 0x0630, 0x0630, 0x0630, 0xD69A, 0xD69A,   // Linha de pixels
0xD69A, 0xD69A, 0xD69A, 0x18C3, 0x18C3, 0x18C3, 0x18C3, 0xB5B6, 0xB5B6, 0xB5B6, 0xB5B6, 0xFFFF, 0xFFFF, 0xFFFF, 0xFFFF, 0xFFFF,   // Linha de pixels
0xFFFF, 0xFFFF, 0xFFFF, 0xFFFF, 0xFFFF, 0xFFFF, 0xFFFF, 0xFFFF, 0xFFFF, 0xFFFF, 0xFFFF, 0xFFFF, 0xFFFF, 0xFFFF, 0xFFFF, 0xFFFF,   // Linha de pixels
0xFFFF, 0xFFFF, 0xFFFF, 0xFFFF, 0xFFFF, 0xFFFF, 0xFFFF, 0xFFFF, 0xFFFF, 0xFFFF, 0xFFFF, 0xFFFF, 0xFFFF, 0xFFFF, 0xFFFF, 0xFFFF,   // Linha de pixels
0xFFFF, 0xFFFF, 0xFFFF, 0xFFFF, 0xFFFF, 0xFFFF, 0xFFFF, 0x8C51, 0x8C51, 0x8C51, 0x8C51, 0x2945, 0x2945, 0x2945, 0x2945, 0xEF5D,   // Linha de pixels
0xEF5D, 0xEF5D, 0xEF5D, 0xEF5D, 0x0640, 0x0640, 0x0640, 0x0640, 0xFFFF, 0xFFFF, 0xFFFF, 0xFFFF, 0xFFFF, 0xFFFF, 0xFFFF, 0xFFFF,   // Linha de pixels
0x0000, 0x0000, 0x0000, 0x0000, 0x0000, 0x0000, 0x0000, 0x0000, 0x0000, 0x0000, 0x0000, 0x0000, 0x0000, 0x0600, 0x0600, 0x0600,   // Linha de pixels
0x0600, 0x0600, 0x0000, 0x0000, 0x0000, 0x0000, 0x0000, 0x0000, 0x0000, 0x0000, 0x0000, 0x0000, 0x0000, 0x0000, 0x0000, 0x0000,   // Linha de pixels
0x0000, 0x0000, 0x0000, 0x0000, 0x0000, 0x0000, 0x0000, 0x0000, 0x0000, 0x0000, 0x0000, 0x0000, 0x0000, 0x0000, 0x0000, 0x0000,   // Linha de pixels
0x0000, 0x0000, 0x0000, 0x0000, 0x0000, 0x0000, 0x0000, 0x0000, 0x0000, 0x0000, 0x0000, 0x0000, 0x0000, 0x0000, 0x0000, 0x0000,   // Linha de pixels
0x0000, 0x0000, 0x0000, 0x0000, 0x0000, 0x0000, 0x0000, 0x0000, 0x0000, 0x0000, 0x0000, 0x0000, 0x0000, 0x0000, 0x0000, 0x0000,   // Linha de pixels
0x0000, 0x0000, 0x0000, 0x0000, 0x0000, 0x0000, 0x0000, 0x0610, 0x0610, 0x0610, 0x0610, 0x0000, 0x0000, 0x0000, 0x0000, 0x0000,   // Linha de pixels
0x0000, 0x0000, 0x0000, 0x0000, 0x0000, 0x0000, 0x0000, 0x0000, 0x0000, 0x0000, 0x0000, 0x0000, 0x0000, 0x0000, 0x0000, 0x0000,   // Linha de pixels
0x0000, 0x0000, 0x0000, 0x0000, 0x0000, 0x0000, 0x0000, 0x0000, 0x0000, 0x0000, 0x0000, 0x0000, 0x0000, 0x0000, 0x0000, 0x0000,   // Linha de pixels
0x0000, 0x0000, 0x0000, 0x0000, 0x0000, 0x0000, 0x0000, 0x0000, 0x0000, 0x0000, 0x0000, 0x0000, 0x0000, 0x0000, 0x0000, 0x0000,   // Linha de pixels
0x0000, 0x0000, 0x0000, 0x0000, 0x0000, 0x0000, 0x0000, 0x0000, 0x0000, 0x0000, 0x0000, 0x0000, 0x0000, 0x0000, 0x0000, 0x0000,   // Linha de pixels
0x0620, 0x0620, 0x0620, 0x0620, 0x0620, 0x0000, 0x0000, 0x0000, 0x0000, 0x0000, 0x0000, 0x0000, 0x0000, 0x0000, 0x0000, 0x0000,   // Linha de pixels
0x0000, 0x0000, 0x0000, 0x0000, 0x0000, 0x0000, 0x0000, 0x0000, 0x0000, 0x0000, 0x0000, 0x0000, 0x0000, 0x0000, 0x0000, 0x0000,   // Linha de pixels
0x0000, 0x0000, 0x0000, 0x0000, 0x0000, 0x0000, 0x0000, 0x0000, 0x0000, 0x0000, 0x0000, 0x0000, 0x39C7, 0x39C7, 0x39C7, 0x39C7,   // Linha de pixels
0xEF7D, 0xEF7D, 0xEF7D, 0xEF7D, 0xFFFF, 0xFFFF, 0xFFFF, 0xFFFF, 0xFFFF, 0xFFFF, 0xFFFF, 0xFFFF, 0xFFFF, 0xFFFF, 0xFFFF, 0xFFFF,   // Linha de pixels
0xFFFF, 0xFFFF, 0xFFFF, 0xFFFF, 0xFFFF, 0xFFFF, 0xFFFF, 0xFFFF, 0xFFFF, 0xFFFF, 0x0630, 0x0630, 0x0630, 0x0630, 0xD69A, 0xD69A,   // Linha de pixels
0xD69A, 0xD69A, 0xD69A, 0x18C3, 0x18C3, 0x18C3, 0x18C3, 0xB5B6, 0xB5B6, 0xB5B6, 0xB5B6, 0xFFFF, 0xFFFF, 0xFFFF, 0xFFFF, 0xFFFF,   // Linha de pixels
0xFFFF, 0xFFFF, 0xFFFF, 0xFFFF, 0xFFFF, 0xFFFF, 0xFFFF, 0xFFFF, 0xFFFF, 0xFFFF, 0xFFFF, 0xFFFF, 0xFFFF, 0xFFFF, 0xFFFF, 0xFFFF,   // Linha de pixels
0xFFFF, 0xFFFF, 0xFFFF, 0xFFFF, 0xFFFF, 0xFFFF, 0xFFFF, 0xFFFF, 0xFFFF, 0xFFFF, 0xFFFF, 0xFFFF, 0xFFFF, 0xFFFF, 0xFFFF, 0xFFFF,   // Linha de pixels
0xFFFF, 0xFFFF, 0xFFFF, 0xFFFF, 0xFFFF, 0xFFFF, 0xFFFF, 0x8C51, 0x8C51, 0x8C51, 0x8C51, 0x2945, 0x2945, 0x2945, 0x2945, 0xEF5D,   // Linha de pixels
0xEF5D, 0xEF5D, 0xEF5D, 0xEF5D, 0x0640, 0x0640, 0x0640, 0x0640, 0xFFFF, 0xFFFF, 0xFFFF, 0xFFFF, 0xFFFF, 0xFFFF, 0xFFFF, 0xFFFF,   // Linha de pixels
0xFFFF, 0xFFFF, 0xFFFF, 0xFFFF, 0xFFFF, 0xFFFF, 0xFFFF, 0xFFFF, 0xFFFF, 0xFFFF, 0xFFFF, 0xFFFF, 0xFFFF, 0xDEDB, 0xDEDB, 0xDEDB,   // Linha de pixels
0xDEDB, 0xDEDB, 0x2104, 0x2104, 0x2104, 0x2104, 0x0000, 0x0000, 0x0000, 0x0000, 0x0000, 0x0000, 0x0000, 0x0000, 0x0000, 0x0000,   // Linha de pixels
0x0000, 0x0000, 0x0000, 0x0000, 0x0000, 0x0000, 0x0000, 0x0000, 0x0000, 0x0000, 0x0000, 0x0000, 0x0000, 0x0000, 0x0000, 0x0000,   // Linha de pixels
0x0000, 0x0000, 0x0000, 0x0000, 0x0000, 0x0000, 0x0000, 0x0000, 0x0000, 0x0000, 0x0000, 0x0000, 0x0000, 0x0650, 0x0650, 0x0650,   // Linha de pixels
0x0650, 0x0000, 0x0000, 0x0000, 0x0000, 0x0000, 0x0000, 0x0000, 0x0000, 0x0000, 0x0000, 0x0000, 0x0000, 0x0000, 0x0000, 0x0000,   // Linha de pixels
0x0000, 0x0000, 0x0000, 0x0000, 0x0000, 0x0000, 0x0000, 0x0000, 0x0000, 0x0000, 0x0000, 0x0000, 0x0000, 0x0000, 0x0000, 0x0000,   // Linha de pixels
0x0000, 0x0000, 0x0000, 0x0000, 0x0000, 0x0000, 0x0000, 0x0000, 0x0000, 0x0000, 0x0000, 0x0000, 0x0000, 0x0000, 0x0000, 0x0000,   // Linha de pixels
0x0000, 0x0000, 0x0000, 0x0000, 0x0000, 0x0000, 0x0000, 0x0000, 0x0000, 0x0000, 0x0000, 0x0000, 0x0000, 0x0000, 0x0000, 0x0000,   // Linha de pixels
0x0000, 0x0000, 0x0000, 0x0000, 0x0000, 0x0000, 0x0000, 0x0660, 0x0660, 0x0660, 0x0660, 0x0000, 0x0000, 0x0000, 0x0000, 0x0000,   // Linha de pixels
0x0000, 0x0000, 0x0000, 0x0000, 0x0000, 0x0000, 0x0000, 0x0000, 0x0000, 0x0000, 0x0000, 0x0000, 0x0000, 0x0000, 0x0000, 0x0000,   // Linha de pixels
0x0000, 0x0000, 0x0000, 0x0000, 0x0000, 0x0000, 0x0000, 0x0000, 0x0000, 0x0000, 0x0000, 0x0000, 0x0000, 0x0000, 0x0000, 0x0000,   // Linha de pixels
0x0000, 0x0000, 0x0000, 0x0000, 0x0000, 0x0000, 0x0000, 0x0000, 0x0000, 0x0000, 0x0000, 0x0000, 0x0000, 0x0000, 0x0000, 0x0000,   // Linha de pixels
0x0000, 0x0000, 0x0000, 0x0000, 0x0000, 0x0000, 0x0000, 0x0000, 0x0000, 0x0000, 0x0000, 0x0000, 0x0000, 0x0000, 0x0000, 0x0000,   // Linha de pixels
0x0670, 0x0670, 0x0670, 0x0670, 0x0000, 0x0000, 0x0000, 0x0000, 0x0000, 0x0000, 0x0000, 0x0000, 0x0000, 0x0000, 0x0000, 0x0000,   // Linha de pixels
0x0000, 0x18C3, 0x18C3, 0x18C3, 0x18C3, 0x18C3, 0x736D, 0x736D, 0x736D, 0x736D, 0x83AE, 0x83AE, 0x83AE, 0x83AE, 0x83AE, 0x83AE,   // Linha de pixels
0x83AE, 0x83AE, 0x83AE, 0x83AE, 0x83AE, 0x83AE, 0x83AE, 0x83AE, 0x83AE, 0x83AE, 0x83AE, 0x83AE, 0x83AE, 0x83AE, 0x83AE, 0x83AE,   // Linha de pixels
0x6B2C, 0x6B2C, 0x6B2C, 0x6B2C, 0x1082, 0x1082, 0x1082, 0x1082, 0x5AAA, 0x5AAA, 0x5AAA, 0x5AAA, 0x5AAA, 0x83AE, 0x83AE, 0x83AE,   // Linha de pixels
0x83AE, 0x83AE, 0x83AE, 0x83AE, 0x83AE, 0x83AE, 0x83AE, 0x83AE, 0x83AE, 0x83AE, 0x0680, 0x0680, 0x0680, 0x0680, 0x83AE, 0x83AE,   // Linha de pixels
0x83AE, 0x83AE, 0x83AE, 0x83AE, 0x83AE, 0x83AE, 0x83AE, 0x83AE, 0x83AE, 0x83AE, 0x83AE, 0x83AE, 0x83AE, 0x83AE, 0x83AE, 0x83AE,   // Linha de pixels
0x83AE, 0x83AE, 0x83AE, 0x83AE, 0x83AE, 0x83AE, 0x83AE, 0x83AE, 0x83AE, 0x83AE, 0x83AE, 0x83AE, 0x4208, 0x4208, 0x4208, 0x4208,   // Linha de pixels
0xFFFF, 0xFFFF, 0xFFFF, 0xFFFF, 0xFFFF, 0xFFFF, 0xFFFF, 0xFFFF, 0xFFFF, 0xFFFF, 0xFFFF, 0xFFFF, 0xFFFF, 0xDEDB, 0xDEDB, 0xDEDB,   // Linha de pixels
0xDEDB, 0xDEDB, 0x2104, 0x2104, 0x2104, 0x2104, 0x0000, 0x0000, 0x0000, 0x0000, 0x0000, 0x0000, 0x0000, 0x0000, 0x0000, 0x0000,   // Linha de pixels
0x0000, 0x0000, 0x0000, 0x0000, 0x0000, 0x0000, 0x0000, 0x0000, 0x0000, 0x0000, 0x0000, 0x0000, 0x0000, 0x0000, 0x0000, 0x0000,   // Linha de pixels
0x0000, 0x0000, 0x0000, 0x0000, 0x0000, 0x0000, 0x0000, 0x0000, 0x0000, 0x0000, 0x0000, 0x0000, 0x0000, 0x0650, 0x0650, 0x0650,   // Linha de pixels
0x0650, 0x0000, 0x0000, 0x0000, 0x0000, 0x0000, 0x0000, 0x0000, 0x0000, 0x0000, 0x0000, 0x0000, 0x0000, 0x0000, 0x0000, 0x0000,   // Linha de pixels
0x0000, 0x0000, 0x0000, 0x0000, 0x0000, 0x0000, 0x0000, 0x0000, 0x0000, 0x0000, 0x0000, 0x0000, 0x0000, 0x0000, 0x0000, 0x0000,   // Linha de pixels
0x0000, 0x0000, 0x0000, 0x0000, 0x0000, 0x0000, 0x0000, 0x0000, 0x0000, 0x0000, 0x0000, 0x0000, 0x0000, 0x0000, 0x0000, 0x0000,   // Linha de pixels
0x0000, 0x0000, 0x0000, 0x0000, 0x0000, 0x0000, 0x0000, 0x0000, 0x0000, 0x0000, 0x0000, 0x0000, 0x0000, 0x0000, 0x0000, 0x0000,   // Linha de pixels
0x0000, 0x0000, 0x0000, 0x0000, 0x0000, 0x0000, 0x0000, 0x0660, 0x0660, 0x0660, 0x0660, 0x0000, 0x0000, 0x0000, 0x0000, 0x0000,   // Linha de pixels
0x0000, 0x0000, 0x0000, 0x0000, 0x0000, 0x0000, 0x0000, 0x0000, 0x0000, 0x0000, 0x0000, 0x0000, 0x0000, 0x0000, 0x0000, 0x0000,   // Linha de pixels
0x0000, 0x0000, 0x0000, 0x0000, 0x0000, 0x0000, 0x0000, 0x0000, 0x0000, 0x0000, 0x0000, 0x0000, 0x0000, 0x0000, 0x0000, 0x0000,   // Linha de pixels
0x0000, 0x0000, 0x0000, 0x0000, 0x0000, 0x0000, 0x0000, 0x0000, 0x0000, 0x0000, 0x0000, 0x0000, 0x0000, 0x0000, 0x0000, 0x0000,   // Linha de pixels
0x0000, 0x0000, 0x0000, 0x0000, 0x0000, 0x0000, 0x0000, 0x0000, 0x0000, 0x0000, 0x0000, 0x0000, 0x0000, 0x0000, 0x0000, 0x0000,   // Linha de pixels
0x0670, 0x0670, 0x0670, 0x0670, 0x0000, 0x0000, 0x0000, 0x0000, 0x0000, 0x0000, 0x0000, 0x0000, 0x0000, 0x0000, 0x0000, 0x0000,   // Linha de pixels
0x0000, 0x18C3, 0x18C3, 0x18C3, 0x18C3, 0x18C3, 0x736D, 0x736D, 0x736D, 0x736D, 0x83AE, 0x83AE, 0x83AE, 0x83AE, 0x83AE, 0x83AE,   // Linha de pixels
0x83AE, 0x83AE, 0x83AE, 0x83AE, 0x83AE, 0x83AE, 0x83AE, 0x83AE, 0x83AE, 0x83AE, 0x83AE, 0x83AE, 0x83AE, 0x83AE, 0x83AE, 0x83AE,   // Linha de pixels
0x6B2C, 0x6B2C, 0x6B2C, 0x6B2C, 0x1082, 0x1082, 0x1082, 0x1082, 0x5AAA, 0x5AAA, 0x5AAA, 0x5AAA, 0x5AAA, 0x83AE, 0x83AE, 0x83AE,   // Linha de pixels
0x83AE, 0x83AE, 0x83AE, 0x83AE, 0x83AE, 0x83AE, 0x83AE, 0x83AE, 0x83AE, 0x83AE, 0x0680, 0x0680, 0x0680, 0x0680, 0x83AE, 0x83AE,   // Linha de pixels
0x83AE, 0x83AE, 0x83AE, 0x83AE, 0x83AE, 0x83AE, 0x83AE, 0x83AE, 0x83AE, 0x83AE, 0x83AE, 0x83AE, 0x83AE, 0x83AE, 0x83AE, 0x83AE,   // Linha de pixels
0x83AE, 0x83AE, 0x83AE, 0x83AE, 0x83AE, 0x83AE, 0x83AE, 0x83AE, 0x83AE, 0x83AE, 0x83AE, 0x83AE, 0x4208, 0x4208, 0x4208, 0x4208,   // Linha de pixels
0x18A2, 0x18A2, 0x18A2, 0x18A2, 0x18A2, 0x736D, 0x736D, 0x736D, 0x736D, 0x83AE, 0x83AE, 0x83AE, 0x83AE, 0x83AE, 0x83AE, 0x83AE,   // Linha de pixels
0x83AE, 0x83AE, 0x83AE, 0x83AE, 0x83AE, 0x83AE, 0x83AE, 0x83AE, 0x83AE, 0x83AE, 0x83AE, 0x83AE, 0x83AE, 0x83AE, 0x83AE, 0x6B2C,   // Linha de pixels
0x6B2C, 0x6B2C, 0x6B2C, 0x0690, 0x0690, 0x0690, 0x0690, 0x1082, 0x1082, 0x1082, 0x1082, 0x1082, 0x0000, 0x0000, 0x0000, 0x0000,   // Linha de pixels
0x0000, 0x0000, 0x0000, 0x0000, 0x0000, 0x0000, 0x0000, 0x0000, 0x0000, 0x0000, 0x0000, 0x0000, 0x0000, 0x0000, 0x0000, 0x0000,   // Linha de pixels
0x0000, 0x0000, 0x0000, 0x0000, 0x0000, 0x0000, 0x0000, 0x0000, 0x0000, 0x0000, 0x0000, 0x0000, 0x0000, 0x0000, 0x0000, 0x0000,   // Linha de pixels
0x0000, 0x0000, 0x0000, 0x0000, 0x0000, 0x0000, 0x0000, 0x0000, 0x0000, 0x0000, 0x0000, 0x0000, 0x0000, 0x0000, 0x0000, 0x0000,   // Linha de pixels
0x0000, 0x0000, 0x0000, 0x0000, 0x0000, 0x0000, 0x0000, 0x0000, 0x0000, 0x0000, 0x0000, 0x0000, 0x0000, 0x06A0, 0x06A0, 0x06A0,   // Linha de pixels
0x06A0, 0x0000, 0x0000, 0x0000, 0x0000, 0x0000, 0x0000, 0x0000, 0x0000, 0x0000, 0x0000, 0x0000, 0x0000, 0x0000, 0x0000, 0x0000,   // Linha de pixels
0x0000, 0x0000, 0x0000, 0x0000, 0x0000, 0x0000, 0x0000, 0x0000, 0x0000, 0x0000, 0x0000, 0x0000, 0x0000, 0x0000, 0x0000, 0x0000,   // Linha de pixels
0x0000, 0x0000, 0x0000, 0x0000, 0x0000, 0x0000, 0x0000, 0x0000, 0x0000, 0x0000, 0x0000, 0x0000, 0x0000, 0x0000, 0x0000, 0x0000,   // Linha de pixels
0x0000, 0x0000, 0x0000, 0x0000, 0x0000, 0x0000, 0x0000, 0x0000, 0x0000, 0x0000, 0x0000, 0x0000, 0x0000, 0x0000, 0x0000, 0x0000,   // Linha de pixels
0x0000, 0x0000, 0x0000, 0x0000, 0x0000, 0x0000, 0x06B0, 0x06B0, 0x06B0, 0x06B0, 0x0000, 0x0000, 0x0000, 0x0000, 0x0000, 0x0000,   // Linha de pixels
0x0000, 0x0000, 0x0000, 0x0000, 0x0000, 0x0000, 0x0000, 0x0000, 0x0000, 0x0000, 0x0000, 0x0000, 0x0000, 0x0000, 0x0000, 0x0000,   // Linha de pixels
0x0000, 0x0000, 0x0000, 0x0000, 0x0000, 0x0000, 0x0000, 0x0000, 0x0000, 0x0000, 0x0000, 0x0000, 0x0000, 0x0000, 0x0000, 0x0000,   // Linha de pixels
0x0000, 0x0000, 0x0000, 0x0000, 0x0000, 0x0000, 0x0000, 0x0000, 0x0000, 0x0000, 0x0000, 0x0000, 0x0000, 0x0000, 0x0000, 0x0000,   // Linha de pixels
0x0000, 0x0000, 0x0000, 0x1820, 0x1820, 0x1820, 0x1820, 0x90C1, 0x90C1, 0x90C1, 0x90C1, 0xA0C0, 0xA0C0, 0xA0C0, 0xA0C0, 0xA0C0,   // Linha de pixels
0x06C0, 0x06C0, 0x06C0, 0x06C0, 0xA0C0, 0xA0C0, 0xA0C0, 0xA0C0, 0xA0C0, 0xA0C0, 0xA0C0, 0xA0C0, 0xA0C0, 0xA0C0, 0xA0C0, 0xA0C0,   // Linha de pixels
0xA0C0, 0xA0C0, 0xA0C0, 0xA0C0, 0xA0C0, 0x8081, 0x8081, 0x8081, 0x8081, 0x8081, 0x1820, 0x1820, 0x1820, 0x1820, 0x68A1, 0x68A1,   // Linha de pixels
0x68A1, 0x68A1, 0xA0C0, 0xA0C0, 0xA0C0, 0xA0C0, 0xA0C0, 0xA0C0, 0xA0C0, 0xA0C0, 0xA0C0, 0xA0C0, 0xA0C0, 0xA0C0, 0xA0C0, 0xA0C0,   // Linha de pixels
0xA0C0, 0xA0C0, 0xA0C0, 0xA0C0, 0xA0C0, 0xA0C0, 0xA0C0, 0xA0C0, 0xA0C0, 0xA0C0, 0xA0C0, 0xA0C0, 0xA0C0, 0xA0C0, 0xA0C0, 0xA0C0,   // Linha de pixels
0x18A2, 0x18A2, 0x18A2, 0x18A2, 0x18A2, 0x736D, 0x736D, 0x736D, 0x736D, 0x83AE, 0x83AE, 0x83AE, 0x83AE, 0x83AE, 0x83AE, 0x83AE,   // Linha de pixels
0x83AE, 0x83AE, 0x83AE, 0x83AE, 0x83AE, 0x83AE, 0x83AE, 0x83AE, 0x83AE, 0x83AE, 0x83AE, 0x83AE, 0x83AE, 0x83AE, 0x83AE, 0x6B2C,   // Linha de pixels
0x6B2C, 0x6B2C, 0x6B2C, 0x0690, 0x0690, 0x0690, 0x0690, 0x1082, 0x1082, 0x1082, 0x1082, 0x1082, 0x0000, 0x0000, 0x0000, 0x0000,   // Linha de pixels
0x0000, 0x0000, 0x0000, 0x0000, 0x0000, 0x0000, 0x0000, 0x0000, 0x0000, 0x0000, 0x0000, 0x0000, 0x0000, 0x0000, 0x0000, 0x0000,   // Linha de pixels
0x0000, 0x0000, 0x0000, 0x0000, 0x0000, 0x0000, 0x0000, 0x0000, 0x0000, 0x0000, 0x0000, 0x0000, 0x0000, 0x0000, 0x0000, 0x0000,   // Linha de pixels
0x0000, 0x0000, 0x0000, 0x0000, 0x0000, 0x0000, 0x0000, 0x0000, 0x0000, 0x0000, 0x0000, 0x0000, 0x0000, 0x0000, 0x0000, 0x0000,   // Linha de pixels
0x0000, 0x0000, 0x0000, 0x0000, 0x0000, 0x0000, 0x0000, 0x0000, 0x0000, 0x0000, 0x0000, 0x0000, 0x0000, 0x06A0, 0x06A0, 0x06A0,   // Linha de pixels
0x06A0, 0x0000, 0x0000, 0x0000, 0x0000, 0x0000, 0x0000, 0x0000, 0x0000, 0x0000, 0x0000, 0x0000, 0x0000, 0x0000, 0x0000, 0x0000,   // Linha de pixels
0x0000, 0x0000, 0x0000, 0x0000, 0x0000, 0x0000, 0x0000, 0x0000, 0x0000, 0x0000, 0x0000, 0x0000, 0x0000, 0x0000, 0x0000, 0x0000,   // Linha de pixels
0x0000, 0x0000, 0x0000, 0x0000, 0x0000, 0x0000, 0x0000, 0x0000, 0x0000, 0x0000, 0x0000, 0x0000, 0x0000, 0x0000, 0x0000, 0x0000,   // Linha de pixels
0x0000, 0x0000, 0x0000, 0x0000, 0x0000, 0x0000, 0x0000, 0x0000, 0x0000, 0x0000, 0x0000, 0x0000, 0x0000, 0x0000, 0x0000, 0x0000,   // Linha de pixels
0x0000, 0x0000, 0x0000, 0x0000, 0x0000, 0x0000, 0x06B0, 0x06B0, 0x06B0, 0x06B0, 0x0000, 0x0000, 0x0000, 0x0000, 0x0000, 0x0000,   // Linha de pixels
0x0000, 0x0000, 0x0000, 0x0000, 0x0000, 0x0000, 0x0000, 0x0000, 0x0000, 0x0000, 0x0000, 0x0000, 0x0000, 0x0000, 0x0000, 0x0000,   // Linha de pixels
0x0000, 0x0000, 0x0000, 0x0000, 0x0000, 0x0000, 0x0000, 0x0000, 0x0000, 0x0000, 0x0000, 0x0000, 0x0000, 0x0000, 0x0000, 0x0000,   // Linha de pixels
0x0000, 0x0000, 0x0000, 0x0000, 0x0000, 0x0000, 0x0000, 0x0000, 0x0000, 0x0000, 0x0000, 0x0000, 0x0000, 0x0000, 0x0000, 0x0000,   // Linha de pixels
0x0000, 0x0000, 0x0000, 0x1820, 0x1820, 0x1820, 0x1820, 0x90C1, 0x90C1, 0x90C1, 0x90C1, 0xA0C0, 0xA0C0, 0xA0C0, 0xA0C0, 0xA0C0,   // Linha de pixels
0x06C0, 0x06C0, 0x06C0, 0x06C0, 0xA0C0, 0xA0C0, 0xA0C0, 0xA0C0, 0xA0C0, 0xA0C0, 0xA0C0, 0xA0C0, 0xA0C0, 0xA0C0, 0xA0C0, 0xA0C0,   // Linha de pixels
0xA0C0, 0xA0C0, 0xA0C0, 0xA0C0, 0xA0C0, 0x8081, 0x8081, 0x8081, 0x8081, 0x8081, 0x1820, 0x1820, 0x1820, 0x1820, 0x68A1, 0x68A1,   // Linha de pixels
0x68A1, 0x68A1, 0xA0C0, 0xA0C0, 0xA0C0, 0xA0C0, 0xA0C0, 0xA0C0, 0xA0C0, 0xA0C0, 0xA0C0, 0xA0C0, 0xA0C0, 0xA0C0, 0xA0C0, 0xA0C0,   // Linha de pixels
0xA0C0, 0xA0C0, 0xA0C0, 0xA0C0, 0xA0C0, 0xA0C0, 0xA0C0, 0xA0C0, 0xA0C0, 0xA0C0, 0xA0C0, 0xA0C0, 0xA0C0, 0xA0C0, 0xA0C0, 0xA0C0,   // Linha de pixels
0xA0C0, 0xA0C0, 0xA0C0, 0xA0C0, 0xA0C0, 0xA0C0, 0xA0C0, 0xA0C0, 0xA0C0, 0x06D0, 0x06D0, 0x06D0, 0x06D0, 0xA0C0, 0xA0C0, 0xA0C0,   // Linha de pixels
0xA0C0, 0xA0C0, 0x5060, 0x5060, 0x5060, 0x5060, 0x1820, 0x1820, 0x1820, 0x1820, 0x90C1, 0x90C1, 0x90C1, 0x90C1, 0x90C1, 0xA0C0,   // Linha de pixels
0xA0C0, 0xA0C0, 0xA0C0, 0xA0C0, 0xA0C0, 0xA0C0, 0xA0C0, 0xA0C0, 0xA0C0, 0xA0C0, 0xA0C0, 0xA0C0, 0xA0C0, 0xA0C0, 0xA0C0, 0xA0C0,   // Linha de pixels
0xA0C0, 0xA0C0, 0xA0C0, 0xA0C0, 0x8081, 0x8081, 0x8081, 0x8081, 0x8081, 0x0000, 0x0000, 0x0000, 0x0000, 0x0000, 0x0000, 0x0000,   // Linha de pixels
0x0000, 0x0000, 0x0000, 0x0000, 0x0000, 0x0000, 0x0000, 0x0000, 0x0000, 0x0000, 0x0000, 0x0000, 0x0000, 0x0000, 0x0000, 0x0000,   // Linha de pixels
0x0000, 0x0000, 0x0000, 0x06E0, 0x06E0, 0x06E0, 0x06E0, 0x0000, 0x0000, 0x0000, 0x0000, 0x0000, 0x0000, 0x0000, 0x0000, 0x0000,   // Linha de pixels
0x0000, 0x0000, 0x0000, 0x0000, 0x0000, 0x0000, 0x0000, 0x0000, 0x0000, 0x0000, 0x0000, 0x0000, 0x0000, 0x0000, 0x0000, 0x0000,   // Linha de pixels
0x0000, 0x0000, 0x0000, 0x0000, 0x0000, 0x0000, 0x0000, 0x0000, 0x0000, 0x0000, 0x0000, 0x0000, 0x0000, 0x0000, 0x0000, 0x0000,   // Linha de pixels
0x0000, 0x0000, 0x0000, 0x0000, 0x0000, 0x0000, 0x0000, 0x0000, 0x0000, 0x0000, 0x0000, 0x0000, 0x0000, 0x0000, 0x0000, 0x0000,   // Linha de pixels
0x0000, 0x0000, 0x0000, 0x0000, 0x0000, 0x0000, 0x0000, 0x0000, 0x0000, 0x0000, 0x0000, 0x0000, 0x06F0, 0x06F0, 0x06F0, 0x06F0,   // Linha de pixels
0x0000, 0x0000, 0x0000, 0x0000, 0x0000, 0x0000, 0x0000, 0x0000, 0x0000, 0x0000, 0x0000, 0x0000, 0x0000, 0x0000, 0x0000, 0x0000,   // Linha de pixels
0x0000, 0x0000, 0x0000, 0x0000, 0x0000, 0x0000, 0x0000, 0x0000, 0x0000, 0x0000, 0x0000, 0x0000, 0x0000, 0x0000, 0x0000, 0x0000,   // Linha de pixels
0x0000, 0x0000, 0x0000, 0x0000, 0x0000, 0x0000, 0x0000, 0x0000, 0x0000, 0x0000, 0x0000, 0x0000, 0x0000, 0x0000, 0x0000, 0x0000,   // Linha de pixels
0x0000, 0x0000, 0x0000, 0x0000, 0x0000, 0x0000, 0x0000, 0x0000, 0x0000, 0x0000, 0x0000, 0x0000, 0x0000, 0x0000, 0x0000, 0x0000,   // Linha de pixels
0x0000, 0x0000, 0x0000, 0x0000, 0x0000, 0x0000, 0x0700, 0x0700, 0x0700, 0x0700, 0x0000, 0x0000, 0x0000, 0x0000, 0x0000, 0x0000,   // Linha de pixels
0x0000, 0x0000, 0x0000, 0x0000, 0x0000, 0x0000, 0x0000, 0x0000, 0x0000, 0x0000, 0x0000, 0x0000, 0x0000, 0x0000, 0x0000, 0x0000,   // Linha de pixels
0x0000, 0x0000, 0x0000, 0x0000, 0x4182, 0x4182, 0x4182, 0x4182, 0xAB42, 0xAB42, 0xAB42, 0xAB42, 0xAB42, 0xEC21, 0xEC21, 0xEC21,   // Linha de pixels
0xEC21, 0xFC40, 0xFC40, 0xFC40, 0xFC40, 0xFC40, 0xFC40, 0xFC40, 0xFC40, 0xFC40, 0xFC40, 0xFC40, 0xFC40, 0xFC40, 0xFC40, 0xFC40,   // Linha de pixels
0xFC40, 0xFC40, 0xFC61, 0xFC61, 0xFC61, 0xFC61, 0xFC61, 0xD3A2, 0xD3A2, 0xD3A2, 0xD3A2, 0x1820, 0x1820, 0x1820, 0x1820, 0x0710,   // Linha de pixels
0x0710, 0x0710, 0x0710, 0x0710, 0xAB42, 0xAB42, 0xAB42, 0xAB42, 0xFC61, 0xFC61, 0xFC61, 0xFC61, 0xFC40, 0xFC40, 0xFC40, 0xFC40,   // Linha de pixels
0xA0C0, 0xA0C0, 0xA0C0, 0xA0C0, 0xA0C0, 0xA0C0, 0xA0C0, 0xA0C0, 0xA0C0, 0x06D0, 0x06D0, 0x06D0, 0x06D0, 0xA0C0, 0xA0C0, 0xA0C0,   // Linha de pixels
0xA0C0, 0xA0C0, 0x5060, 0x5060, 0x5060, 0x5060, 0x1820, 0x1820, 0x1820, 0x1820, 0x90C1, 0x90C1, 0x90C1, 0x90C1, 0x90C1, 0xA0C0,   // Linha de pixels
0xA0C0, 0xA0C0, 0xA0C0, 0xA0C0, 0xA0C0, 0xA0C0, 0xA0C0, 0xA0C0, 0xA0C0, 0xA0C0, 0xA0C0, 0xA0C0, 0xA0C0, 0xA0C0, 0xA0C0, 0xA0C0,   // Linha de pixels
0xA0C0, 0xA0C0, 0xA0C0, 0xA0C0, 0x8081, 0x8081, 0x8081, 0x8081, 0x8081, 0x0000, 0x0000, 0x0000, 0x0000, 0x0000, 0x0000, 0x0000,   // Linha de pixels
0x0000, 0x0000, 0x0000, 0x0000, 0x0000, 0x0000, 0x0000, 0x0000, 0x0000, 0x0000, 0x0000, 0x0000, 0x0000, 0x0000, 0x0000, 0x0000,   // Linha de pixels
0x0000, 0x0000, 0x0000, 0x06E0, 0x06E0, 0x06E0, 0x06E0, 0x0000, 0x0000, 0x0000, 0x0000, 0x0000, 0x0000, 0x0000, 0x0000, 0x0000,   // Linha de pixels
0x0000, 0x0000, 0x0000, 0x0000, 0x0000, 0x0000, 0x0000, 0x0000, 0x0000, 0x0000, 0x0000, 0x0000, 0x0000, 0x0000, 0x0000, 0x0000,   // Linha de pixels
0x0000, 0x0000, 0x0000, 0x0000, 0x0000, 0x0000, 0x0000, 0x0000, 0x0000, 0x0000, 0x0000, 0x0000, 0x0000, 0x0000, 0x0000, 0x0000,   // Linha de pixels
0x0000, 0x0000, 0x0000, 0x0000, 0x0000, 0x0000, 0x0000, 0x0000, 0x0000, 0x0000, 0x0000, 0x0000, 0x0000, 0x0000, 0x0000, 0x0000,   // Linha de pixels
0x0000, 0x0000, 0x0000, 0x0000, 0x0000, 0x0000, 0x0000, 0x0000, 0x0000, 0x0000, 0x0000, 0x0000, 0x06F0, 0x06F0, 0x06F0, 0x06F0,   // Linha de pixels
0x0000, 0x0000, 0x0000, 0x0000, 0x0000, 0x0000, 0x0000, 0x0000, 0x0000, 0x0000, 0x0000, 0x0000, 0x0000, 0x0000, 0x0000, 0x0000,   // Linha de pixels
0x0000, 0x0000, 0x0000, 0x0000, 0x0000, 0x0000, 0x0000, 0x0000, 0x0000, 0x0000, 0x0000, 0x0000, 0x0000, 0x0000, 0x0000, 0x0000,   // Linha de pixels
0x0000, 0x0000, 0x0000, 0x0000, 0x0000, 0x0000, 0x0000, 0x0000, 0x0000, 0x0000, 0x0000, 0x0000, 0x0000, 0x0000, 0x0000, 0x0000,   // Linha de pixels
0x0000, 0x0000, 0x0000, 0x0000, 0x0000, 0x0000, 0x0000, 0x0000, 0x0000, 0x0000, 0x0000, 0x0000, 0x0000, 0x0000, 0x0000, 0x0000,   // Linha de pixels
0x0000, 0x0000, 0x0000, 0x0000, 0x0000, 0x0000, 0x0700, 0x0700, 0x0700, 0x0700, 0x0000, 0x0000, 0x0000, 0x0000, 0x0000, 0x0000,   // Linha de pixels
0x0000, 0x0000, 0x0000, 0x0000, 0x0000, 0x0000, 0x0000, 0x0000, 0x0000, 0x0000, 0x0000, 0x0000, 0x0000, 0x0000, 0x0000, 0x0000,   // Linha de pixels
0x0000, 0x0000, 0x0000, 0x0000, 0x4182, 0x4182, 0x4182, 0x4182, 0xAB42, 0xAB42, 0xAB42, 0xAB42, 0xAB42, 0xEC21, 0xEC21, 0xEC21,   // Linha de pixels
0xEC21, 0xFC40, 0xFC40, 0xFC40, 0xFC40, 0xFC40, 0xFC40, 0xFC40, 0xFC40, 0xFC40, 0xFC40, 0xFC40, 0xFC40, 0xFC40, 0xFC40, 0xFC40,   // Linha de pixels
0xFC40, 0xFC40, 0xFC61, 0xFC61, 0xFC61, 0xFC61, 0xFC61, 0xD3A2, 0xD3A2, 0xD3A2, 0xD3A2, 0x1820, 0x1820, 0x1820, 0x1820, 0x0710,   // Linha de pixels
0x0710, 0x0710, 0x0710, 0x0710, 0xAB42, 0xAB42, 0xAB42, 0xAB42, 0xFC61, 0xFC61, 0xFC61, 0xFC61, 0xFC40, 0xFC40, 0xFC40, 0xFC40,   // Linha de pixels
0xFC40, 0xFC40, 0xFC40, 0xFC40, 0xFC40, 0xFC40, 0xFC40, 0xFC40, 0xFC40, 0xFC40, 0xFC40, 0xFC40, 0xFC40, 0xFC40, 0xFC40, 0xFC40,   // Linha de pixels
0xFC40, 0xFC40, 0xFC40, 0xFC40, 0xFC40, 0xFC40, 0xFC40, 0xFC40, 0xFC40, 0xFC40, 0xFC40, 0xFC40, 0xFC40, 0xFC40, 0xFC40, 0xFC61,   // Linha de pixels
0xFC61, 0xFC61, 0xFC61, 0x8241, 0x8241, 0x8241, 0x8241, 0x28A1, 0x28A1, 0x28A1, 0x28A1, 0x28A1, 0xD422, 0xD422, 0xD422, 0xD422,   // Linha de pixels
0xFC40, 0xFC40, 0xFC40, 0xFC40, 0xFC40, 0xFC40, 0xFC40, 0xFC40, 0xFC40, 0x0720, 0x0720, 0x0720, 0x0720, 0xFC40, 0xFC40, 0xFC40,   // Linha de pixels
0xFC40, 0xFC40, 0xFC40, 0xFC40, 0xFC40, 0xFC40, 0xFC40, 0xFC40, 0xFC40, 0xFC40, 0xEC21, 0xEC21, 0xEC21, 0xEC21, 0x8B42, 0x8B42,   // Linha de pixels
0x8B42, 0x8B42, 0x8B42, 0x3922, 0x3922, 0x3922, 0x3922, 0x0000, 0x0000, 0x0000, 0x0000, 0x0000, 0x0000, 0x0000, 0x0000, 0x0000,   // Linha de pixels
0x0000, 0x0000, 0x0000, 0x0000, 0x0000, 0x0000, 0x0000, 0x0000, 0x0000, 0x0000, 0x0000, 0x0000, 0x0000, 0x0000, 0x0000, 0x0000,   // Linha de pixels
0x0000, 0x0000, 0x0000, 0x0000, 0x0000, 0x0000, 0x0000, 0x0000, 0x0000, 0x0000, 0x0000, 0x0000, 0x0000, 0x0000, 0x0000, 0x0000,   // Linha de pixels
0x0000, 0x0000, 0x0730, 0x0730, 0x0730, 0x0730, 0x0730, 0x0000, 0x0000, 0x0000, 0x0000, 0x0000, 0x0000, 0x0000, 0x0000, 0x0000,   // Linha de pixels
0x0000, 0x0000, 0x0000, 0x0000, 0x0000, 0x0000, 0x0000, 0x0000, 0x0000, 0x0000, 0x0000, 0x0000, 0x0000, 0x0000, 0x0000, 0x0000,   // Linha de pixels
0x0000, 0x0000, 0x0000, 0x0000, 0x0000, 0x0000, 0x0000, 0x0000, 0x0000, 0x0000, 0x0000, 0x0000, 0x0000, 0x0000, 0x0000, 0x0000,   // Linha de pixels
0x0000, 0x0000, 0x0000, 0x0000, 0x0000, 0x0000, 0x0000, 0x0000, 0x0000, 0x0000, 0x0000, 0x0000, 0x0000, 0x0000, 0x0000, 0x0000,   // Linha de pixels
0x0000, 0x0000, 0x0000, 0x0000, 0x0000, 0x0000, 0x0000, 0x0000, 0x0000, 0x0000, 0x0000, 0x0000, 0x0740, 0x0740, 0x0740, 0x0740,   // Linha de pixels
0x0000, 0x0000, 0x0000, 0x0000, 0x0000, 0x0000, 0x0000, 0x0000, 0x0000, 0x0000, 0x0000, 0x0000, 0x0000, 0x0000, 0x0000, 0x0000,   // Linha de pixels
0x0000, 0x0000, 0x0000, 0x0000, 0x0000, 0x0000, 0x0000, 0x0000, 0x0000, 0x0000, 0x0000, 0x0000, 0x0000, 0x0000, 0x0000, 0x0000,   // Linha de pixels
0x0000, 0x0000, 0x0000, 0x0000, 0x0000, 0x0000, 0x0000, 0x0000, 0x0000, 0x0000, 0x0000, 0x0000, 0x0000, 0x0000, 0x0000, 0x0000,   // Linha de pixels
0x0000, 0x0000, 0x0000, 0x0000, 0x0000, 0x0000, 0x0000, 0x0000, 0x0000, 0x0000, 0x0000, 0x0000, 0x0000, 0x0000, 0x0000, 0x0000,   // Linha de pixels
0x0000, 0x0000, 0x0000, 0x0000, 0x0000, 0x0750, 0x0750, 0x0750, 0x0750, 0x0750, 0x8403, 0x8403, 0x8403, 0x8403, 0xFF81, 0xFF81,   // Linha de pixels
0xFF81, 0xFF81, 0xFF61, 0xFF61, 0xFF61, 0xFF61, 0xFF61, 0xFF61, 0xFF61, 0xFF61, 0xFF61, 0xFF61, 0xFF61, 0xFF61, 0xFF61, 0xFF61,   // Linha de pixels
0xFF61, 0xFF61, 0xFF61, 0xFF61, 0xFF61, 0xFF61, 0xFF61, 0xFF61, 0xFF81, 0xFF81, 0xFF81, 0xFF81, 0xCE24, 0xCE24, 0xCE24, 0xCE24,   // Linha de pixels
0xFC40, 0xFC40, 0xFC40, 0xFC40, 0xFC40, 0xFC40, 0xFC40, 0xFC40, 0xFC40, 0xFC40, 0xFC40, 0xFC40, 0xFC40, 0xFC40, 0xFC40, 0xFC40,   // Linha de pixels
0xFC40, 0xFC40, 0xFC40, 0xFC40, 0xFC40, 0xFC40, 0xFC40, 0xFC40, 0xFC40, 0xFC40, 0xFC40, 0xFC40, 0xFC40, 0xFC40, 0xFC40, 0xFC61,   // Linha de pixels
0xFC61, 0xFC61, 0xFC61, 0x8241, 0x8241, 0x8241, 0x8241, 0x28A1, 0x28A1, 0x28A1, 0x28A1, 0x28A1, 0xD422, 0xD422, 0xD422, 0xD422,   // Linha de pixels
0xFC40, 0xFC40, 0xFC40, 0xFC40, 0xFC40, 0xFC40, 0xFC40, 0xFC40, 0xFC40, 0x0720, 0x0720, 0x0720, 0x0720, 0xFC40, 0xFC40, 0xFC40,   // Linha de pixels
0xFC40, 0xFC40, 0xFC40, 0xFC40, 0xFC40, 0xFC40, 0xFC40, 0xFC40, 0xFC40, 0xFC40, 0xEC21, 0xEC21, 0xEC21, 0xEC21, 0x8B42, 0x8B42,   // Linha de pixels
0x8B42, 0x8B42, 0x8B42, 0x3922, 0x3922, 0x3922, 0x3922, 0x0000, 0x0000, 0x0000, 0x0000, 0x0000, 0x0000, 0x0000, 0x0000, 0x0000,   // Linha de pixels
0x0000, 0x0000, 0x0000, 0x0000, 0x0000, 0x0000, 0x0000, 0x0000, 0x0000, 0x0000, 0x0000, 0x0000, 0x0000, 0x0000, 0x0000, 0x0000,   // Linha de pixels
0x0000, 0x0000, 0x0000, 0x0000, 0x0000, 0x0000, 0x0000, 0x0000, 0x0000, 0x0000, 0x0000, 0x0000, 0x0000, 0x0000, 0x0000, 0x0000,   // Linha de pixels
0x0000, 0x0000, 0x0730, 0x0730, 0x0730, 0x0730, 0x0730, 0x0000, 0x0000, 0x0000, 0x0000, 0x0000, 0x0000, 0x0000, 0x0000, 0x0000,   // Linha de pixels
0x0000, 0x0000, 0x0000, 0x0000, 0x0000, 0x0000, 0x0000, 0x0000, 0x0000, 0x0000, 0x0000, 0x0000, 0x0000, 0x0000, 0x0000, 0x0000,   // Linha de pixels
0x0000, 0x0000, 0x0000, 0x0000, 0x0000, 0x0000, 0x0000, 0x0000, 0x0000, 0x0000, 0x0000, 0x0000, 0x0000, 0x0000, 0x0000, 0x0000,   // Linha de pixels
0x0000, 0x0000, 0x0000, 0x0000, 0x0000, 0x0000, 0x0000, 0x0000, 0x0000, 0x0000, 0x0000, 0x0000, 0x0000, 0x0000, 0x0000, 0x0000,   // Linha de pixels
0x0000, 0x0000, 0x0000, 0x0000, 0x0000, 0x0000, 0x0000, 0x0000, 0x0000, 0x0000, 0x0000, 0x0000, 0x0740, 0x0740, 0x0740, 0x0740,   // Linha de pixels
0x0000, 0x0000, 0x0000, 0x0000, 0x0000, 0x0000, 0x0000, 0x0000, 0x0000, 0x0000, 0x0000, 0x0000, 0x0000, 0x0000, 0x0000, 0x0000,   // Linha de pixels
0x0000, 0x0000, 0x0000, 0x0000, 0x0000, 0x0000, 0x0000, 0x0000, 0x0000, 0x0000, 0x0000, 0x0000, 0x0000, 0x0000, 0x0000, 0x0000,   // Linha de pixels
0x0000, 0x0000, 0x0000, 0x0000, 0x0000, 0x0000, 0x0000, 0x0000, 0x0000, 0x0000, 0x0000, 0x0000, 0x0000, 0x0000, 0x0000, 0x0000,   // Linha de pixels
0x0000, 0x0000, 0x0000, 0x0000, 0x0000, 0x0000, 0x0000, 0x0000, 0x0000, 0x0000, 0x0000, 0x0000, 0x0000, 0x0000, 0x0000, 0x0000,   // Linha de pixels
0x0000, 0x0000, 0x0000, 0x0000, 0x0000, 0x0750, 0x0750, 0x0750, 0x0750, 0x0750, 0x8403, 0x8403, 0x8403, 0x8403, 0xFF81, 0xFF81,   // Linha de pixels
0xFF81, 0xFF81, 0xFF61, 0xFF61, 0xFF61, 0xFF61, 0xFF61, 0xFF61, 0xFF61, 0xFF61, 0xFF61, 0xFF61, 0xFF61, 0xFF61, 0xFF61, 0xFF61,   // Linha de pixels
0xFF61, 0xFF61, 0xFF61, 0xFF61, 0xFF61, 0xFF61, 0xFF61, 0xFF61, 0xFF81, 0xFF81, 0xFF81, 0xFF81, 0xCE24, 0xCE24, 0xCE24, 0xCE24,   // Linha de pixels
0xFC40, 0xFC40, 0xFC40, 0xFC40, 0xFC40, 0xFC40, 0xFC40, 0xFC40, 0xFC40, 0xFC40, 0xFC40, 0xFC40, 0xFC40, 0xFC40, 0xFC40, 0xFC40,   // Linha de pixels
0xFC40, 0xFC40, 0xFC40, 0xFC40, 0xFC40, 0xFC40, 0xFC40, 0xFC40, 0xFC40, 0xFC40, 0xFC40, 0xFC40, 0xFC40, 0xFC40, 0xFC40, 0xFC61,   // Linha de pixels
0xFC61, 0xFC61, 0xFC61, 0x8241, 0x8241, 0x8241, 0x8241, 0x28A1, 0x28A1, 0x28A1, 0x28A1, 0x28A1, 0xD422, 0xD422, 0xD422, 0xD422,   // Linha de pixels
0xFC40, 0xFC40, 0xFC40, 0xFC40, 0xFC40, 0xFC40, 0xFC40, 0xFC40, 0xFC40, 0x0720, 0x0720, 0x0720, 0x0720, 0xFC40, 0xFC40, 0xFC40,   // Linha de pixels
0xFC40, 0xFC40, 0xFC40, 0xFC40, 0xFC40, 0xFC40, 0xFC40, 0xFC40, 0xFC40, 0xFC40, 0xEC21, 0xEC21, 0xEC21, 0xEC21, 0x8B42, 0x8B42,   // Linha de pixels
0x8B42, 0x8B42, 0x8B42, 0x3922, 0x3922, 0x3922, 0x3922, 0x0000, 0x0000, 0x0000, 0x0000, 0x0000, 0x0000, 0x0000, 0x0000, 0x0000,   // Linha de pixels
0x0000, 0x0000, 0x0000, 0x0000, 0x0000, 0x0000, 0x0000, 0x0000, 0x0000, 0x0000, 0x0000, 0x0000, 0x0000, 0x0000, 0x0000, 0x0000,   // Linha de pixels
0x0000, 0x0000, 0x0000, 0x0000, 0x0000, 0x0000, 0x0000, 0x0000, 0x0000, 0x0000, 0x0000, 0x0000, 0x0000, 0x0000, 0x0000, 0x0000,   // Linha de pixels
0x0000, 0x0000, 0x0730, 0x0730, 0x0730, 0x0730, 0x0730, 0x0000, 0x0000, 0x0000, 0x0000, 0x0000, 0x0000, 0x0000, 0x0000, 0x0000,   // Linha de pixels
0x0000, 0x0000, 0x0000, 0x0000, 0x0000, 0x0000, 0x0000, 0x0000, 0x0000, 0x0000, 0x0000, 0x0000, 0x0000, 0x0000, 0x0000, 0x0000,   // Linha de pixels
0x0000, 0x0000, 0x0000, 0x0000, 0x0000, 0x0000, 0x0000, 0x0000, 0x0000, 0x0000, 0x0000, 0x0000, 0x0000, 0x0000, 0x0000, 0x0000,   // Linha de pixels
0x0000, 0x0000, 0x0000, 0x0000, 0x0000, 0x0000, 0x0000, 0x0000, 0x0000, 0x0000, 0x0000, 0x0000, 0x0000, 0x0000, 0x0000, 0x0000,   // Linha de pixels
0x0000, 0x0000, 0x0000, 0x0000, 0x0000, 0x0000, 0x0000, 0x0000, 0x0000, 0x0000, 0x0000, 0x0000, 0x0740, 0x0740, 0x0740, 0x0740,   // Linha de pixels
0x0000, 0x0000, 0x0000, 0x0000, 0x0000, 0x0000, 0x0000, 0x0000, 0x0000, 0x0000, 0x0000, 0x0000, 0x0000, 0x0000, 0x0000, 0x0000,   // Linha de pixels
0x0000, 0x0000, 0x0000, 0x0000, 0x0000, 0x0000, 0x0000, 0x0000, 0x0000, 0x0000, 0x0000, 0x0000, 0x0000, 0x0000, 0x0000, 0x0000,   // Linha de pixels
0x0000, 0x0000, 0x0000, 0x0000, 0x0000, 0x0000, 0x0000, 0x0000, 0x0000, 0x0000, 0x0000, 0x0000, 0x0000, 0x0000, 0x0000, 0x0000,   // Linha de pixels
0x0000, 0x0000, 0x0000, 0x0000, 0x0000, 0x0000, 0x0000, 0x0000, 0x0000, 0x0000, 0x0000, 0x0000, 0x0000, 0x0000, 0x0000, 0x0000,   // Linha de pixels
0x0000, 0x0000, 0x0000, 0x0000, 0x0000, 0x0750, 0x0750, 0x0750, 0x0750, 0x0750, 0x8403, 0x8403, 0x8403, 0x8403, 0xFF81, 0xFF81,   // Linha de pixels
0xFF81, 0xFF81, 0xFF61, 0xFF61, 0xFF61, 0xFF61, 0xFF61, 0xFF61, 0xFF61, 0xFF61, 0xFF61, 0xFF61, 0xFF61, 0xFF61, 0xFF61, 0xFF61,   // Linha de pixels
0xFF61, 0xFF61, 0xFF61, 0xFF61, 0xFF61, 0xFF61, 0xFF61, 0xFF61, 0xFF81, 0xFF81, 0xFF81, 0xFF81, 0xCE24, 0xCE24, 0xCE24, 0xCE24,   // Linha de pixels
0x18A1, 0x18A1, 0x18A1, 0x18A1, 0x18A1, 0xA503, 0xA503, 0xA503, 0xA503, 0xFF81, 0xFF81, 0xFF81, 0xFF81, 0xFF61, 0xFF61, 0xFF61,   // Linha de pixels
0xFF61, 0xFF61, 0xFF61, 0xFF61, 0xFF61, 0xFF61, 0xFF61, 0xFF61, 0xFF61, 0xFF61, 0xFF61, 0xFF61, 0xFF61, 0xFF61, 0xFF61, 0x0760,   // Linha de pixels
0x0760, 0x0760, 0x0760, 0xFF61, 0xFF61, 0xFF61, 0xFF61, 0xFF61, 0xFF61, 0xFF61, 0xFF61, 0xFF61, 0xFF61, 0xFF61, 0xFF61, 0xFF61,   // Linha de pixels
0xFF61, 0xFF61, 0xFF61, 0xFF61, 0xFF81, 0xFF81, 0xFF81, 0xFF81, 0xFF81, 0x83A2, 0x83A2, 0x83A2, 0x83A2, 0x2120, 0x2120, 0x2120,   // Linha de pixels
0x2120, 0xF6C3, 0xF6C3, 0xF6C3, 0xF6C3, 0xF6C3, 0xFF81, 0xFF81, 0xFF81, 0xFF81, 0xFF61, 0xFF61, 0xFF61, 0xFF61, 0xFF61, 0xFF61,   // Linha de pixels
0xFF61, 0xFF61, 0xFF61, 0xFF61, 0xFF61, 0xFF61, 0xFF61, 0xFF61, 0xFF61, 0xFF61, 0xFF61, 0xFF61, 0xFF61, 0xFF61, 0xFF61, 0xFF61,   // Linha de pixels
0xFF61, 0xFF61, 0xFF61, 0xFF61, 0x6B02, 0x6B02, 0x6B02, 0x6B02, 0x0770, 0x0770, 0x0770, 0x0770, 0x0770, 0x0000, 0x0000, 0x0000,   // Linha de pixels
0x0000, 0x0000, 0x0000, 0x0000, 0x0000, 0x0000, 0x0000, 0x0000, 0x0000, 0x0000, 0x0000, 0x0000, 0x0000, 0x0000, 0x0000, 0x0000,   // Linha de pixels
0x0000, 0x0000, 0x0000, 0x0000, 0x0000, 0x0000, 0x0000, 0x0000, 0x0000, 0x0000, 0x0000, 0x0000, 0x0000, 0x0000, 0x0000, 0x0000,   // Linha de pixels
0x0000, 0x0000, 0x0000, 0x0000, 0x0000, 0x0000, 0x0000, 0x0000, 0x0000, 0x0000, 0x0000, 0x0000, 0x0000, 0x0000, 0x0000, 0x0000,   // Linha de pixels
0x0000, 0x0000, 0x0000, 0x0000, 0x0000, 0x0000, 0x0000, 0x0000, 0x0000, 0x0000, 0x0000, 0x0000, 0x0000, 0x0000, 0x0000, 0x0000,   // Linha de pixels
0x0000, 0x0000, 0x0780, 0x0780, 0x0780, 0x0780, 0x0000, 0x0000, 0x0000, 0x0000, 0x0000, 0x0000, 0x0000, 0x0000, 0x0000, 0x0000,   // Linha de pixels
0x0000, 0x0000, 0x0000, 0x0000, 0x0000, 0x0000, 0x0000, 0x0000, 0x0000, 0x0000, 0x0000, 0x0000, 0x0000, 0x0000, 0x0000, 0x0000,   // Linha de pixels
0x0000, 0x0000, 0x0000, 0x0000, 0x0000, 0x0000, 0x0000, 0x0000, 0x0000, 0x0000, 0x0000, 0x0000, 0x0000, 0x0000, 0x0000, 0x0000,   // Linha de pixels
0x0000, 0x0000, 0x0000, 0x0000, 0x0000, 0x0000, 0x0000, 0x0000, 0x0000, 0x0000, 0x0000, 0x0000, 0x0000, 0x0000, 0x0000, 0x0000,   // Linha de pixels
0x0000, 0x0000, 0x0000, 0x0000, 0x0000, 0x0000, 0x0000, 0x0000, 0x0000, 0x0000, 0x0000, 0x0790, 0x0790, 0x0790, 0x0790, 0x0790,   // Linha de pixels
0x0000, 0x0000, 0x0000, 0x0000, 0x0000, 0x0000, 0x0000, 0x0000, 0x0000, 0x0000, 0x0000, 0x0000, 0x0000, 0x0000, 0x0000, 0x0000,   // Linha de pixels
0x0000, 0x0000, 0x0000, 0x0000, 0x0000, 0x0000, 0x0000, 0x0000, 0x0000, 0x0000, 0x0000, 0x0000, 0x0000, 0x0000, 0x0000, 0x0000,   // Linha de pixels
0x0000, 0x0000, 0x0000, 0x0000, 0x0000, 0x0000, 0x0000, 0x0000, 0x0000, 0x0000, 0x0000, 0x8403, 0x8403, 0x8403, 0x8403, 0xFFE6,   // Linha de pixels
0xFFE6, 0xFFE6, 0xFFE6, 0xFFE6, 0xFFE6, 0xFFE6, 0xFFE6, 0xFFE6, 0xFFE6, 0xFFE6, 0xFFE6, 0xFFE6, 0xFFE6, 0xFFE6, 0xFFE6, 0xFFE6,   // Linha de pixels
0x18A1, 0x18A1, 0x18A1, 0x18A1, 0x18A1, 0xA503, 0xA503, 0xA503, 0xA503, 0xFF81, 0xFF81, 0xFF81, 0xFF81, 0xFF61, 0xFF61, 0xFF61,   // Linha de pixels
0xFF61, 0xFF61, 0xFF61, 0xFF61, 0xFF61, 0xFF61, 0xFF61, 0xFF61, 0xFF61, 0xFF61, 0xFF61, 0xFF61, 0xFF61, 0xFF61, 0xFF61, 0x0760,   // Linha de pixels
0x0760, 0x0760, 0x0760, 0xFF61, 0xFF61, 0xFF61, 0xFF61, 0xFF61, 0xFF61, 0xFF61, 0xFF61, 0xFF61, 0xFF61, 0xFF61, 0xFF61, 0xFF61,   // Linha de pixels
0xFF61, 0xFF61, 0xFF61, 0xFF61, 0xFF81, 0xFF81, 0xFF81, 0xFF81, 0xFF81, 0x83A2, 0x83A2, 0x83A2, 0x83A2, 0x2120, 0x2120, 0x2120,   // Linha de pixels
0x2120, 0xF6C3, 0xF6C3, 0xF6C3, 0xF6C3, 0xF6C3, 0xFF81, 0xFF81, 0xFF81, 0xFF81, 0xFF61, 0xFF61, 0xFF61, 0xFF61, 0xFF61, 0xFF61,   // Linha de pixels
0xFF61, 0xFF61, 0xFF61, 0xFF61, 0xFF61, 0xFF61, 0xFF61, 0xFF61, 0xFF61, 0xFF61, 0xFF61, 0xFF61, 0xFF61, 0xFF61, 0xFF61, 0xFF61,   // Linha de pixels
0xFF61, 0xFF61, 0xFF61, 0xFF61, 0x6B02, 0x6B02, 0x6B02, 0x6B02, 0x0770, 0x0770, 0x0770, 0x0770, 0x0770, 0x0000, 0x0000, 0x0000,   // Linha de pixels
0x0000, 0x0000, 0x0000, 0x0000, 0x0000, 0x0000, 0x0000, 0x0000, 0x0000, 0x0000, 0x0000, 0x0000, 0x0000, 0x0000, 0x0000, 0x0000,   // Linha de pixels
0x0000, 0x0000, 0x0000, 0x0000, 0x0000, 0x0000, 0x0000, 0x0000, 0x0000, 0x0000, 0x0000, 0x0000, 0x0000, 0x0000, 0x0000, 0x0000,   // Linha de pixels
0x0000, 0x0000, 0x0000, 0x0000, 0x0000, 0x0000, 0x0000, 0x0000, 0x0000, 0x0000, 0x0000, 0x0000, 0x0000, 0x0000, 0x0000, 0x0000,   // Linha de pixels
0x0000, 0x0000, 0x0000, 0x0000, 0x0000, 0x0000, 0x0000, 0x0000, 0x0000, 0x0000, 0x0000, 0x0000, 0x0000, 0x0000, 0x0000, 0x0000,   // Linha de pixels
0x0000, 0x0000, 0x0780, 0x0780, 0x0780, 0x0780, 0x0000, 0x0000, 0x0000, 0x0000, 0x0000, 0x0000, 0x0000, 0x0000, 0x0000, 0x0000,   // Linha de pixels
0x0000, 0x0000, 0x0000, 0x0000, 0x0000, 0x0000, 0x0000, 0x0000, 0x0000, 0x0000, 0x0000, 0x0000, 0x0000, 0x0000, 0x0000, 0x0000,   // Linha de pixels
0x0000, 0x0000, 0x0000, 0x0000, 0x0000, 0x0000, 0x0000, 0x0000, 0x0000, 0x0000, 0x0000, 0x0000, 0x0000, 0x0000, 0x0000, 0x0000,   // Linha de pixels
0x0000, 0x0000, 0x0000, 0x0000, 0x0000, 0x0000, 0x0000, 0x0000, 0x0000, 0x0000, 0x0000, 0x0000, 0x0000, 0x0000, 0x0000, 0x0000,   // Linha de pixels
0x0000, 0x0000, 0x0000, 0x0000, 0x0000, 0x0000, 0x0000, 0x0000, 0x0000, 0x0000, 0x0000, 0x0790, 0x0790, 0x0790, 0x0790, 0x0790,   // Linha de pixels
0x0000, 0x0000, 0x0000, 0x0000, 0x0000, 0x0000, 0x0000, 0x0000, 0x0000, 0x0000, 0x0000, 0x0000, 0x0000, 0x0000, 0x0000, 0x0000,   // Linha de pixels
0x0000, 0x0000, 0x0000, 0x0000, 0x0000, 0x0000, 0x0000, 0x0000, 0x0000, 0x0000, 0x0000, 0x0000, 0x0000, 0x0000, 0x0000, 0x0000,   // Linha de pixels
0x0000, 0x0000, 0x0000, 0x0000, 0x0000, 0x0000, 0x0000, 0x0000, 0x0000, 0x0000, 0x0000, 0x8403, 0x8403, 0x8403, 0x8403, 0xFFE6,   // Linha de pixels
0xFFE6, 0xFFE6, 0xFFE6, 0xFFE6, 0xFFE6, 0xFFE6, 0xFFE6, 0xFFE6, 0xFFE6, 0xFFE6, 0xFFE6, 0xFFE6, 0xFFE6, 0xFFE6, 0xFFE6, 0xFFE6,   // Linha de pixels
0xFFE6, 0xFFE6, 0xFFE6, 0xFFE6, 0xFFE6, 0x07A0, 0x07A0, 0x07A0, 0x07A0, 0xFFE6, 0xFFE6, 0xFFE6, 0xFFE6, 0xDE85, 0xDE85, 0xDE85,   // Linha de pixels
0xDE85, 0xDE85, 0x8403, 0x8403, 0x8403, 0x8403, 0x18A1, 0x18A1, 0x18A1, 0x18A1, 0xB585, 0xB585, 0xB585, 0xB585, 0xB585, 0xFFE6,   // Linha de pixels
0xFFE6, 0xFFE6, 0xFFE6, 0xFFE6, 0xFFE6, 0xFFE6, 0xFFE6, 0xFFE6, 0xFFE6, 0xFFE6, 0xFFE6, 0xFFE6, 0xFFE6, 0xFFE6, 0xFFE6, 0xFFE6,   // Linha de pixels
0xFFE6, 0xFFE6, 0xFFE6, 0xFFE6, 0xFFE6, 0xFFE6, 0xFFE6, 0xFFE6, 0xFFE6, 0xFFE6, 0xFFE6, 0xFFE6, 0xFFE6, 0xFFE6, 0xFFE6, 0xFFE6,   // Linha de pixels
0xFFE6, 0xFFE6, 0xFFE6, 0xFFE6, 0xFFE6, 0xFFE6, 0xFFE6, 0xFFE6, 0xFFE6, 0xFFE6, 0x8403, 0x8403, 0x8403, 0x8403, 0x07B0, 0x07B0,   // Linha de pixels
0x07B0, 0x07B0, 0x07B0, 0x18E1, 0x18E1, 0x18E1, 0x18E1, 0x9484, 0x9484, 0x9484, 0x9484, 0xE705, 0xE705, 0xE705, 0xE705, 0xE705,   // Linha de pixels
0xFFE6, 0xFFE6, 0xFFE6, 0xFFE6, 0xFFE6, 0xFFE6, 0xFFE6, 0xFFE6, 0xFFE6, 0xFFE6, 0xFFE6, 0xFFE6, 0xFFE6, 0xFFE6, 0xFFE6, 0xFFE6,   // Linha de pixels
0xFFE6, 0xFFE6, 0xFFE6, 0xFFE6, 0xFFE6, 0xFFE6, 0xFFE6, 0xFFE6, 0xFFE6, 0xFFE6, 0x73A3, 0x73A3, 0x73A3, 0x73A3, 0x0000, 0x0000,   // Linha de pixels
0x0000, 0x0000, 0x0000, 0x0000, 0x0000, 0x0000, 0x0000, 0x0000, 0x0000, 0x0000, 0x0000, 0x0000, 0x0000, 0x0000, 0x0000, 0x0000,   // Linha de pixels
0x0000, 0x0000, 0x0000, 0x0000, 0x0000, 0x0000, 0x0000, 0x0000, 0x07C0, 0x07C0, 0x07C0, 0x07C0, 0x0000, 0x0000, 0x0000, 0x0000,   // Linha de pixels
0x0000, 0x0000, 0x0000, 0x0000, 0x0000, 0x0000, 0x0000, 0x0000, 0x0000, 0x0000, 0x0000, 0x0000, 0x0000, 0x0000, 0x0000, 0x0000,   // Linha de pixels
0x0000, 0x0000, 0x0000, 0x0000, 0x0000, 0x0000, 0x0000, 0x0000, 0x0000, 0x0000, 0x0000, 0x0000, 0x0000, 0x0000, 0x0000, 0x0000,   // Linha de pixels
0x0000, 0x0000, 0x0000, 0x0000, 0x0000, 0x0000, 0x0000, 0x0000, 0x0000, 0x0000, 0x0000, 0x0000, 0x0000, 0x0000, 0x0000, 0x0000,   // Linha de pixels
0x0000, 0x0000, 0x0000, 0x0000, 0x0000, 0x0000, 0x0000, 0x0000, 0x0000, 0x0000, 0x0000, 0x0000, 0x0000, 0x0000, 0x0000, 0x0000,   // Linha de pixels
0x0000, 0x07D0, 0x07D0, 0x07D0, 0x07D0, 0x07D0, 0x0000, 0x0000, 0x0000, 0x0000, 0x0000, 0x0000, 0x0000, 0x0000, 0x0000, 0x0000,   // Linha de pixels
0x0000, 0x0000, 0x0000, 0x0000, 0x0000, 0x0000, 0x0000, 0x0000, 0x0000, 0x0000, 0x0000, 0x0000, 0x0000, 0x0000, 0x0000, 0x0000,   // Linha de pixels
0x0000, 0x0000, 0x0000, 0x0000, 0x0000, 0x0000, 0x0000, 0x0000, 0x0000, 0x0000, 0x0000, 0x0000, 0x0000, 0x0000, 0x0000, 0x0000,   // Linha de pixels
0x0000, 0x0000, 0x0000, 0x0000, 0x0000, 0x0000, 0x0000, 0x0000, 0x0000, 0x0000, 0x0000, 0x0000, 0x0000, 0x0000, 0x0000, 0x0000,   // Linha de pixels
0x0000, 0x0000, 0x0000, 0x0000, 0x0000, 0x0000, 0x0000, 0x0000, 0x0000, 0x0000, 0x0000, 0x07E0, 0x07E0, 0x07E0, 0x07E0, 0x0000,   // Linha de pixels
0x0000, 0x0000, 0x0000, 0x0000, 0x0000, 0x0000, 0x0000, 0x0000, 0x0000, 0x0000, 0x0000, 0x0000, 0x0000, 0x0000, 0x0000, 0x0000,   // Linha de pixels
0xFFE6, 0xFFE6, 0xFFE6, 0xFFE6, 0xFFE6, 0x07A0, 0x07A0, 0x07A0, 0x07A0, 0xFFE6, 0xFFE6, 0xFFE6, 0xFFE6, 0xDE85, 0xDE85, 0xDE85,   // Linha de pixels
0xDE85, 0xDE85, 0x8403, 0x8403, 0x8403, 0x8403, 0x18A1, 0x18A1, 0x18A1, 0x18A1, 0xB585, 0xB585, 0xB585, 0xB585, 0xB585, 0xFFE6,   // Linha de pixels
0xFFE6, 0xFFE6, 0xFFE6, 0xFFE6, 0xFFE6, 0xFFE6, 0xFFE6, 0xFFE6, 0xFFE6, 0xFFE6, 0xFFE6, 0xFFE6, 0xFFE6, 0xFFE6, 0xFFE6, 0xFFE6,   // Linha de pixels
0xFFE6, 0xFFE6, 0xFFE6, 0xFFE6, 0xFFE6, 0xFFE6, 0xFFE6, 0xFFE6, 0xFFE6, 0xFFE6, 0xFFE6, 0xFFE6, 0xFFE6, 0xFFE6, 0xFFE6, 0xFFE6,   // Linha de pixels
0xFFE6, 0xFFE6, 0xFFE6, 0xFFE6, 0xFFE6, 0xFFE6, 0xFFE6, 0xFFE6, 0xFFE6, 0xFFE6, 0x8403, 0x8403, 0x8403, 0x8403, 0x07B0, 0x07B0,   // Linha de pixels
0x07B0, 0x07B0, 0x07B0, 0x18E1, 0x18E1, 0x18E1, 0x18E1, 0x9484, 0x9484, 0x9484, 0x9484, 0xE705, 0xE705, 0xE705, 0xE705, 0xE705,   // Linha de pixels
0xFFE6, 0xFFE6, 0xFFE6, 0xFFE6, 0xFFE6, 0xFFE6, 0xFFE6, 0xFFE6, 0xFFE6, 0xFFE6, 0xFFE6, 0xFFE6, 0xFFE6, 0xFFE6, 0xFFE6, 0xFFE6,   // Linha de pixels
0xFFE6, 0xFFE6, 0xFFE6, 0xFFE6, 0xFFE6, 0xFFE6, 0xFFE6, 0xFFE6, 0xFFE6, 0xFFE6, 0x73A3, 0x73A3, 0x73A3, 0x73A3, 0x0000, 0x0000,   // Linha de pixels
0x0000, 0x0000, 0x0000, 0x0000, 0x0000, 0x0000, 0x0000, 0x0000, 0x0000, 0x0000, 0x0000, 0x0000, 0x0000, 0x0000, 0x0000, 0x0000,   // Linha de pixels
0x0000, 0x0000, 0x0000, 0x0000, 0x0000, 0x0000, 0x0000, 0x0000, 0x07C0, 0x07C0, 0x07C0, 0x07C0, 0x0000, 0x0000, 0x0000, 0x0000,   // Linha de pixels
0x0000, 0x0000, 0x0000, 0x0000, 0x0000, 0x0000, 0x0000, 0x0000, 0x0000, 0x0000, 0x0000, 0x0000, 0x0000, 0x0000, 0x0000, 0x0000,   // Linha de pixels
0x0000, 0x0000, 0x0000, 0x0000, 0x0000, 0x0000, 0x0000, 0x0000, 0x0000, 0x0000, 0x0000, 0x0000, 0x0000, 0x0000, 0x0000, 0x0000,   // Linha de pixels
0x0000, 0x0000, 0x0000, 0x0000, 0x0000, 0x0000, 0x0000, 0x0000, 0x0000, 0x0000, 0x0000, 0x0000, 0x0000, 0x0000, 0x0000, 0x0000,   // Linha de pixels
0x0000, 0x0000, 0x0000, 0x0000, 0x0000, 0x0000, 0x0000, 0x0000, 0x0000, 0x0000, 0x0000, 0x0000, 0x0000, 0x0000, 0x0000, 0x0000,   // Linha de pixels
0x0000, 0x07D0, 0x07D0, 0x07D0, 0x07D0, 0x07D0, 0x0000, 0x0000, 0x0000, 0x0000, 0x0000, 0x0000, 0x0000, 0x0000, 0x0000, 0x0000,   // Linha de pixels
0x0000, 0x0000, 0x0000, 0x0000, 0x0000, 0x0000, 0x0000, 0x0000, 0x0000, 0x0000, 0x0000, 0x0000, 0x0000, 0x0000, 0x0000, 0x0000,   // Linha de pixels
0x0000, 0x0000, 0x0000, 0x0000, 0x0000, 0x0000, 0x0000, 0x0000, 0x0000, 0x0000, 0x0000, 0x0000, 0x0000, 0x0000, 0x0000, 0x0000,   // Linha de pixels
0x0000, 0x0000, 0x0000, 0x0000, 0x0000, 0x0000, 0x0000, 0x0000, 0x0000, 0x0000, 0x0000, 0x0000, 0x0000, 0x0000, 0x0000, 0x0000,   // Linha de pixels
0x0000, 0x0000, 0x0000, 0x0000, 0x0000, 0x0000, 0x0000, 0x0000, 0x0000, 0x0000, 0x0000, 0x07E0, 0x07E0, 0x07E0, 0x07E0, 0x0000,   // Linha de pixels
0x0000, 0x0000, 0x0000, 0x0000, 0x0000, 0x0000, 0x0000, 0x0000, 0x0000, 0x0000, 0x0000, 0x0000, 0x0000, 0x0000, 0x0000, 0x0000,   // Linha de pixels
0x83E9, 0x83E9, 0x83E9, 0x83E9, 0x83E9, 0xEF51, 0xEF51, 0xEF51, 0xEF51, 0xEF51, 0xEF51, 0xEF51, 0xEF51, 0xEF51, 0xEF51, 0xEF51,   // Linha de pixels
0xEF51, 0xEF51, 0xEF51, 0xEF51, 0xEF51, 0xEF51, 0xEF51, 0xEF51, 0xEF51, 0xEF51, 0xEF72, 0xEF72, 0xEF72, 0xEF72, 0xEF72, 0x83E9,   // Linha de pixels
0x83E9, 0x83E9, 0x83E9, 0x0000, 0x0000, 0x0000, 0x0000, 0x0840, 0x0840, 0x0840, 0x0840, 0x0840, 0xAD2C, 0xAD2C, 0xAD2C, 0xAD2C,   // Linha de pixels
0xEF72, 0xEF72, 0xEF72, 0xEF72, 0x07F0, 0x07F0, 0x07F0, 0x07F0, 0x07F0, 0xEF51, 0xEF51, 0xEF51, 0xEF51, 0xEF51, 0xEF51, 0xEF51,   // Linha de pixels
0xEF51, 0xEF51, 0xEF51, 0xEF51, 0xEF51, 0xEF51, 0xEF51, 0xEF51, 0xEF51, 0xEF51, 0xEF51, 0xEF51, 0xEF51, 0xEF51, 0xEF51, 0xEF51,   // Linha de pixels
0xEF51, 0xEF51, 0xEF51, 0xEF51, 0xEF51, 0xEF51, 0xEF51, 0xEF51, 0xEF51, 0xEF51, 0xEF51, 0xEF72, 0xEF72, 0xEF72, 0xEF72, 0xEF72,   // Linha de pixels
0x83E9, 0x83E9, 0x83E9, 0x83E9, 0x0000, 0x0000, 0x0000, 0x0000, 0x0840, 0x0840, 0x0840, 0x0840, 0x0840, 0xA4AD, 0xA4AD, 0xA4AD,   // Linha de pixels
0xA4AD, 0xEF72, 0xEF72, 0xEF72, 0xEF72, 0xEF51, 0xEF51, 0xEF51, 0xEF51, 0xEF51, 0xEF51, 0xEF51, 0xEF51, 0xEF51, 0x0800, 0x0800,   // Linha de pixels
0x0800, 0x0800, 0xEF51, 0xEF51, 0xEF51, 0xEF51, 0xEF51, 0xEF51, 0xEF51, 0xEF51, 0xEF51, 0xEF51, 0xEF51, 0xEF51, 0xEF51, 0x6B28,   // Linha de pixels
0x6B28, 0x6B28, 0x6B28, 0x6B28, 0x0000, 0x0000, 0x0000, 0x0000, 0x0000, 0x0000, 0x0000, 0x0000, 0x0000, 0x0000, 0x0000, 0x0000,   // Linha de pixels
0x0000, 0x0000, 0x0000, 0x0000, 0x0000, 0x0000, 0x0000, 0x0000, 0x0000, 0x0000, 0x0000, 0x0000, 0x0000, 0x0000, 0x0000, 0x0000,   // Linha de pixels
0x0000, 0x0000, 0x0000, 0x0000, 0x0000, 0x0000, 0x0000, 0x0000, 0x0000, 0x0000, 0x0000, 0x0000, 0x0000, 0x0000, 0x0000, 0x0000,   // Linha de pixels
0x0000, 0x0000, 0x0000, 0x0000, 0x0000, 0x0000, 0x0000, 0x0810, 0x0810, 0x0810, 0x0810, 0x0810, 0x0000, 0x0000, 0x0000, 0x0000,   // Linha de pixels
0x0000, 0x0000, 0x0000, 0x0000, 0x0000, 0x0000, 0x0000, 0x0000, 0x0000, 0x0000, 0x0000, 0x0000, 0x0000, 0x0000, 0x0000, 0x0000,   // Linha de pixels
0x0000, 0x0000, 0x0000, 0x0000, 0x0000, 0x0000, 0x0000, 0x0000, 0x0000, 0x0000, 0x0000, 0x0000, 0x0000, 0x0000, 0x0000, 0x0000,   // Linha de pixels
0x0000, 0x0000, 0x0000, 0x0000, 0x0000, 0x0000, 0x0000, 0x0000, 0x0000, 0x0000, 0x0000, 0x0000, 0x0000, 0x0000, 0x0000, 0x0000,   // Linha de pixels
0x0000, 0x0000, 0x0000, 0x0000, 0x0000, 0x0000, 0x0000, 0x0000, 0x0000, 0x0000, 0x0000, 0x0000, 0x0000, 0x0000, 0x0000, 0x0000,   // Linha de pixels
0x0000, 0x0820, 0x0820, 0x0820, 0x0820, 0x0000, 0x0000, 0x0000, 0x0000, 0x0000, 0x0000, 0x0000, 0x0000, 0x0000, 0x0000, 0x0000,   // Linha de pixels
0x0000, 0x0000, 0x0000, 0x0000, 0x0000, 0x0000, 0x0000, 0x0000, 0x0000, 0x0000, 0x0000, 0x0000, 0x0000, 0x0000, 0x0000, 0x0000,   // Linha de pixels
0x0000, 0x0000, 0x0000, 0x0000, 0x0000, 0x0000, 0x0000, 0x0000, 0x0000, 0x0000, 0x0000, 0x0000, 0x0000, 0x0000, 0x0000, 0x0000,   // Linha de pixels
0x83E9, 0x83E9, 0x83E9, 0x83E9, 0x83E9, 0xEF51, 0xEF51, 0xEF51, 0xEF51, 0xEF51, 0xEF51, 0xEF51, 0xEF51, 0xEF51, 0xEF51, 0xEF51,   // Linha de pixels
0xEF51, 0xEF51, 0xEF51, 0xEF51, 0xEF51, 0xEF51, 0xEF51, 0xEF51, 0xEF51, 0xEF51, 0xEF72, 0xEF72, 0xEF72, 0xEF72, 0xEF72, 0x83E9,   // Linha de pixels
0x83E9, 0x83E9, 0x83E9, 0x0000, 0x0000, 0x0000, 0x0000, 0x0840, 0x0840, 0x0840, 0x0840, 0x0840, 0xAD2C, 0xAD2C, 0xAD2C, 0xAD2C,   // Linha de pixels
0xEF72, 0xEF72, 0xEF72, 0xEF72, 0x07F0, 0x07F0, 0x07F0, 0x07F0, 0x07F0, 0xEF51, 0xEF51, 0xEF51, 0xEF51, 0xEF51, 0xEF51, 0xEF51,   // Linha de pixels
0xEF51, 0xEF51, 0xEF51, 0xEF51, 0xEF51, 0xEF51, 0xEF51, 0xEF51, 0xEF51, 0xEF51, 0xEF51, 0xEF51, 0xEF51, 0xEF51, 0xEF51, 0xEF51,   // Linha de pixels
0xEF51, 0xEF51, 0xEF51, 0xEF51, 0xEF51, 0xEF51, 0xEF51, 0xEF51, 0xEF51, 0xEF51, 0xEF51, 0xEF72, 0xEF72, 0xEF72, 0xEF72, 0xEF72,   // Linha de pixels
0x83E9, 0x83E9, 0x83E9, 0x83E9, 0x0000, 0x0000, 0x0000, 0x0000, 0x0840, 0x0840, 0x0840, 0x0840, 0x0840, 0xA4AD, 0xA4AD, 0xA4AD,   // Linha de pixels
0xA4AD, 0xEF72, 0xEF72, 0xEF72, 0xEF72, 0xEF51, 0xEF51, 0xEF51, 0xEF51, 0xEF51, 0xEF51, 0xEF51, 0xEF51, 0xEF51, 0x0800, 0x0800,   // Linha de pixels
0x0800, 0x0800, 0xEF51, 0xEF51, 0xEF51, 0xEF51, 0xEF51, 0xEF51, 0xEF51, 0xEF51, 0xEF51, 0xEF51, 0xEF51, 0xEF51, 0xEF51, 0x6B28,   // Linha de pixels
0x6B28, 0x6B28, 0x6B28, 0x6B28, 0x0000, 0x0000, 0x0000, 0x0000, 0x0000, 0x0000, 0x0000, 0x0000, 0x0000, 0x0000, 0x0000, 0x0000,   // Linha de pixels
0x0000, 0x0000, 0x0000, 0x0000, 0x0000, 0x0000, 0x0000, 0x0000, 0x0000, 0x0000, 0x0000, 0x0000, 0x0000, 0x0000, 0x0000, 0x0000,   // Linha de pixels
0x0000, 0x0000, 0x0000, 0x0000, 0x0000, 0x0000, 0x0000, 0x0000, 0x0000, 0x0000, 0x0000, 0x0000, 0x0000, 0x0000, 0x0000, 0x0000,   // Linha de pixels
0x0000, 0x0000, 0x0000, 0x0000, 0x0000, 0x0000, 0x0000, 0x0810, 0x0810, 0x0810, 0x0810, 0x0810, 0x0000, 0x0000, 0x0000, 0x0000,   // Linha de pixels
0x0000, 0x0000, 0x0000, 0x0000, 0x0000, 0x0000, 0x0000, 0x0000, 0x0000, 0x0000, 0x0000, 0x0000, 0x0000, 0x0000, 0x0000, 0x0000,   // Linha de pixels
0x0000, 0x0000, 0x0000, 0x0000, 0x0000, 0x0000, 0x0000, 0x0000, 0x0000, 0x0000, 0x0000, 0x0000, 0x0000, 0x0000, 0x0000, 0x0000,   // Linha de pixels
0x0000, 0x0000, 0x0000, 0x0000, 0x0000, 0x0000, 0x0000, 0x0000, 0x0000, 0x0000, 0x0000, 0x0000, 0x0000, 0x0000, 0x0000, 0x0000,   // Linha de pixels
0x0000, 0x0000, 0x0000, 0x0000, 0x0000, 0x0000, 0x0000, 0x0000, 0x0000, 0x0000, 0x0000, 0x0000, 0x0000, 0x0000, 0x0000, 0x0000,   // Linha de pixels
0x0000, 0x0820, 0x0820, 0x0820, 0x0820, 0x0000, 0x0000, 0x0000, 0x0000, 0x0000, 0x0000, 0x0000, 0x0000, 0x0000, 0x0000, 0x0000,   // Linha de pixels
0x0000, 0x0000, 0x0000, 0x0000, 0x0000, 0x0000, 0x0000, 0x0000, 0x0000, 0x0000, 0x0000, 0x0000, 0x0000, 0x0000, 0x0000, 0x0000,   // Linha de pixels
0x0000, 0x0000, 0x0000, 0x0000, 0x0000, 0x0000, 0x0000, 0x0000, 0x0000, 0x0000, 0x0000, 0x0000, 0x0000, 0x0000, 0x0000, 0x0000,   // Linha de pixels
0x0000, 0x0000, 0x0000, 0x0000, 0x0000, 0x0000, 0x0000, 0x0000, 0x0000, 0x0000, 0x0000, 0x0000, 0x0000, 0x5060, 0x5060, 0x5060,   // Linha de pixels
0x5060, 0x5060, 0x68A1, 0x68A1, 0x68A1, 0x68A1, 0x81A4, 0x81A4, 0x81A4, 0x81A4, 0x0830, 0x0830, 0x0830, 0x0830, 0x0830, 0x81A4,   // Linha de pixels
0x81A4, 0x81A4, 0x81A4, 0x81A4, 0x81A4, 0x81A4, 0x81A4, 0x81A4, 0x81A4, 0x81A4, 0x81A4, 0x81A4, 0x81A4, 0x81A4, 0x81A4, 0x81A4,   // Linha de pixels
0x81A4, 0x81A4, 0x81A4, 0x81A4, 0x3922, 0x3922, 0x3922, 0x3922, 0x3922, 0x0000, 0x0000, 0x0000, 0x0000, 0x0000, 0x0000, 0x0000,   // Linha de pixels
0x0000, 0x5123, 0x5123, 0x5123, 0x5123, 0x5123, 0x81A4, 0x81A4, 0x81A4, 0x81A4, 0x81A4, 0x81A4, 0x81A4, 0x81A4, 0x81A4, 0x81A4,   // Linha de pixels
0x81A4, 0x81A4, 0x81A4, 0x81A4, 0x81A4, 0x81A4, 0x81A4, 0x81A4, 0x81A4, 0x81A4, 0x81A4, 0x81A4, 0x81A4, 0x81A4, 0x81A4, 0x81A4,   // Linha de pixels
0x81A4, 0x81A4, 0x81A4, 0x81A4, 0x0840, 0x0840, 0x0840, 0x0840, 0x81A4, 0x81A4, 0x81A4, 0x81A4, 0x81A4, 0x81A4, 0x81A4, 0x81A4,   // Linha de pixels
0x81A4, 0x81A4, 0x81A4, 0x81A4, 0x81A4, 0x3922, 0x3922, 0x3922, 0x3922, 0x3922, 0x0000, 0x0000, 0x0000, 0x0000, 0x0000, 0x0000,   // Linha de pixels
0x0000, 0x0000, 0x5123, 0x5123, 0x5123, 0x5123, 0x5123, 0x81A4, 0x81A4, 0x81A4, 0x81A4, 0x81A4, 0x81A4, 0x81A4, 0x81A4, 0x81A4,   // Linha de pixels
0x81A4, 0x81A4, 0x81A4, 0x81A4, 0x81A4, 0x81A4, 0x81A4, 0x81A4, 0x81A4, 0x81A4, 0x81A4, 0x81A4, 0x81A4, 0x81A4, 0x81A4, 0x81A4,   // Linha de pixels
0x68A1, 0x68A1, 0x68A1, 0x68A1, 0x68A1, 0x3020, 0x3020, 0x3020, 0x3020, 0x0000, 0x0000, 0x0000, 0x0000, 0x0850, 0x0850, 0x0850,   // Linha de pixels
0x0850, 0x0850, 0x0000, 0x0000, 0x0000, 0x0000, 0x0000, 0x0000, 0x0000, 0x0000, 0x0000, 0x0000, 0x0000, 0x0000, 0x0000, 0x0000,   // Linha de pixels
0x0000, 0x0000, 0x0000, 0x0000, 0x0000, 0x0000, 0x0000, 0x0000, 0x0000, 0x0000, 0x0000, 0x0000, 0x0000, 0x0000, 0x0000, 0x0000,   // Linha de pixels
0x0000, 0x0000, 0x0000, 0x0000, 0x0000, 0x0000, 0x0000, 0x0000, 0x0000, 0x0000, 0x0000, 0x0000, 0x0000, 0x0000, 0x0000, 0x0000,   // Linha de pixels
0x0000, 0x0000, 0x0000, 0x0000, 0x0000, 0x0000, 0x0000, 0x0000, 0x0000, 0x0000, 0x0000, 0x0000, 0x0000, 0x0000, 0x0000, 0x0000,   // Linha de pixels
0x0000, 0x0000, 0x0000, 0x0000, 0x0000, 0x0000, 0x0000, 0x0860, 0x0860, 0x0860, 0x0860, 0x0000, 0x0000, 0x0000, 0x0000, 0x0000,   // Linha de pixels
0x0000, 0x0000, 0x0000, 0x0000, 0x0000, 0x0000, 0x0000, 0x0000, 0x0000, 0x0000, 0x0000, 0x0000, 0x0000, 0x0000, 0x0000, 0x0000,   // Linha de pixels
0x0000, 0x0000, 0x0000, 0x0000, 0x0000, 0x0000, 0x0000, 0x0000, 0x0000, 0x0000, 0x0000, 0x0000, 0x0000, 0x0000, 0x0000, 0x0000,   // Linha de pixels
0x0000, 0x0000, 0x0000, 0x0000, 0x0000, 0x0000, 0x0000, 0x0000, 0x0000, 0x0000, 0x0000, 0x0000, 0x0000, 0x0000, 0x0000, 0x0000,   // Linha de pixels
0x0000, 0x0000, 0x0000, 0x0000, 0x0000, 0x0000, 0x0000, 0x0000, 0x0000, 0x0000, 0x0000, 0x0000, 0x0000, 0x0000, 0x0000, 0x0000,   // Linha de pixels
0x0000, 0x0000, 0x0000, 0x0000, 0x0000, 0x0000, 0x0000, 0x0000, 0x0000, 0x0000, 0x0000, 0x0000, 0x0000, 0x5060, 0x5060, 0x5060,   // Linha de pixels
0x5060, 0x5060, 0x68A1, 0x68A1, 0x68A1, 0x68A1, 0x81A4, 0x81A4, 0x81A4, 0x81A4, 0x0830, 0x0830, 0x0830, 0x0830, 0x0830, 0x81A4,   // Linha de pixels
0x81A4, 0x81A4, 0x81A4, 0x81A4, 0x81A4, 0x81A4, 0x81A4, 0x81A4, 0x81A4, 0x81A4, 0x81A4, 0x81A4, 0x81A4, 0x81A4, 0x81A4, 0x81A4,   // Linha de pixels
0x81A4, 0x81A4, 0x81A4, 0x81A4, 0x3922, 0x3922, 0x3922, 0x3922, 0x3922, 0x0000, 0x0000, 0x0000, 0x0000, 0x0000, 0x0000, 0x0000,   // Linha de pixels
0x0000, 0x5123, 0x5123, 0x5123, 0x5123, 0x5123, 0x81A4, 0x81A4, 0x81A4, 0x81A4, 0x81A4, 0x81A4, 0x81A4, 0x81A4, 0x81A4, 0x81A4,   // Linha de pixels
0x81A4, 0x81A4, 0x81A4, 0x81A4, 0x81A4, 0x81A4, 0x81A4, 0x81A4, 0x81A4, 0x81A4, 0x81A4, 0x81A4, 0x81A4, 0x81A4, 0x81A4, 0x81A4,   // Linha de pixels
0x81A4, 0x81A4, 0x81A4, 0x81A4, 0x0840, 0x0840, 0x0840, 0x0840, 0x81A4, 0x81A4, 0x81A4, 0x81A4, 0x81A4, 0x81A4, 0x81A4, 0x81A4,   // Linha de pixels
0x81A4, 0x81A4, 0x81A4, 0x81A4, 0x81A4, 0x3922, 0x3922, 0x3922, 0x3922, 0x3922, 0x0000, 0x0000, 0x0000, 0x0000, 0x0000, 0x0000,   // Linha de pixels
0x0000, 0x0000, 0x5123, 0x5123, 0x5123, 0x5123, 0x5123, 0x81A4, 0x81A4, 0x81A4, 0x81A4, 0x81A4, 0x81A4, 0x81A4, 0x81A4, 0x81A4,   // Linha de pixels
0x81A4, 0x81A4, 0x81A4, 0x81A4, 0x81A4, 0x81A4, 0x81A4, 0x81A4, 0x81A4, 0x81A4, 0x81A4, 0x81A4, 0x81A4, 0x81A4, 0x81A4, 0x81A4,   // Linha de pixels
0x68A1, 0x68A1, 0x68A1, 0x68A1, 0x68A1, 0x3020, 0x3020, 0x3020, 0x3020, 0x0000, 0x0000, 0x0000, 0x0000, 0x0850, 0x0850, 0x0850,   // Linha de pixels
0x0850, 0x0850, 0x0000, 0x0000, 0x0000, 0x0000, 0x0000, 0x0000, 0x0000, 0x0000, 0x0000, 0x0000, 0x0000, 0x0000, 0x0000, 0x0000,   // Linha de pixels
0x0000, 0x0000, 0x0000, 0x0000, 0x0000, 0x0000, 0x0000, 0x0000, 0x0000, 0x0000, 0x0000, 0x0000, 0x0000, 0x0000, 0x0000, 0x0000,   // Linha de pixels
0x0000, 0x0000, 0x0000, 0x0000, 0x0000, 0x0000, 0x0000, 0x0000, 0x0000, 0x0000, 0x0000, 0x0000, 0x0000, 0x0000, 0x0000, 0x0000,   // Linha de pixels
0x0000, 0x0000, 0x0000, 0x0000, 0x0000, 0x0000, 0x0000, 0x0000, 0x0000, 0x0000, 0x0000, 0x0000, 0x0000, 0x0000, 0x0000, 0x0000,   // Linha de pixels
0x0000, 0x0000, 0x0000, 0x0000, 0x0000, 0x0000, 0x0000, 0x0860, 0x0860, 0x0860, 0x0860, 0x0000, 0x0000, 0x0000, 0x0000, 0x0000,   // Linha de pixels
0x0000, 0x0000, 0x0000, 0x0000, 0x0000, 0x0000, 0x0000, 0x0000, 0x0000, 0x0000, 0x0000, 0x0000, 0x0000, 0x0000, 0x0000, 0x0000,   // Linha de pixels
0x0000, 0x0000, 0x0000, 0x0000, 0x0000, 0x0000, 0x0000, 0x0000, 0x0000, 0x0000, 0x0000, 0x0000, 0x0000, 0x0000, 0x0000, 0x0000,   // Linha de pixels
0x0000, 0x0000, 0x0000, 0x0000, 0x0000, 0x0000, 0x0000, 0x0000, 0x0000, 0x0000, 0x0000, 0x0000, 0x0000, 0x0000, 0x0000, 0x0000,   // Linha de pixels
0x0000, 0x0000, 0x0000, 0x0000, 0x0000, 0x0000, 0x0000, 0x0000, 0x0000, 0x0000, 0x0000, 0x0000, 0x0000, 0x0000, 0x0000, 0x0000,   // Linha de pixels
0x0870, 0x0870, 0x0870, 0x0870, 0x0870, 0x0000, 0x0000, 0x0000, 0x0000, 0x0000, 0x0000, 0x0000, 0x0000, 0x0000, 0x0000, 0x0000,   // Linha de pixels
0x0000, 0x0000, 0x0000, 0x0000, 0x0000, 0x0000, 0x0000, 0x0000, 0x0000, 0x0000, 0x0000, 0x0000, 0x0000, 0x0000, 0x0000, 0x1820,   // Linha de pixels
0x1820, 0x1820, 0x1820, 0xB0C2, 0xB0C2, 0xB0C2, 0xB0C2, 0xE920, 0xE920, 0xE920, 0xE920, 0xE920, 0xE100, 0xE100, 0xE100, 0xE100,   // Linha de pixels
0xE100, 0xE100, 0xE100, 0xE100, 0xE100, 0xE100, 0xE100, 0xE100, 0xE100, 0xE100, 0xE100, 0xE100, 0xE100, 0xE100, 0xE100, 0xE100,   // Linha de pixels
0xE100, 0xE100, 0xE100, 0xE100, 0xE100, 0xE100, 0x68A1, 0x68A1, 0x68A1, 0x68A1, 0x0880, 0x0880, 0x0880, 0x0880, 0x0000, 0x0000,   // Linha de pixels
0x0000, 0x0000, 0x0000, 0x0000, 0x0000, 0x0000, 0x0000, 0x90C1, 0x90C1, 0x90C1, 0x90C1, 0xE920, 0xE920, 0xE920, 0xE920, 0xE920,   // Linha de pixels
0xE100, 0xE100, 0xE100, 0xE100, 0xE100, 0xE100, 0xE100, 0xE100, 0xE100, 0xE100, 0xE100, 0xE100, 0xE100, 0xE100, 0xE100, 0xE100,   // Linha de pixels
0xE100, 0xE100, 0xE100, 0xE100, 0xE100, 0xE100, 0xE100, 0xE100, 0xE100, 0xE100, 0xE100, 0xE100, 0xE100, 0xE100, 0xE100, 0xE100,   // Linha de pixels
0xE100, 0xE100, 0xE920, 0xE920, 0xE920, 0xE920, 0xE920, 0x68A1, 0x68A1, 0x68A1, 0x68A1, 0x0000, 0x0000, 0x0000, 0x0000, 0x0000,   // Linha de pixels
0x0000, 0x0000, 0x0000, 0x0000, 0x0890, 0x0890, 0x0890, 0x0890, 0x90C1, 0x90C1, 0x90C1, 0x90C1, 0xE920, 0xE920, 0xE920, 0xE920,   // Linha de pixels
0xE100, 0xE100, 0xE100, 0xE100, 0xE100, 0xE100, 0xE100, 0xE100, 0xE100, 0xE100, 0xE100, 0xE100, 0xE100, 0xE100, 0xE100, 0xE100,   // Linha de pixels
0xE100, 0xE100, 0xE100, 0xE100, 0xE100, 0xE100, 0xE921, 0xE921, 0xE921, 0xE921, 0xA0E0, 0xA0E0, 0xA0E0, 0xA0E0, 0xA0E0, 0x0000,   // Linha de pixels
0x0000, 0x0000, 0x0000, 0x0000, 0x0000, 0x0000, 0x0000, 0x0000, 0x0000, 0x0000, 0x0000, 0x0000, 0x0000, 0x0000, 0x0000, 0x0000,   // Linha de pixels
0x0000, 0x0000, 0x0000, 0x0000, 0x0000, 0x0000, 0x0000, 0x0000, 0x0000, 0x0000, 0x0000, 0x0000, 0x0000, 0x08A0, 0x08A0, 0x08A0,   // Linha de pixels
0x08A0, 0x0000, 0x0000, 0x0000, 0x0000, 0x0000, 0x0000, 0x0000, 0x0000, 0x0000, 0x0000, 0x0000, 0x0000, 0x0000, 0x0000, 0x0000,   // Linha de pixels
0x0000, 0x0000, 0x0000, 0x0000, 0x0000, 0x0000, 0x0000, 0x0000, 0x0000, 0x0000, 0x0000, 0x0000, 0x0000, 0x0000, 0x0000, 0x0000,   // Linha de pixels
0x0000, 0x0000, 0x0000, 0x0000, 0x0000, 0x0000, 0x0000, 0x0000, 0x0000, 0x0000, 0x0000, 0x0000, 0x0000, 0x0000, 0x0000, 0x0000,   // Linha de pixels
0x0000, 0x0000, 0x0000, 0x0000, 0x0000, 0x0000, 0x0000, 0x0000, 0x0000, 0x0000, 0x0000, 0x0000, 0x0000, 0x0000, 0x0000, 0x0000,   // Linha de pixels
0x0000, 0x0000, 0x0000, 0x0000, 0x0000, 0x0000, 0x0000, 0x08B0, 0x08B0, 0x08B0, 0x08B0, 0x0000, 0x0000, 0x0000, 0x0000, 0x0000,   // Linha de pixels
0x0000, 0x0000, 0x0000, 0x0000, 0x0000, 0x0000, 0x0000, 0x0000, 0x0000, 0x0000, 0x0000, 0x0000, 0x0000, 0x0000, 0x0000, 0x0000,   // Linha de pixels
0x0870, 0x0870, 0x0870, 0x0870, 0x0870, 0x0000, 0x0000, 0x0000, 0x0000, 0x0000, 0x0000, 0x0000, 0x0000, 0x0000, 0x0000, 0x0000,   // Linha de pixels
0x0000, 0x0000, 0x0000, 0x0000, 0x0000, 0x0000, 0x0000, 0x0000, 0x0000, 0x0000, 0x0000, 0x0000, 0x0000, 0x0000, 0x0000, 0x1820,   // Linha de pixels
0x1820, 0x1820, 0x1820, 0xB0C2, 0xB0C2, 0xB0C2, 0xB0C2, 0xE920, 0xE920, 0xE920, 0xE920, 0xE920, 0xE100, 0xE100, 0xE100, 0xE100,   // Linha de pixels
0xE100, 0xE100, 0xE100, 0xE100, 0xE100, 0xE100, 0xE100, 0xE100, 0xE100, 0xE100, 0xE100, 0xE100, 0xE100, 0xE100, 0xE100, 0xE100,   // Linha de pixels
0xE100, 0xE100, 0xE100, 0xE100, 0xE100, 0xE100, 0x68A1, 0x68A1, 0x68A1, 0x68A1, 0x0880, 0x0880, 0x0880, 0x0880, 0x0000, 0x0000,   // Linha de pixels
0x0000, 0x0000, 0x0000, 0x0000, 0x0000, 0x0000, 0x0000, 0x90C1, 0x90C1, 0x90C1, 0x90C1, 0xE920, 0xE920, 0xE920, 0xE920, 0xE920,   // Linha de pixels
0xE100, 0xE100, 0xE100, 0xE100, 0xE100, 0xE100, 0xE100, 0xE100, 0xE100, 0xE100, 0xE100, 0xE100, 0xE100, 0xE100, 0xE100, 0xE100,   // Linha de pixels
0xE100, 0xE100, 0xE100, 0xE100, 0xE100, 0xE100, 0xE100, 0xE100, 0xE100, 0xE100, 0xE100, 0xE100, 0xE100, 0xE100, 0xE100, 0xE100,   // Linha de pixels
0xE100, 0xE100, 0xE920, 0xE920, 0xE920, 0xE920, 0xE920, 0x68A1, 0x68A1, 0x68A1, 0x68A1, 0x0000, 0x0000, 0x0000, 0x0000, 0x0000,   // Linha de pixels
0x0000, 0x0000, 0x0000, 0x0000, 0x0890, 0x0890, 0x0890, 0x0890, 0x90C1, 0x90C1, 0x90C1, 0x90C1, 0xE920, 0xE920, 0xE920, 0xE920,   // Linha de pixels
0xE100, 0xE100, 0xE100, 0xE100, 0xE100, 0xE100, 0xE100, 0xE100, 0xE100, 0xE100, 0xE100, 0xE100, 0xE100, 0xE100, 0xE100, 0xE100,   // Linha de pixels
0xE100, 0xE100, 0xE100, 0xE100, 0xE100, 0xE100, 0xE921, 0xE921, 0xE921, 0xE921, 0xA0E0, 0xA0E0, 0xA0E0, 0xA0E0, 0xA0E0, 0x0000,   // Linha de pixels
0x0000, 0x0000, 0x0000, 0x0000, 0x0000, 0x0000, 0x0000, 0x0000, 0x0000, 0x0000, 0x0000, 0x0000, 0x0000, 0x0000, 0x0000, 0x0000,   // Linha de pixels
0x0000, 0x0000, 0x0000, 0x0000, 0x0000, 0x0000, 0x0000, 0x0000, 0x0000, 0x0000, 0x0000, 0x0000, 0x0000, 0x08A0, 0x08A0, 0x08A0,   // Linha de pixels
0x08A0, 0x0000, 0x0000, 0x0000, 0x0000, 0x0000, 0x0000, 0x0000, 0x0000, 0x0000, 0x0000, 0x0000, 0x0000, 0x0000, 0x0000, 0x0000,   // Linha de pixels
0x0000, 0x0000, 0x0000, 0x0000, 0x0000, 0x0000, 0x0000, 0x0000, 0x0000, 0x0000, 0x0000, 0x0000, 0x0000, 0x0000, 0x0000, 0x0000,   // Linha de pixels
0x0000, 0x0000, 0x0000, 0x0000, 0x0000, 0x0000, 0x0000, 0x0000, 0x0000, 0x0000, 0x0000, 0x0000, 0x0000, 0x0000, 0x0000, 0x0000,   // Linha de pixels
0x0000, 0x0000, 0x0000, 0x0000, 0x0000, 0x0000, 0x0000, 0x0000, 0x0000, 0x0000, 0x0000, 0x0000, 0x0000, 0x0000, 0x0000, 0x0000,   // Linha de pixels
0x0000, 0x0000, 0x0000, 0x0000, 0x0000, 0x0000, 0x0000, 0x08B0, 0x08B0, 0x08B0, 0x08B0, 0x0000, 0x0000, 0x0000, 0x0000, 0x0000,   // Linha de pixels
0x0000, 0x0000, 0x0000, 0x0000, 0x0000, 0x0000, 0x0000, 0x0000, 0x0000, 0x0000, 0x0000, 0x0000, 0x0000, 0x0000, 0x0000, 0x0000,   // Linha de pixels
0x0000, 0x0000, 0x0000, 0x0000, 0x0000, 0x0000, 0x0000, 0x0000, 0x0000, 0x0000, 0x0000, 0x0000, 0x0000, 0x0000, 0x0000, 0x0000,   // Linha de pixels
0x0000, 0x0000, 0x0000, 0x0000, 0x0000, 0x0000, 0x0000, 0x0000, 0x0000, 0x0000, 0x0000, 0x0000, 0x0000, 0x0000, 0x0000, 0x0000,   // Linha de pixels
0x0000, 0x0000, 0x0000, 0x0000, 0x0000, 0x0000, 0x0000, 0x0000, 0x0000, 0x0000, 0x0000, 0x0000, 0x1082, 0x1082, 0x1082, 0x1082,   // Linha de pixels
0x08C0, 0x08C0, 0x08C0, 0x08C0, 0x51C2, 0x51C2, 0x51C2, 0x51C2, 0x51C2, 0xD422, 0xD422, 0xD422, 0xD422, 0xFCA1, 0xFCA1, 0xFCA1,   // Linha de pixels
0xFCA1, 0xFCA1, 0xFCA1, 0xFCA1, 0xFCA1, 0xFCA1, 0xFCA1, 0xFCA1, 0xFCA1, 0xFCA1, 0xFCA1, 0xFCA1, 0xFCA1, 0xFCA1, 0xFCA1, 0xFCA1,   // Linha de pixels
0xFCA1, 0xFCA1, 0xFCA1, 0xFCA1, 0xFCA1, 0xFCA1, 0xFCA1, 0xFCE1, 0xFCE1, 0xFCE1, 0xFCE1, 0x8241, 0x8241, 0x8241, 0x8241, 0x8241,   // Linha de pixels
0x0000, 0x0000, 0x0000, 0x0000, 0x0020, 0x0020, 0x0020, 0x0020, 0xAB42, 0xAB42, 0xAB42, 0xAB42, 0xAB42, 0xFCA1, 0xFCA1, 0xFCA1,   // Linha de pixels
0xFCA1, 0xFCA1, 0xFCA1, 0xFCA1, 0xFCA1, 0xFCA1, 0xFCA1, 0xFCA1, 0xFCA1, 0xFCA1, 0x08D0, 0x08D0, 0x08D0, 0x08D0, 0xFCA1, 0xFCA1,   // Linha de pixels
0xFCA1, 0xFCA1, 0xFCA1, 0xFCA1, 0xFCA1, 0xFCA1, 0xFCA1, 0xFCA1, 0xFCA1, 0xFCA1, 0xFCA1, 0xFCA1, 0xFCA1, 0xFCA1, 0xFCA1, 0xFCA1,   // Linha de pixels
0xFCA1, 0xFCA1, 0xFCA1, 0xFCA1, 0xFCA1, 0xFCA1, 0xFCA1, 0xFCA1, 0xFCE1, 0xFCE1, 0xFCE1, 0xFCE1, 0x8241, 0x8241, 0x8241, 0x8241,   // Linha de pixels
0x0000, 0x0000, 0x0000, 0x0000, 0x0000, 0x0000, 0x0000, 0x0000, 0x0000, 0xAB42, 0xAB42, 0xAB42, 0xAB42, 0xFCE1, 0xFCE1, 0xFCE1,   // Linha de pixels
0xFCE1, 0xFCE1, 0xFCA1, 0xFCA1, 0xFCA1, 0xFCA1, 0xFCA1, 0xFCA1, 0xFCA1, 0xFCA1, 0xFCA1, 0xFCA1, 0xFCA1, 0xFCA1, 0xFCA1, 0xFCA1,   // Linha de pixels
0xFCA1, 0xFCA1, 0xFCA1, 0x08E0, 0x08E0, 0x08E0, 0x08E0, 0xFCA1, 0xFCA1, 0xFCA1, 0xFCA1, 0xFCA1, 0xFCE1, 0xFCE1, 0xFCE1, 0xFCE1,   // Linha de pixels
0xD422, 0xD422, 0xD422, 0xD422, 0x4182, 0x4182, 0x4182, 0x4182, 0x4182, 0x0840, 0x0840, 0x0840, 0x0840, 0x0000, 0x0000, 0x0000,   // Linha de pixels
0x0000, 0x0000, 0x0000, 0x0000, 0x0000, 0x0000, 0x0000, 0x0000, 0x0000, 0x0000, 0x0000, 0x0000, 0x0000, 0x0000, 0x0000, 0x0000,   // Linha de pixels
0x0000, 0x0000, 0x0000, 0x0000, 0x0000, 0x0000, 0x0000, 0x0000, 0x0000, 0x0000, 0x0000, 0x0000, 0x0000, 0x0000, 0x0000, 0x0000,   // Linha de pixels
0x0000, 0x0000, 0x0000, 0x0000, 0x0000, 0x0000, 0x0000, 0x0000, 0x0000, 0x0000, 0x0000, 0x0000, 0x0000, 0x08F0, 0x08F0, 0x08F0,   // Linha de pixels
0x08F0, 0x0000, 0x0000, 0x0000, 0x0000, 0x0000, 0x0000, 0x0000, 0x0000, 0x0000, 0x0000, 0x0000, 0x0000, 0x0000, 0x0000, 0x0000,   // Linha de pixels
0x0000, 0x0000, 0x0000, 0x0000, 0x0000, 0x0000, 0x0000, 0x0000, 0x0000, 0x0000, 0x0000, 0x0000, 0x0000, 0x0000, 0x0000, 0x0000,   // Linha de pixels
0x0000, 0x0000, 0x0000, 0x0000, 0x0000, 0x0000, 0x0000, 0x0000, 0x0000, 0x0000, 0x0000, 0x0000, 0x0000, 0x0000, 0x0000, 0x0000,   // Linha de pixels
0x0000, 0x0000, 0x0000, 0x0000, 0x0000, 0x0000, 0x0000, 0x0000, 0x0000, 0x0000, 0x0000, 0x0000, 0x0000, 0x0000, 0x0000, 0x0000,   // Linha de pixels
0x0000, 0x0000, 0x0000, 0x0000, 0x0000, 0x0000, 0x0000, 0x0000, 0x0000, 0x0000, 0x0000, 0x0000, 0x0000, 0x0000, 0x0000, 0x0000,   // Linha de pixels
0x0000, 0x0000, 0x0000, 0x0000, 0x0000, 0x0000, 0x0000, 0x0000, 0x0000, 0x0000, 0x0000, 0x0000, 0x1082, 0x1082, 0x1082, 0x1082,   // Linha de pixels
0x08C0, 0x08C0, 0x08C0, 0x08C0, 0x51C2, 0x51C2, 0x51C2, 0x51C2, 0x51C2, 0xD422, 0xD422, 0xD422, 0xD422, 0xFCA1, 0xFCA1, 0xFCA1,   // Linha de pixels
0xFCA1, 0xFCA1, 0xFCA1, 0xFCA1, 0xFCA1, 0xFCA1, 0xFCA1, 0xFCA1, 0xFCA1, 0xFCA1, 0xFCA1, 0xFCA1, 0xFCA1, 0xFCA1, 0xFCA1, 0xFCA1,   // Linha de pixels
0xFCA1, 0xFCA1, 0xFCA1, 0xFCA1, 0xFCA1, 0xFCA1, 0xFCA1, 0xFCE1, 0xFCE1, 0xFCE1, 0xFCE1, 0x8241, 0x8241, 0x8241, 0x8241, 0x8241,   // Linha de pixels
0x0000, 0x0000, 0x0000, 0x0000, 0x0020, 0x0020, 0x0020, 0x0020, 0xAB42, 0xAB42, 0xAB42, 0xAB42, 0xAB42, 0xFCA1, 0xFCA1, 0xFCA1,   // Linha de pixels
0xFCA1, 0xFCA1, 0xFCA1, 0xFCA1, 0xFCA1, 0xFCA1, 0xFCA1, 0xFCA1, 0xFCA1, 0xFCA1, 0x08D0, 0x08D0, 0x08D0, 0x08D0, 0xFCA1, 0xFCA1,   // Linha de pixels
0xFCA1, 0xFCA1, 0xFCA1, 0xFCA1, 0xFCA1, 0xFCA1, 0xFCA1, 0xFCA1, 0xFCA1, 0xFCA1, 0xFCA1, 0xFCA1, 0xFCA1, 0xFCA1, 0xFCA1, 0xFCA1,   // Linha de pixels
0xFCA1, 0xFCA1, 0xFCA1, 0xFCA1, 0xFCA1, 0xFCA1, 0xFCA1, 0xFCA1, 0xFCE1, 0xFCE1, 0xFCE1, 0xFCE1, 0x8241, 0x8241, 0x8241, 0x8241,   // Linha de pixels
0x0000, 0x0000, 0x0000, 0x0000, 0x0000, 0x0000, 0x0000, 0x0000, 0x0000, 0xAB42, 0xAB42, 0xAB42, 0xAB42, 0xFCE1, 0xFCE1, 0xFCE1,   // Linha de pixels
0xFCE1, 0xFCE1, 0xFCA1, 0xFCA1, 0xFCA1, 0xFCA1, 0xFCA1, 0xFCA1, 0xFCA1, 0xFCA1, 0xFCA1, 0xFCA1, 0xFCA1, 0xFCA1, 0xFCA1, 0xFCA1,   // Linha de pixels
0xFCA1, 0xFCA1, 0xFCA1, 0x08E0, 0x08E0, 0x08E0, 0x08E0, 0xFCA1, 0xFCA1, 0xFCA1, 0xFCA1, 0xFCA1, 0xFCE1, 0xFCE1, 0xFCE1, 0xFCE1,   // Linha de pixels
0xD422, 0xD422, 0xD422, 0xD422, 0x4182, 0x4182, 0x4182, 0x4182, 0x4182, 0x0840, 0x0840, 0x0840, 0x0840, 0x0000, 0x0000, 0x0000,   // Linha de pixels
0x0000, 0x0000, 0x0000, 0x0000, 0x0000, 0x0000, 0x0000, 0x0000, 0x0000, 0x0000, 0x0000, 0x0000, 0x0000, 0x0000, 0x0000, 0x0000,   // Linha de pixels
0x0000, 0x0000, 0x0000, 0x0000, 0x0000, 0x0000, 0x0000, 0x0000, 0x0000, 0x0000, 0x0000, 0x0000, 0x0000, 0x0000, 0x0000, 0x0000,   // Linha de pixels
0x0000, 0x0000, 0x0000, 0x0000, 0x0000, 0x0000, 0x0000, 0x0000, 0x0000, 0x0000, 0x0000, 0x0000, 0x0000, 0x08F0, 0x08F0, 0x08F0,   // Linha de pixels
0x08F0, 0x0000, 0x0000, 0x0000, 0x0000, 0x0000, 0x0000, 0x0000, 0x0000, 0x0000, 0x0000, 0x0000, 0x0000, 0x0000, 0x0000, 0x0000,   // Linha de pixels
0x0000, 0x0000, 0x0000, 0x0000, 0x0000, 0x0000, 0x0000, 0x0000, 0x0000, 0x0000, 0x0000, 0x0000, 0x0000, 0x0000, 0x0000, 0x0000,   // Linha de pixels
0x0000, 0x0000, 0x0000, 0x0000, 0x0000, 0x0000, 0x0000, 0x0000, 0x0000, 0x0000, 0x0000, 0x0000, 0x0000, 0x0000, 0x0000, 0x0000,   // Linha de pixels
0x0000, 0x0000, 0x0000, 0x0000, 0x0000, 0x0000, 0x0000, 0x0000, 0x0000, 0x0000, 0x0000, 0x0000, 0x0000, 0x0000, 0x0000, 0x0000,   // Linha de pixels
0x0000, 0x0000, 0x0000, 0x0000, 0x0000, 0x0000, 0x0900, 0x0900, 0x0900, 0x0900, 0x0000, 0x0000, 0x0000, 0x0000, 0x0000, 0x0000,   // Linha de pixels
0x0000, 0x0000, 0x0000, 0x0000, 0x0000, 0x0000, 0x0000, 0x0000, 0x0000, 0x0000, 0x0000, 0x0000, 0x0000, 0x0000, 0x0000, 0x0000,   // Linha de pixels
0x0000, 0x0000, 0x0000, 0x0000, 0x0000, 0x0000, 0x0000, 0x0000, 0x0000, 0x0000, 0x0000, 0x0000, 0x0000, 0x0000, 0x0000, 0x0000,   // Linha de pixels
0x0000, 0x5A62, 0x5A62, 0x5A62, 0x5A62, 0x5A62, 0xF6C3, 0xF6C3, 0xF6C3, 0xF6C3, 0xFF02, 0xFF02, 0xFF02, 0xFF02, 0xFF02, 0xFF02,   // Linha de pixels
0xFF02, 0xFF02, 0xFF02, 0xFF02, 0xFF02, 0xFF02, 0xFF02, 0xFF02, 0xFF02, 0xFF02, 0xFF02, 0xFF02, 0xFF02, 0xFF02, 0xFF02, 0xFF02,   // Linha de pixels
0x0910, 0x0910, 0x0910, 0x0910, 0xFF02, 0xFF02, 0xFF02, 0xFF02, 0xF6C3, 0xF6C3, 0xF6C3, 0xF6C3, 0xF6C3, 0xB442, 0xB442, 0xB442,   // Linha de pixels
0xB442, 0x51C2, 0x51C2, 0x51C2, 0x51C2, 0x0000, 0x0000, 0x0000, 0x0000, 0x0000, 0x0020, 0x0020, 0x0020, 0x0020, 0xB4C2, 0xB4C2,   // Linha de pixels
0xB4C2, 0xB4C2, 0xFF02, 0xFF02, 0xFF02, 0xFF02, 0xFF02, 0xFF02, 0xFF02, 0xFF02, 0xFF02, 0xFF02, 0xFF02, 0xFF02, 0xFF02, 0xFF02,   // Linha de pixels
0xFF02, 0xFF02, 0xFF02, 0xFF02, 0xFF02, 0xFF02, 0xFF02, 0xFF02, 0xFF02, 0xFF02, 0xFF02, 0xFF02, 0xFF02, 0xFF02, 0xFF02, 0xFF02,   // Linha de pixels
0xFF02, 0xFF02, 0xFF02, 0xFF02, 0xFF02, 0xFF02, 0xFF02, 0xFF02, 0xFF02, 0x0920, 0x0920, 0x0920, 0x0920, 0xFF44, 0xFF44, 0xFF44,   // Linha de pixels
0xFF44, 0xFF44, 0x83A2, 0x83A2, 0x83A2, 0x83A2, 0x0000, 0x0000, 0x0000, 0x0000, 0x0000, 0x0000, 0x0000, 0x0000, 0x0000, 0x5A62,   // Linha de pixels
0x5A62, 0x5A62, 0x5A62, 0xB4C2, 0xB4C2, 0xB4C2, 0xB4C2, 0xFEE3, 0xFEE3, 0xFEE3, 0xFEE3, 0xFEE3, 0xFF02, 0xFF02, 0xFF02, 0xFF02,   // Linha de pixels
0xFF02, 0xFF02, 0xFF02, 0xFF02, 0xFF02, 0xFF02, 0xFF02, 0xFF02, 0xFF02, 0xFF02, 0xFF02, 0xFF02, 0xFF02, 0xFF02, 0xFF02, 0xFF02,   // Linha de pixels
0xFF02, 0xFF02, 0xFF02, 0xFF02, 0xFF02, 0xFF02, 0xDE85, 0xDE85, 0xDE85, 0xDE85, 0x4182, 0x4182, 0x4182, 0x4182, 0x0000, 0x0000,   // Linha de pixels
0x0000, 0x0000, 0x0000, 0x0930, 0x0930, 0x0930, 0x0930, 0x0000, 0x0000, 0x0000, 0x0000, 0x0000, 0x0000, 0x0000, 0x0000, 0x0000,   // Linha de pixels
0x0000, 0x0000, 0x0000, 0x0000, 0x0000, 0x0000, 0x0000, 0x0000, 0x0000, 0x0000, 0x0000, 0x0000, 0x0000, 0x0000, 0x0000, 0x0000,   // Linha de pixels
0x0000, 0x0000, 0x0000, 0x0000, 0x0000, 0x0000, 0x0000, 0x0000, 0x0000, 0x0000, 0x0000, 0x0000, 0x0000, 0x0000, 0x0000, 0x0000,   // Linha de pixels
0x0000, 0x0000, 0x0000, 0x0000, 0x0000, 0x0000, 0x0000, 0x0000, 0x0000, 0x0000, 0x0000, 0x0000, 0x0000, 0x0000, 0x0000, 0x0000,   // Linha de pixels
0x0000, 0x0000, 0x0000, 0x0000, 0x0000, 0x0000, 0x0000, 0x0000, 0x0000, 0x0000, 0x0000, 0x0000, 0x0940, 0x0940, 0x0940, 0x0940,   // Linha de pixels
0x0000, 0x0000, 0x0000, 0x0000, 0x0000, 0x0000, 0x0000, 0x0000, 0x0000, 0x0000, 0x0000, 0x0000, 0x0000, 0x0000, 0x0000, 0x0000,   // Linha de pixels
0x0000, 0x0000, 0x0000, 0x0000, 0x0000, 0x0000, 0x0900, 0x0900, 0x0900, 0x0900, 0x0000, 0x0000, 0x0000, 0x0000, 0x0000, 0x0000,   // Linha de pixels
0x0000, 0x0000, 0x0000, 0x0000, 0x0000, 0x0000, 0x0000, 0x0000, 0x0000, 0x0000, 0x0000, 0x0000, 0x0000, 0x0000, 0x0000, 0x0000,   // Linha de pixels
0x0000, 0x0000, 0x0000, 0x0000, 0x0000, 0x0000, 0x0000, 0x0000, 0x0000, 0x0000, 0x0000, 0x0000, 0x0000, 0x0000, 0x0000, 0x0000,   // Linha de pixels
0x0000, 0x5A62, 0x5A62, 0x5A62, 0x5A62, 0x5A62, 0xF6C3, 0xF6C3, 0xF6C3, 0xF6C3, 0xFF02, 0xFF02, 0xFF02, 0xFF02, 0xFF02, 0xFF02,   // Linha de pixels
0xFF02, 0xFF02, 0xFF02, 0xFF02, 0xFF02, 0xFF02, 0xFF02, 0xFF02, 0xFF02, 0xFF02, 0xFF02, 0xFF02, 0xFF02, 0xFF02, 0xFF02, 0xFF02,   // Linha de pixels
0x0910, 0x0910, 0x0910, 0x0910, 0xFF02, 0xFF02, 0xFF02, 0xFF02, 0xF6C3, 0xF6C3, 0xF6C3, 0xF6C3, 0xF6C3, 0xB442, 0xB442, 0xB442,   // Linha de pixels
0xB442, 0x51C2, 0x51C2, 0x51C2, 0x51C2, 0x0000, 0x0000, 0x0000, 0x0000, 0x0000, 0x0020, 0x0020, 0x0020, 0x0020, 0xB4C2, 0xB4C2,   // Linha de pixels
0xB4C2, 0xB4C2, 0xFF02, 0xFF02, 0xFF02, 0xFF02, 0xFF02, 0xFF02, 0xFF02, 0xFF02, 0xFF02, 0xFF02, 0xFF02, 0xFF02, 0xFF02, 0xFF02,   // Linha de pixels
0xFF02, 0xFF02, 0xFF02, 0xFF02, 0xFF02, 0xFF02, 0xFF02, 0xFF02, 0xFF02, 0xFF02, 0xFF02, 0xFF02, 0xFF02, 0xFF02, 0xFF02, 0xFF02,   // Linha de pixels
0xFF02, 0xFF02, 0xFF02, 0xFF02, 0xFF02, 0xFF02, 0xFF02, 0xFF02, 0xFF02, 0x0920, 0x0920, 0x0920, 0x0920, 0xFF44, 0xFF44, 0xFF44,   // Linha de pixels
0xFF44, 0xFF44, 0x83A2, 0x83A2, 0x83A2, 0x83A2, 0x0000, 0x0000, 0x0000, 0x0000, 0x0000, 0x0000, 0x0000, 0x0000, 0x0000, 0x5A62,   // Linha de pixels
0x5A62, 0x5A62, 0x5A62, 0xB4C2, 0xB4C2, 0xB4C2, 0xB4C2, 0xFEE3, 0xFEE3, 0xFEE3, 0xFEE3, 0xFEE3, 0xFF02, 0xFF02, 0xFF02, 0xFF02,   // Linha de pixels
0xFF02, 0xFF02, 0xFF02, 0xFF02, 0xFF02, 0xFF02, 0xFF02, 0xFF02, 0xFF02, 0xFF02, 0xFF02, 0xFF02, 0xFF02, 0xFF02, 0xFF02, 0xFF02,   // Linha de pixels
0xFF02, 0xFF02, 0xFF02, 0xFF02, 0xFF02, 0xFF02, 0xDE85, 0xDE85, 0xDE85, 0xDE85, 0x4182, 0x4182, 0x4182, 0x4182, 0x0000, 0x0000,   // Linha de pixels
0x0000, 0x0000, 0x0000, 0x0930, 0x0930, 0x0930, 0x0930, 0x0000, 0x0000, 0x0000, 0x0000, 0x0000, 0x0000, 0x0000, 0x0000, 0x0000,   // Linha de pixels
0x0000, 0x0000, 0x0000, 0x0000, 0x0000, 0x0000, 0x0000, 0x0000, 0x0000, 0x0000, 0x0000, 0x0000, 0x0000, 0x0000, 0x0000, 0x0000,   // Linha de pixels
0x0000, 0x0000, 0x0000, 0x0000, 0x0000, 0x0000, 0x0000, 0x0000, 0x0000, 0x0000, 0x0000, 0x0000, 0x0000, 0x0000, 0x0000, 0x0000,   // Linha de pixels
0x0000, 0x0000, 0x0000, 0x0000, 0x0000, 0x0000, 0x0000, 0x0000, 0x0000, 0x0000, 0x0000, 0x0000, 0x0000, 0x0000, 0x0000, 0x0000,   // Linha de pixels
0x0000, 0x0000, 0x0000, 0x0000, 0x0000, 0x0000, 0x0000, 0x0000, 0x0000, 0x0000, 0x0000, 0x0000, 0x0940, 0x0940, 0x0940, 0x0940,   // Linha de pixels
0x0000, 0x0000, 0x0000, 0x0000, 0x0000, 0x0000, 0x0000, 0x0000, 0x0000, 0x0000, 0x0000, 0x0000, 0x0000, 0x0000, 0x0000, 0x0000,   // Linha de pixels
0x0000, 0x0000, 0x0000, 0x0000, 0x0000, 0x0000, 0x0900, 0x0900, 0x0900, 0x0900, 0x0000, 0x0000, 0x0000, 0x0000, 0x0000, 0x0000,   // Linha de pixels
0x0000, 0x0000, 0x0000, 0x0000, 0x0000, 0x0000, 0x0000, 0x0000, 0x0000, 0x0000, 0x0000, 0x0000, 0x0000, 0x0000, 0x0000, 0x0000,   // Linha de pixels
0x0000, 0x0000, 0x0000, 0x0000, 0x0000, 0x0000, 0x0000, 0x0000, 0x0000, 0x0000, 0x0000, 0x0000, 0x0000, 0x0000, 0x0000, 0x0000,   // Linha de pixels
0x0000, 0x5A62, 0x5A62, 0x5A62, 0x5A62, 0x5A62, 0xF6C3, 0xF6C3, 0xF6C3, 0xF6C3, 0xFF02, 0xFF02, 0xFF02, 0xFF02, 0xFF02, 0xFF02,   // Linha de pixels
0xFF02, 0xFF02, 0xFF02, 0xFF02, 0xFF02, 0xFF02, 0xFF02, 0xFF02, 0xFF02, 0xFF02, 0xFF02, 0xFF02, 0xFF02, 0xFF02, 0xFF02, 0xFF02,   // Linha de pixels
0x0910, 0x0910, 0x0910, 0x0910, 0xFF02, 0xFF02, 0xFF02, 0xFF02, 0xF6C3, 0xF6C3, 0xF6C3, 0xF6C3, 0xF6C3, 0xB442, 0xB442, 0xB442,   // Linha de pixels
0xB442, 0x51C2, 0x51C2, 0x51C2, 0x51C2, 0x0000, 0x0000, 0x0000, 0x0000, 0x0000, 0x0020, 0x0020, 0x0020, 0x0020, 0xB4C2, 0xB4C2,   // Linha de pixels
0xB4C2, 0xB4C2, 0xFF02, 0xFF02, 0xFF02, 0xFF02, 0xFF02, 0xFF02, 0xFF02, 0xFF02, 0xFF02, 0xFF02, 0xFF02, 0xFF02, 0xFF02, 0xFF02,   // Linha de pixels
0xFF02, 0xFF02, 0xFF02, 0xFF02, 0xFF02, 0xFF02, 0xFF02, 0xFF02, 0xFF02, 0xFF02, 0xFF02, 0xFF02, 0xFF02, 0xFF02, 0xFF02, 0xFF02,   // Linha de pixels
0xFF02, 0xFF02, 0xFF02, 0xFF02, 0xFF02, 0xFF02, 0xFF02, 0xFF02, 0xFF02, 0x0920, 0x0920, 0x0920, 0x0920, 0xFF44, 0xFF44, 0xFF44,   // Linha de pixels
0xFF44, 0xFF44, 0x83A2, 0x83A2, 0x83A2, 0x83A2, 0x0000, 0x0000, 0x0000, 0x0000, 0x0000, 0x0000, 0x0000, 0x0000, 0x0000, 0x5A62,   // Linha de pixels
0x5A62, 0x5A62, 0x5A62, 0xB4C2, 0xB4C2, 0xB4C2, 0xB4C2, 0xFEE3, 0xFEE3, 0xFEE3, 0xFEE3, 0xFEE3, 0xFF02, 0xFF02, 0xFF02, 0xFF02,   // Linha de pixels
0xFF02, 0xFF02, 0xFF02, 0xFF02, 0xFF02, 0xFF02, 0xFF02, 0xFF02, 0xFF02, 0xFF02, 0xFF02, 0xFF02, 0xFF02, 0xFF02, 0xFF02, 0xFF02,   // Linha de pixels
0xFF02, 0xFF02, 0xFF02, 0xFF02, 0xFF02, 0xFF02, 0xDE85, 0xDE85, 0xDE85, 0xDE85, 0x4182, 0x4182, 0x4182, 0x4182, 0x0000, 0x0000,   // Linha de pixels
0x0000, 0x0000, 0x0000, 0x0930, 0x0930, 0x0930, 0x0930, 0x0000, 0x0000, 0x0000, 0x0000, 0x0000, 0x0000, 0x0000, 0x0000, 0x0000,   // Linha de pixels
0x0000, 0x0000, 0x0000, 0x0000, 0x0000, 0x0000, 0x0000, 0x0000, 0x0000, 0x0000, 0x0000, 0x0000, 0x0000, 0x0000, 0x0000, 0x0000,   // Linha de pixels
0x0000, 0x0000, 0x0000, 0x0000, 0x0000, 0x0000, 0x0000, 0x0000, 0x0000, 0x0000, 0x0000, 0x0000, 0x0000, 0x0000, 0x0000, 0x0000,   // Linha de pixels
0x0000, 0x0000, 0x0000, 0x0000, 0x0000, 0x0000, 0x0000, 0x0000, 0x0000, 0x0000, 0x0000, 0x0000, 0x0000, 0x0000, 0x0000, 0x0000,   // Linha de pixels
0x0000, 0x0000, 0x0000, 0x0000, 0x0000, 0x0000, 0x0000, 0x0000, 0x0000, 0x0000, 0x0000, 0x0000, 0x0940, 0x0940, 0x0940, 0x0940,   // Linha de pixels
0x0000, 0x0000, 0x0000, 0x0000, 0x0000, 0x0000, 0x0000, 0x0000, 0x0000, 0x0000, 0x0000, 0x0000, 0x0000, 0x0000, 0x0000, 0x0000,   // Linha de pixels
0x0000, 0x0000, 0x0000, 0x0000, 0x0000, 0x0000, 0x0000, 0x0000, 0x0000, 0x0000, 0x0000, 0x0000, 0x0000, 0x0000, 0x0000, 0x0000,   // Linha de pixels
0x0000, 0x0000, 0x0000, 0x0000, 0x0000, 0x0000, 0x0000, 0x0000, 0x0000, 0x0000, 0x0000, 0x0000, 0x0000, 0x0000, 0x0000, 0x0000,   // Linha de pixels
0x0000, 0x0000, 0x0000, 0x0000, 0x0000, 0x0000, 0x0000, 0x0000, 0x0000, 0x0000, 0x0000, 0x0000, 0x0000, 0x0000, 0x0000, 0x0000,   // Linha de pixels
0x0000, 0x0000, 0x0000, 0x0000, 0x0000, 0x0000, 0x0950, 0x0950, 0x0950, 0x0950, 0x0000, 0x0000, 0x0000, 0x0000, 0x0000, 0x0000,   // Linha de pixels
0x0000, 0x0000, 0x0000, 0x18C3, 0x18C3, 0x18C3, 0x18C3, 0x83C9, 0x83C9, 0x83C9, 0x83C9, 0xFFED, 0xFFED, 0xFFED, 0xFFED, 0xFFED,   // Linha de pixels
0xFFED, 0xFFED, 0xFFED, 0xFFED, 0xFFED, 0xFFED, 0xFFED, 0xFFED, 0xFFED, 0xFFED, 0xFFED, 0xFFED, 0xFFED, 0xFFED, 0xFFED, 0xFFED,   // Linha de pixels
0xFFED, 0xFFED, 0xFFED, 0xFFED, 0xFFED, 0xFFED, 0xFFED, 0xFFED, 0xFFED, 0xFFED, 0xE70C, 0xE70C, 0xE70C, 0xE70C, 0x3922, 0x3922,   // Linha de pixels
0x3922, 0x3922, 0x0000, 0x0000, 0x0000, 0x0000, 0x0000, 0x0000, 0x0000, 0x0000, 0x0000, 0x0840, 0x0840, 0x0840, 0x0840, 0x0960,   // Linha de pixels
0x0960, 0x0960, 0x0960, 0x0960, 0xAD28, 0xAD28, 0xAD28, 0xAD28, 0xFFED, 0xFFED, 0xFFED, 0xFFED, 0xFFED, 0xFFED, 0xFFED, 0xFFED,   // Linha de pixels
0xFFED, 0xFFED, 0xFFED, 0xFFED, 0xFFED, 0xFFED, 0xFFED, 0xFFED, 0xFFED, 0xFFED, 0xFFED, 0xFFED, 0xFFED, 0xFFED, 0xFFED, 0xFFED,   // Linha de pixels
0xFFED, 0xFFED, 0xFFED, 0xFFED, 0xFFED, 0xFFED, 0xFFED, 0xFFED, 0xFFED, 0xFFED, 0xFFED, 0xFFED, 0xFFED, 0xFFED, 0xFFED, 0xFFED,   // Linha de pixels
0xFFED, 0xFFED, 0xFFED, 0x8C27, 0x8C27, 0x8C27, 0x8C27, 0x0000, 0x0000, 0x0000, 0x0000, 0x0000, 0x0000, 0x0000, 0x0000, 0x0000,   // Linha de pixels
0x0000, 0x0000, 0x0000, 0x0000, 0x5A62, 0x5A62, 0x5A62, 0x5A62, 0x5A62, 0x0970, 0x0970, 0x0970, 0x0970, 0xF78B, 0xF78B, 0xF78B,   // Linha de pixels
0xF78B, 0xFFED, 0xFFED, 0xFFED, 0xFFED, 0xFFED, 0xFFED, 0xFFED, 0xFFED, 0xFFED, 0xFFED, 0xFFED, 0xFFED, 0xFFED, 0xFFED, 0xFFED,   // Linha de pixels
0xFFED, 0xFFED, 0xFFED, 0xFFED, 0xFFED, 0xFFED, 0xFFED, 0xFFED, 0xFFED, 0xFFED, 0xFFED, 0xF78B, 0xF78B, 0xF78B, 0xF78B, 0xF78B,   // Linha de pixels
0x62C7, 0x62C7, 0x62C7, 0x62C7, 0x18A2, 0x18A2, 0x18A2, 0x18A2, 0x0000, 0x0000, 0x0000, 0x0000, 0x0000, 0x0000, 0x0000, 0x0000,   // Linha de pixels
0x0000, 0x0000, 0x0000, 0x0000, 0x0000, 0x0000, 0x0000, 0x0000, 0x0000, 0x0000, 0x0000, 0x0000, 0x0000, 0x0000, 0x0000, 0x0000,   // Linha de pixels
0x0000, 0x0000, 0x0980, 0x0980, 0x0980, 0x0980, 0x0980, 0x0000, 0x0000, 0x0000, 0x0000, 0x0000, 0x0000, 0x0000, 0x0000, 0x0000,   // Linha de pixels
0x0000, 0x0000, 0x0000, 0x0000, 0x0000, 0x0000, 0x0000, 0x0000, 0x0000, 0x0000, 0x0000, 0x0000, 0x0000, 0x0000, 0x0000, 0x0000,   // Linha de pixels
0x0000, 0x0000, 0x0000, 0x0000, 0x0000, 0x0000, 0x0000, 0x0000, 0x0000, 0x0000, 0x0000, 0x0000, 0x0000, 0x0000, 0x0000, 0x0000,   // Linha de pixels
0x0000, 0x0000, 0x0000, 0x0000, 0x0000, 0x0000, 0x0000, 0x0000, 0x0000, 0x0000, 0x0000, 0x0000, 0x0000, 0x0000, 0x0000, 0x0000,   // Linha de pixels
0x0000, 0x0000, 0x0000, 0x0000, 0x0000, 0x0000, 0x0000, 0x0000, 0x0000, 0x0000, 0x0000, 0x0000, 0x0000, 0x0000, 0x0000, 0x0000,   // Linha de pixels
0x0000, 0x0000, 0x0000, 0x0000, 0x0000, 0x0000, 0x0000, 0x0000, 0x0000, 0x0000, 0x0000, 0x0000, 0x0000, 0x0000, 0x0000, 0x0000,   // Linha de pixels
0x0000, 0x0000, 0x0000, 0x0000, 0x0000, 0x0000, 0x0950, 0x0950, 0x0950, 0x0950, 0x0000, 0x0000, 0x0000, 0x0000, 0x0000, 0x0000,   // Linha de pixels
0x0000, 0x0000, 0x0000, 0x18C3, 0x18C3, 0x18C3, 0x18C3, 0x83C9, 0x83C9, 0x83C9, 0x83C9, 0xFFED, 0xFFED, 0xFFED, 0xFFED, 0xFFED,   // Linha de pixels
0xFFED, 0xFFED, 0xFFED, 0xFFED, 0xFFED, 0xFFED, 0xFFED, 0xFFED, 0xFFED, 0xFFED, 0xFFED, 0xFFED, 0xFFED, 0xFFED, 0xFFED, 0xFFED,   // Linha de pixels
0xFFED, 0xFFED, 0xFFED, 0xFFED, 0xFFED, 0xFFED, 0xFFED, 0xFFED, 0xFFED, 0xFFED, 0xE70C, 0xE70C, 0xE70C, 0xE70C, 0x3922, 0x3922,   // Linha de pixels
0x3922, 0x3922, 0x0000, 0x0000, 0x0000, 0x0000, 0x0000, 0x0000, 0x0000, 0x0000, 0x0000, 0x0840, 0x0840, 0x0840, 0x0840, 0x0960,   // Linha de pixels
0x0960, 0x0960, 0x0960, 0x0960, 0xAD28, 0xAD28, 0xAD28, 0xAD28, 0xFFED, 0xFFED, 0xFFED, 0xFFED, 0xFFED, 0xFFED, 0xFFED, 0xFFED,   // Linha de pixels
0xFFED, 0xFFED, 0xFFED, 0xFFED, 0xFFED, 0xFFED, 0xFFED, 0xFFED, 0xFFED, 0xFFED, 0xFFED, 0xFFED, 0xFFED, 0xFFED, 0xFFED, 0xFFED,   // Linha de pixels
0xFFED, 0xFFED, 0xFFED, 0xFFED, 0xFFED, 0xFFED, 0xFFED, 0xFFED, 0xFFED, 0xFFED, 0xFFED, 0xFFED, 0xFFED, 0xFFED, 0xFFED, 0xFFED,   // Linha de pixels
0xFFED, 0xFFED, 0xFFED, 0x8C27, 0x8C27, 0x8C27, 0x8C27, 0x0000, 0x0000, 0x0000, 0x0000, 0x0000, 0x0000, 0x0000, 0x0000, 0x0000,   // Linha de pixels
0x0000, 0x0000, 0x0000, 0x0000, 0x5A62, 0x5A62, 0x5A62, 0x5A62, 0x5A62, 0x0970, 0x0970, 0x0970, 0x0970, 0xF78B, 0xF78B, 0xF78B,   // Linha de pixels
0xF78B, 0xFFED, 0xFFED, 0xFFED, 0xFFED, 0xFFED, 0xFFED, 0xFFED, 0xFFED, 0xFFED, 0xFFED, 0xFFED, 0xFFED, 0xFFED, 0xFFED, 0xFFED,   // Linha de pixels
0xFFED, 0xFFED, 0xFFED, 0xFFED, 0xFFED, 0xFFED, 0xFFED, 0xFFED, 0xFFED, 0xFFED, 0xFFED, 0xF78B, 0xF78B, 0xF78B, 0xF78B, 0xF78B,   // Linha de pixels
0x62C7, 0x62C7, 0x62C7, 0x62C7, 0x18A2, 0x18A2, 0x18A2, 0x18A2, 0x0000, 0x0000, 0x0000, 0x0000, 0x0000, 0x0000, 0x0000, 0x0000,   // Linha de pixels
0x0000, 0x0000, 0x0000, 0x0000, 0x0000, 0x0000, 0x0000, 0x0000, 0x0000, 0x0000, 0x0000, 0x0000, 0x0000, 0x0000, 0x0000, 0x0000,   // Linha de pixels
0x0000, 0x0000, 0x0980, 0x0980, 0x0980, 0x0980, 0x0980, 0x0000, 0x0000, 0x0000, 0x0000, 0x0000, 0x0000, 0x0000, 0x0000, 0x0000,   // Linha de pixels
0x0000, 0x0000, 0x0000, 0x0000, 0x0000, 0x0000, 0x0000, 0x0000, 0x0000, 0x0000, 0x0000, 0x0000, 0x0000, 0x0000, 0x0000, 0x0000,   // Linha de pixels
0x0000, 0x0000, 0x0000, 0x0000, 0x0000, 0x0000, 0x0000, 0x0000, 0x0000, 0x0000, 0x0000, 0x0000, 0x0000, 0x0000, 0x0000, 0x0000,   // Linha de pixels
0x0000, 0x0000, 0x0000, 0x0000, 0x0000, 0x0000, 0x0000, 0x0000, 0x0000, 0x0000, 0x0000, 0x0000, 0x0000, 0x0000, 0x0000, 0x0000,   // Linha de pixels
0x0000, 0x0000, 0x0000, 0x0000, 0x0000, 0x0000, 0x0000, 0x0000, 0x0000, 0x0000, 0x0000, 0x0000, 0x0990, 0x0990, 0x0990, 0x0990,   // Linha de pixels
0x0000, 0x0000, 0x0000, 0x0000, 0x0000, 0x0000, 0x0000, 0x0000, 0x0000, 0x0000, 0x0000, 0x0000, 0x0000, 0x0000, 0x0000, 0x0000,   // Linha de pixels
0x0000, 0x0000, 0x0000, 0x0000, 0x0000, 0x0000, 0x0000, 0x0000, 0x0000, 0x0000, 0x0000, 0x0000, 0x0000, 0x0000, 0x0000, 0x0000,   // Linha de pixels
0x0000, 0x0000, 0x0000, 0x0000, 0x0000, 0x0000, 0x0000, 0x0000, 0x0000, 0x0000, 0x0000, 0x0000, 0x0000, 0x0000, 0x0000, 0x0000,   // Linha de pixels
0x0020, 0x0020, 0x0020, 0x0020, 0x6B28, 0x6B28, 0x6B28, 0x6B28, 0xA4AD, 0xA4AD, 0xA4AD, 0xA4AD, 0xA4AD, 0xB550, 0xB550, 0xB550,   // Linha de pixels
0xB550, 0xB550, 0xB550, 0xB550, 0xB550, 0x09A0, 0x09A0, 0x09A0, 0x09A0, 0x09A0, 0xB550, 0xB550, 0xB550, 0xB550, 0xB550, 0xB550,   // Linha de pixels
0xB550, 0xB550, 0xB550, 0xB550, 0xB550, 0xB550, 0xB550, 0xB550, 0xB550, 0xB550, 0xB550, 0xB550, 0xB550, 0xB550, 0xB550, 0xA4AD,   // Linha de pixels
0xA4AD, 0xA4AD, 0xA4AD, 0xA4AD, 0x2104, 0x2104, 0x2104, 0x2104, 0x0000, 0x0000, 0x0000, 0x0000, 0x0000, 0x0000, 0x0000, 0x0000,   // Linha de pixels
0x0840, 0x0840, 0x0840, 0x0840, 0x0840, 0x83C9, 0x83C9, 0x83C9, 0x83C9, 0xB550, 0xB550, 0xB550, 0xB550, 0xB550, 0xB550, 0xB550,   // Linha de pixels
0xB550, 0xB550, 0xB550, 0xB550, 0xB550, 0xB550, 0xB550, 0xB550, 0xB550, 0xB550, 0xB550, 0xB550, 0xB550, 0xB550, 0xB550, 0x09B0,   // Linha de pixels
0x09B0, 0x09B0, 0x09B0, 0xB550, 0xB550, 0xB550, 0xB550, 0xB550, 0xB550, 0xB550, 0xB550, 0xB550, 0xB550, 0xB550, 0xB550, 0xB550,   // Linha de pixels
0xB550, 0xB550, 0xB550, 0xB550, 0xB550, 0xB550, 0xB550, 0xB550, 0xB550, 0x62C7, 0x62C7, 0x62C7, 0x62C7, 0x0000, 0x0000, 0x0000,   // Linha de pixels
0x0000, 0x0000, 0x0000, 0x0000, 0x0000, 0x0000, 0x0000, 0x0000, 0x0000, 0x0000, 0x3186, 0x3186, 0x3186, 0x3186, 0xB550, 0xB550,   // Linha de pixels
0xB550, 0xB550, 0xB550, 0xB550, 0xB550, 0xB550, 0xB550, 0xB550, 0xB550, 0xB550, 0xB550, 0xB550, 0xB550, 0xB550, 0xB550, 0xB550,   // Linha de pixels
0xB550, 0xB550, 0xB550, 0xB550, 0xB550, 0xB550, 0xB550, 0xB550, 0x09C0, 0x09C0, 0x09C0, 0x09C0, 0x09C0, 0xB550, 0xB550, 0xB550,   // Linha de pixels
0xB550, 0xB550, 0xB550, 0xB550, 0xB550, 0xA4AD, 0xA4AD, 0xA4AD, 0xA4AD, 0xA4AD, 0x5289, 0x5289, 0x5289, 0x5289, 0x0000, 0x0000,   // Linha de pixels
0x0000, 0x0000, 0x0000, 0x0000, 0x0000, 0x0000, 0x0000, 0x0000, 0x0000, 0x0000, 0x0000, 0x0000, 0x0000, 0x0000, 0x0000, 0x0000,   // Linha de pixels
0x0000, 0x0000, 0x0000, 0x0000, 0x0000, 0x0000, 0x0000, 0x0000, 0x0000, 0x0000, 0x0000, 0x0000, 0x0000, 0x0000, 0x0000, 0x0000,   // Linha de pixels
0x0000, 0x0000, 0x0000, 0x0000, 0x0000, 0x0000, 0x0000, 0x0000, 0x0000, 0x0000, 0x0000, 0x0000, 0x0000, 0x0000, 0x0000, 0x0000,   // Linha de pixels
0x0000, 0x0000, 0x0000, 0x0000, 0x0000, 0x0000, 0x0000, 0x0000, 0x0000, 0x0000, 0x0000, 0x0000, 0x0000, 0x0000, 0x0000, 0x0000,   // Linha de pixels
0x0000, 0x0000, 0x0000, 0x0000, 0x0000, 0x0000, 0x0000, 0x0000, 0x0000, 0x0000, 0x0000, 0x0000, 0x0990, 0x0990, 0x0990, 0x0990,   // Linha de pixels
0x0000, 0x0000, 0x0000, 0x0000, 0x0000, 0x0000, 0x0000, 0x0000, 0x0000, 0x0000, 0x0000, 0x0000, 0x0000, 0x0000, 0x0000, 0x0000,   // Linha de pixels
0x0000, 0x0000, 0x0000, 0x0000, 0x0000, 0x0000, 0x0000, 0x0000, 0x0000, 0x0000, 0x0000, 0x0000, 0x0000, 0x0000, 0x0000, 0x0000,   // Linha de pixels
0x0000, 0x0000, 0x0000, 0x0000, 0x0000, 0x0000, 0x0000, 0x0000, 0x0000, 0x0000, 0x0000, 0x0000, 0x0000, 0x0000, 0x0000, 0x0000,   // Linha de pixels
0x0020, 0x0020, 0x0020, 0x0020, 0x6B28, 0x6B28, 0x6B28, 0x6B28, 0xA4AD, 0xA4AD, 0xA4AD, 0xA4AD, 0xA4AD, 0xB550, 0xB550, 0xB550,   // Linha de pixels
0xB550, 0xB550, 0xB550, 0xB550, 0xB550, 0x09A0, 0x09A0, 0x09A0, 0x09A0, 0x09A0, 0xB550, 0xB550, 0xB550, 0xB550, 0xB550, 0xB550,   // Linha de pixels
0xB550, 0xB550, 0xB550, 0xB550, 0xB550, 0xB550, 0xB550, 0xB550, 0xB550, 0xB550, 0xB550, 0xB550, 0xB550, 0xB550, 0xB550, 0xA4AD,   // Linha de pixels
0xA4AD, 0xA4AD, 0xA4AD, 0xA4AD, 0x2104, 0x2104, 0x2104, 0x2104, 0x0000, 0x0000, 0x0000, 0x0000, 0x0000, 0x0000, 0x0000, 0x0000,   // Linha de pixels
0x0840, 0x0840, 0x0840, 0x0840, 0x0840, 0x83C9, 0x83C9, 0x83C9, 0x83C9, 0xB550, 0xB550, 0xB550, 0xB550, 0xB550, 0xB550, 0xB550,   // Linha de pixels
0xB550, 0xB550, 0xB550, 0xB550, 0xB550, 0xB550, 0xB550, 0xB550, 0xB550, 0xB550, 0xB550, 0xB550, 0xB550, 0xB550, 0xB550, 0x09B0,   // Linha de pixels
0x09B0, 0x09B0, 0x09B0, 0xB550, 0xB550, 0xB550, 0xB550, 0xB550, 0xB550, 0xB550, 0xB550, 0xB550, 0xB550, 0xB550, 0xB550, 0xB550,   // Linha de pixels
0xB550, 0xB550, 0xB550, 0xB550, 0xB550, 0xB550, 0xB550, 0xB550, 0xB550, 0x62C7, 0x62C7, 0x62C7, 0x62C7, 0x0000, 0x0000, 0x0000,   // Linha de pixels
0x0000, 0x0000, 0x0000, 0x0000, 0x0000, 0x0000, 0x0000, 0x0000, 0x0000, 0x0000, 0x3186, 0x3186, 0x3186, 0x3186, 0xB550, 0xB550,   // Linha de pixels
0xB550, 0xB550, 0xB550, 0xB550, 0xB550, 0xB550, 0xB550, 0xB550, 0xB550, 0xB550, 0xB550, 0xB550, 0xB550, 0xB550, 0xB550, 0xB550,   // Linha de pixels
0xB550, 0xB550, 0xB550, 0xB550, 0xB550, 0xB550, 0xB550, 0xB550, 0x09C0, 0x09C0, 0x09C0, 0x09C0, 0x09C0, 0xB550, 0xB550, 0xB550,   // Linha de pixels
0xB550, 0xB550, 0xB550, 0xB550, 0xB550, 0xA4AD, 0xA4AD, 0xA4AD, 0xA4AD, 0xA4AD, 0x5289, 0x5289, 0x5289, 0x5289, 0x0000, 0x0000,   // Linha de pixels
0x0000, 0x0000, 0x0000, 0x0000, 0x0000, 0x0000, 0x0000, 0x0000, 0x0000, 0x0000, 0x0000, 0x0000, 0x0000, 0x0000, 0x0000, 0x0000,   // Linha de pixels
0x0000, 0x0000, 0x0000, 0x0000, 0x0000, 0x0000, 0x0000, 0x0000, 0x0000, 0x0000, 0x0000, 0x0000, 0x0000, 0x0000, 0x0000, 0x0000,   // Linha de pixels
0x0000, 0x0000, 0x0000, 0x0000, 0x0000, 0x0000, 0x0000, 0x0000, 0x0000, 0x0000, 0x0000, 0x0000, 0x0000, 0x0000, 0x0000, 0x0000,   // Linha de pixels
0x0000, 0x0000, 0x09D0, 0x09D0, 0x09D0, 0x09D0, 0x0000, 0x0000, 0x0000, 0x0000, 0x0000, 0x0000, 0x0000, 0x0000, 0x0000, 0x0000,   // Linha de pixels
0x0000, 0x0000, 0x0000, 0x0000, 0x0000, 0x0000, 0x0000, 0x0000, 0x0000, 0x0000, 0x0000, 0x0000, 0x0000, 0x0000, 0x0000, 0x0000,   // Linha de pixels
0x0000, 0x0000, 0x0000, 0x0000, 0x0000, 0x0000, 0x0000, 0x0000, 0x0000, 0x0000, 0x0000, 0x0000, 0x0000, 0x0000, 0x0000, 0x0000,   // Linha de pixels
0x0000, 0x0000, 0x0000, 0x0000, 0x0000, 0x0000, 0x0000, 0x0000, 0x0000, 0x0000, 0x0000, 0x0000, 0x0000, 0x0000, 0x0000, 0x0000,   // Linha de pixels
0x0000, 0x0000, 0x0000, 0x0000, 0x0000, 0x0000, 0x0000, 0x0000, 0x0000, 0x0000, 0x0000, 0x09E0, 0x09E0, 0x09E0, 0x09E0, 0x09E0,   // Linha de pixels
0x0000, 0x0000, 0x0000, 0x0000, 0x0000, 0x0000, 0x0000, 0x0000, 0x0000, 0x0000, 0x0000, 0x0000, 0x0000, 0x0000, 0x0000, 0x0000,   // Linha de pixels
0x0000, 0x0000, 0x0000, 0x0000, 0x0000, 0x1820, 0x1820, 0x1820, 0x1820, 0x1820, 0x8081, 0x8081, 0x8081, 0x8081, 0xA061, 0xA061,   // Linha de pixels
0xA061, 0xA061, 0xA040, 0xA040, 0xA040, 0xA040, 0xA040, 0xA040, 0xA040, 0xA040, 0xA040, 0xA040, 0xA040, 0xA040, 0xA040, 0xA040,   // Linha de pixels
0xA040, 0xA040, 0xA040, 0xA040, 0xA040, 0xA040, 0xA040, 0xA040, 0xA040, 0xA040, 0xA040, 0xA040, 0xA040, 0xA040, 0xA040, 0xA040,   // Linha de pixels
0x8081, 0x8081, 0x8081, 0x8081, 0x8081, 0x09F0, 0x09F0, 0x09F0, 0x09F0, 0x1820, 0x1820, 0x1820, 0x1820, 0x0000, 0x0000, 0x0000,   // Linha de pixels
0x0000, 0x0000, 0x0000, 0x0000, 0x0000, 0x0000, 0x0000, 0x0000, 0x0000, 0x0000, 0x68A1, 0x68A1, 0x68A1, 0x68A1, 0x68A1, 0xA061,   // Linha de pixels
0xA061, 0xA061, 0xA061, 0xA040, 0xA040, 0xA040, 0xA040, 0xA040, 0xA040, 0xA040, 0xA040, 0xA040, 0xA040, 0xA040, 0xA040, 0xA040,   // Linha de pixels
0xA040, 0xA040, 0xA040, 0xA040, 0xA040, 0xA040, 0xA040, 0xA040, 0xA040, 0xA040, 0xA040, 0xA040, 0xA040, 0xA040, 0xA040, 0xA040,   // Linha de pixels
0xA040, 0xA040, 0xA040, 0xA040, 0xA040, 0xA040, 0xA061, 0xA061, 0xA061, 0xA061, 0x5060, 0x5060, 0x5060, 0x5060, 0x0A00, 0x0A00,   // Linha de pixels
0x0A00, 0x0A00, 0x0A00, 0x0000, 0x0000, 0x0000, 0x0000, 0x0000, 0x0000, 0x0000, 0x0000, 0x0000, 0x0000, 0x0000, 0x0000, 0x0000,   // Linha de pixels
0x3020, 0x3020, 0x3020, 0x3020, 0x8081, 0x8081, 0x8081, 0x8081, 0xA040, 0xA040, 0xA040, 0xA040, 0xA040, 0xA040, 0xA040, 0xA040,   // Linha de pixels
0xA040, 0xA040, 0xA040, 0xA040, 0xA040, 0xA040, 0xA040, 0xA040, 0xA040, 0xA040, 0xA040, 0xA040, 0xA040, 0xA040, 0xA040, 0xA040,   // Linha de pixels
0xA040, 0xA040, 0xA040, 0xA040, 0xA040, 0xA040, 0xA040, 0xA061, 0xA061, 0xA061, 0xA061, 0x68A1, 0x68A1, 0x68A1, 0x68A1, 0x1820,   // Linha de pixels
0x1820, 0x1820, 0x1820, 0x1820, 0x0000, 0x0000, 0x0000, 0x0000, 0x0A10, 0x0A10, 0x0A10, 0x0A10, 0x0000, 0x0000, 0x0000, 0x0000,   // Linha de pixels
0x0000, 0x0000, 0x0000, 0x0000, 0x0000, 0x0000, 0x0000, 0x0000, 0x0000, 0x0000, 0x0000, 0x0000, 0x0000, 0x0000, 0x0000, 0x0000,   // Linha de pixels
0x0000, 0x0000, 0x09D0, 0x09D0, 0x09D0, 0x09D0, 0x0000, 0x0000, 0x0000, 0x0000, 0x0000, 0x0000, 0x0000, 0x0000, 0x0000, 0x0000,   // Linha de pixels
0x0000, 0x0000, 0x0000, 0x0000, 0x0000, 0x0000, 0x0000, 0x0000, 0x0000, 0x0000, 0x0000, 0x0000, 0x0000, 0x0000, 0x0000, 0x0000,   // Linha de pixels
0x0000, 0x0000, 0x0000, 0x0000, 0x0000, 0x0000, 0x0000, 0x0000, 0x0000, 0x0000, 0x0000, 0x0000, 0x0000, 0x0000, 0x0000, 0x0000,   // Linha de pixels
0x0000, 0x0000, 0x0000, 0x0000, 0x0000, 0x0000, 0x0000, 0x0000, 0x0000, 0x0000, 0x0000, 0x0000, 0x0000, 0x0000, 0x0000, 0x0000,   // Linha de pixels
0x0000, 0x0000, 0x0000, 0x0000, 0x0000, 0x0000, 0x0000, 0x0000, 0x0000, 0x0000, 0x0000, 0x09E0, 0x09E0, 0x09E0, 0x09E0, 0x09E0,   // Linha de pixels
0x0000, 0x0000, 0x0000, 0x0000, 0x0000, 0x0000, 0x0000, 0x0000, 0x0000, 0x0000, 0x0000, 0x0000, 0x0000, 0x0000, 0x0000, 0x0000,   // Linha de pixels
0x0000, 0x0000, 0x0000, 0x0000, 0x0000, 0x1820, 0x1820, 0x1820, 0x1820, 0x1820, 0x8081, 0x8081, 0x8081, 0x8081, 0xA061, 0xA061,   // Linha de pixels
0xA061, 0xA061, 0xA040, 0xA040, 0xA040, 0xA040, 0xA040, 0xA040, 0xA040, 0xA040, 0xA040, 0xA040, 0xA040, 0xA040, 0xA040, 0xA040,   // Linha de pixels
0xA040, 0xA040, 0xA040, 0xA040, 0xA040, 0xA040, 0xA040, 0xA040, 0xA040, 0xA040, 0xA040, 0xA040, 0xA040, 0xA040, 0xA040, 0xA040,   // Linha de pixels
0x8081, 0x8081, 0x8081, 0x8081, 0x8081, 0x09F0, 0x09F0, 0x09F0, 0x09F0, 0x1820, 0x1820, 0x1820, 0x1820, 0x0000, 0x0000, 0x0000,   // Linha de pixels
0x0000, 0x0000, 0x0000, 0x0000, 0x0000, 0x0000, 0x0000, 0x0000, 0x0000, 0x0000, 0x68A1, 0x68A1, 0x68A1, 0x68A1, 0x68A1, 0xA061,   // Linha de pixels
0xA061, 0xA061, 0xA061, 0xA040, 0xA040, 0xA040, 0xA040, 0xA040, 0xA040, 0xA040, 0xA040, 0xA040, 0xA040, 0xA040, 0xA040, 0xA040,   // Linha de pixels
0xA040, 0xA040, 0xA040, 0xA040, 0xA040, 0xA040, 0xA040, 0xA040, 0xA040, 0xA040, 0xA040, 0xA040, 0xA040, 0xA040, 0xA040, 0xA040,   // Linha de pixels
0xA040, 0xA040, 0xA040, 0xA040, 0xA040, 0xA040, 0xA061, 0xA061, 0xA061, 0xA061, 0x5060, 0x5060, 0x5060, 0x5060, 0x0A00, 0x0A00,   // Linha de pixels
0x0A00, 0x0A00, 0x0A00, 0x0000, 0x0000, 0x0000, 0x0000, 0x0000, 0x0000, 0x0000, 0x0000, 0x0000, 0x0000, 0x0000, 0x0000, 0x0000,   // Linha de pixels
0x3020, 0x3020, 0x3020, 0x3020, 0x8081, 0x8081, 0x8081, 0x8081, 0xA040, 0xA040, 0xA040, 0xA040, 0xA040, 0xA040, 0xA040, 0xA040,   // Linha de pixels
0xA040, 0xA040, 0xA040, 0xA040, 0xA040, 0xA040, 0xA040, 0xA040, 0xA040, 0xA040, 0xA040, 0xA040, 0xA040, 0xA040, 0xA040, 0xA040,   // Linha de pixels
0xA040, 0xA040, 0xA040, 0xA040, 0xA040, 0xA040, 0xA040, 0xA061, 0xA061, 0xA061, 0xA061, 0x68A1, 0x68A1, 0x68A1, 0x68A1, 0x1820,   // Linha de pixels
0x1820, 0x1820, 0x1820, 0x1820, 0x0000, 0x0000, 0x0000, 0x0000, 0x0A10, 0x0A10, 0x0A10, 0x0A10, 0x0000, 0x0000, 0x0000, 0x0000,   // Linha de pixels
0x0000, 0x0000, 0x0000, 0x0000, 0x0000, 0x0000, 0x0000, 0x0000, 0x0000, 0x0000, 0x0000, 0x0000, 0x0000, 0x0000, 0x0000, 0x0000,   // Linha de pixels
0x0000, 0x0000, 0x0000, 0x0000, 0x0000, 0x0000, 0x0000, 0x0000, 0x0000, 0x0000, 0x0000, 0x0000, 0x0000, 0x0000, 0x0000, 0x0000,   // Linha de pixels
0x0000, 0x0000, 0x0000, 0x0000, 0x0000, 0x0000, 0x0000, 0x0000, 0x0000, 0x0000, 0x0000, 0x0000, 0x0000, 0x0000, 0x0000, 0x0000,   // Linha de pixels
0x0000, 0x0000, 0x0000, 0x0000, 0x0000, 0x0000, 0x0000, 0x0000, 0x0000, 0x0000, 0x0000, 0x0000, 0x0000, 0x0000, 0x0000, 0x0000,   // Linha de pixels
0x0000, 0x0A20, 0x0A20, 0x0A20, 0x0A20, 0x0A20, 0x0000, 0x0000, 0x0000, 0x0000, 0x0000, 0x0000, 0x0000, 0x0000, 0x0000, 0x0000,   // Linha de pixels
0x0000, 0x0000, 0x0000, 0x0000, 0x0000, 0x0000, 0x0000, 0x0000, 0x0000, 0x0000, 0x0000, 0x0000, 0x0000, 0x0000, 0x0000, 0x0000,   // Linha de pixels
0x0000, 0x0000, 0x0000, 0x0000, 0x0000, 0x0000, 0x0000, 0x0000, 0x0000, 0x0000, 0x0000, 0x0000, 0x0000, 0x0000, 0x0000, 0x0000,   // Linha de pixels
0x0000, 0x0000, 0x0000, 0x0000, 0x0000, 0x0000, 0x0000, 0x0000, 0x0000, 0x0000, 0x0000, 0x0000, 0x0000, 0x0000, 0x0000, 0x0000,   // Linha de pixels
0x0000, 0x0000, 0x3020, 0x3020, 0x3020, 0x3020, 0x3020, 0xC082, 0xC082, 0xC082, 0xC082, 0x0A30, 0x0A30, 0x0A30, 0x0A30, 0xE882,   // Linha de pixels
0xE882, 0xE882, 0xE882, 0xE882, 0xF882, 0xF882, 0xF882, 0xF882, 0xF882, 0xF882, 0xF882, 0xF882, 0xF882, 0xF882, 0xF882, 0xF882,   // Linha de pixels
0xF882, 0xF882, 0xF882, 0xF882, 0xF882, 0xF882, 0xF882, 0xF882, 0xF882, 0xF882, 0xF882, 0xF882, 0xF882, 0xF882, 0xF882, 0xF882,   // Linha de pixels
0xF882, 0xF882, 0xB0C2, 0xB0C2, 0xB0C2, 0xB0C2, 0x3020, 0x3020, 0x3020, 0x3020, 0x0000, 0x0000, 0x0000, 0x0000, 0x0000, 0x0000,   // Linha de pixels
0x0000, 0x0000, 0x0000, 0x0000, 0x0000, 0x0000, 0x0000, 0x0000, 0x0000, 0x0000, 0x0000, 0x0000, 0xA061, 0xA061, 0xA061, 0xA061,   // Linha de pixels
0xF882, 0xF882, 0xF882, 0xF882, 0x0A40, 0x0A40, 0x0A40, 0x0A40, 0x0A40, 0xF882, 0xF882, 0xF882, 0xF882, 0xF882, 0xF882, 0xF882,   // Linha de pixels
0xF882, 0xF882, 0xF882, 0xF882, 0xF882, 0xF882, 0xF882, 0xF882, 0xF882, 0xF882, 0xF882, 0xF882, 0xF882, 0xF882, 0xF882, 0xF882,   // Linha de pixels
0xF882, 0xF882, 0xF882, 0xF882, 0xF882, 0xF882, 0xF882, 0xF882, 0xF882, 0xF882, 0xF882, 0xF882, 0xF882, 0xF882, 0xF882, 0xF882,   // Linha de pixels
0x8081, 0x8081, 0x8081, 0x8081, 0x0000, 0x0000, 0x0000, 0x0000, 0x0000, 0x0000, 0x0000, 0x0000, 0x0000, 0x0000, 0x0000, 0x0000,   // Linha de pixels
0x0000, 0x0000, 0x0000, 0x0000, 0x0000, 0x3020, 0x3020, 0x3020, 0x3020, 0x3020, 0xC082, 0xC082, 0xC082, 0xC082, 0x0A50, 0x0A50,   // Linha de pixels
0x0A50, 0x0A50, 0xF882, 0xF882, 0xF882, 0xF882, 0xF882, 0xF882, 0xF882, 0xF882, 0xF882, 0xF882, 0xF882, 0xF882, 0xF882, 0xF882,   // Linha de pixels
0xF882, 0xF882, 0xF882, 0xF882, 0xF882, 0xF882, 0xF882, 0xF882, 0xF882, 0xF882, 0xF882, 0xF882, 0xF882, 0xF882, 0xF882, 0xF882,   // Linha de pixels
0x0000, 0x0000, 0x0000, 0x0000, 0x0000, 0x0000, 0x0000, 0x0000, 0x0000, 0x0000, 0x0000, 0x0000, 0x0000, 0x0000, 0x0000, 0x0000,   // Linha de pixels
0x0000, 0x0000, 0x0000, 0x0000, 0x0000, 0x0000, 0x0000, 0x0000, 0x0000, 0x0000, 0x0000, 0x0000, 0x0000, 0x0000, 0x0000, 0x0000,   // Linha de pixels
0x0000, 0x0000, 0x0000, 0x0000, 0x0000, 0x0000, 0x0000, 0x0000, 0x0000, 0x0000, 0x0000, 0x0000, 0x0000, 0x0000, 0x0000, 0x0000,   // Linha de pixels
0x0000, 0x0000, 0x0000, 0x0000, 0x0000, 0x0000, 0x0000, 0x0000, 0x0000, 0x0000, 0x0000, 0x0000, 0x0000, 0x0000, 0x0000, 0x0000,   // Linha de pixels
0x0000, 0x0A20, 0x0A20, 0x0A20, 0x0A20, 0x0A20, 0x0000, 0x0000, 0x0000, 0x0000, 0x0000, 0x0000, 0x0000, 0x0000, 0x0000, 0x0000,   // Linha de pixels
0x0000, 0x0000, 0x0000, 0x0000, 0x0000, 0x0000, 0x0000, 0x0000, 0x0000, 0x0000, 0x0000, 0x0000, 0x0000, 0x0000, 0x0000, 0x0000,   // Linha de pixels
0x0000, 0x0000, 0x0000, 0x0000, 0x0000, 0x0000, 0x0000, 0x0000, 0x0000, 0x0000, 0x0000, 0x0000, 0x0000, 0x0000, 0x0000, 0x0000,   // Linha de pixels
0x0000, 0x0000, 0x0000, 0x0000, 0x0000, 0x0000, 0x0000, 0x0000, 0x0000, 0x0000, 0x0000, 0x0000, 0x0000, 0x0000, 0x0000, 0x0000,   // Linha de pixels
0x0000, 0x0000, 0x3020, 0x3020, 0x3020, 0x3020, 0x3020, 0xC082, 0xC082, 0xC082, 0xC082, 0x0A30, 0x0A30, 0x0A30, 0x0A30, 0xE882,   // Linha de pixels
0xE882, 0xE882, 0xE882, 0xE882, 0xF882, 0xF882, 0xF882, 0xF882, 0xF882, 0xF882, 0xF882, 0xF882, 0xF882, 0xF882, 0xF882, 0xF882,   // Linha de pixels
0xF882, 0xF882, 0xF882, 0xF882, 0xF882, 0xF882, 0xF882, 0xF882, 0xF882, 0xF882, 0xF882, 0xF882, 0xF882, 0xF882, 0xF882, 0xF882,   // Linha de pixels
0xF882, 0xF882, 0xB0C2, 0xB0C2, 0xB0C2, 0xB0C2, 0x3020, 0x3020, 0x3020, 0x3020, 0x0000, 0x0000, 0x0000, 0x0000, 0x0000, 0x0000,   // Linha de pixels
0x0000, 0x0000, 0x0000, 0x0000, 0x0000, 0x0000, 0x0000, 0x0000, 0x0000, 0x0000, 0x0000, 0x0000, 0xA061, 0xA061, 0xA061, 0xA061,   // Linha de pixels
0xF882, 0xF882, 0xF882, 0xF882, 0x0A40, 0x0A40, 0x0A40, 0x0A40, 0x0A40, 0xF882, 0xF882, 0xF882, 0xF882, 0xF882, 0xF882, 0xF882,   // Linha de pixels
0xF882, 0xF882, 0xF882, 0xF882, 0xF882, 0xF882, 0xF882, 0xF882, 0xF882, 0xF882, 0xF882, 0xF882, 0xF882, 0xF882, 0xF882, 0xF882,   // Linha de pixels
0xF882, 0xF882, 0xF882, 0xF882, 0xF882, 0xF882, 0xF882, 0xF882, 0xF882, 0xF882, 0xF882, 0xF882, 0xF882, 0xF882, 0xF882, 0xF882,   // Linha de pixels
0x8081, 0x8081, 0x8081, 0x8081, 0x0000, 0x0000, 0x0000, 0x0000, 0x0000, 0x0000, 0x0000, 0x0000, 0x0000, 0x0000, 0x0000, 0x0000,   // Linha de pixels
0x0000, 0x0000, 0x0000, 0x0000, 0x0000, 0x3020, 0x3020, 0x3020, 0x3020, 0x3020, 0xC082, 0xC082, 0xC082, 0xC082, 0x0A50, 0x0A50,   // Linha de pixels
0x0A50, 0x0A50, 0xF882, 0xF882, 0xF882, 0xF882, 0xF882, 0xF882, 0xF882, 0xF882, 0xF882, 0xF882, 0xF882, 0xF882, 0xF882, 0xF882,   // Linha de pixels
0xF882, 0xF882, 0xF882, 0xF882, 0xF882, 0xF882, 0xF882, 0xF882, 0xF882, 0xF882, 0xF882, 0xF882, 0xF882, 0xF882, 0xF882, 0xF882,   // Linha de pixels
0xE882, 0xE882, 0xE882, 0xE882, 0xE882, 0xB0C2, 0xB0C2, 0xB0C2, 0xB0C2, 0x1820, 0x1820, 0x1820, 0x1820, 0x0000, 0x0000, 0x0000,   // Linha de pixels
0x0000, 0x0000, 0x0000, 0x0000, 0x0000, 0x0000, 0x0000, 0x0000, 0x0000, 0x0000, 0x0000, 0x0000, 0x0000, 0x0000, 0x0000, 0x0000,   // Linha de pixels
0x0000, 0x0000, 0x0000, 0x0000, 0x0000, 0x0000, 0x0000, 0x0A60, 0x0A60, 0x0A60, 0x0A60, 0x0A60, 0x0000, 0x0000, 0x0000, 0x0000,   // Linha de pixels
0x0000, 0x0000, 0x0000, 0x0000, 0x0000, 0x0000, 0x0000, 0x0000, 0x0000, 0x0000, 0x0000, 0x0000, 0x0000, 0x0000, 0x0000, 0x0000,   // Linha de pixels
0x0000, 0x0000, 0x0000, 0x0000, 0x0000, 0x0000, 0x0000, 0x0000, 0x0000, 0x0000, 0x0000, 0x0000, 0x0000, 0x0000, 0x0000, 0x0000,   // Linha de pixels
0x0000, 0x0000, 0x0000, 0x0000, 0x0000, 0x0000, 0x0000, 0x0000, 0x0000, 0x0000, 0x0000, 0x0000, 0x0000, 0x0000, 0x0000, 0x0000,   // Linha de pixels
0x0000, 0x0000, 0x0000, 0x0000, 0x0000, 0x0000, 0x0000, 0x0000, 0x0000, 0x0000, 0x0000, 0x0000, 0x0000, 0x0000, 0x0000, 0x0000,   // Linha de pixels
0x0000, 0x0A70, 0x0A70, 0x0A70, 0x0A70, 0x0000, 0x0000, 0x0000, 0x0000, 0x0000, 0x0000, 0x0000, 0x0000, 0x0000, 0x0000, 0x0000,   // Linha de pixels
0x0000, 0x0000, 0x0000, 0x0000, 0x0000, 0x0000, 0x0000, 0x0000, 0x0000, 0x0000, 0x0000, 0x0000, 0x0000, 0x0000, 0x0000, 0x0000,   // Linha de pixels
0x0000, 0x0000, 0x0000, 0x0000, 0x5123, 0x5123, 0x5123, 0x5123, 0x9A28, 0x9A28, 0x9A28, 0x9A28, 0xF2CB, 0xF2CB, 0xF2CB, 0xF2CB,   // Linha de pixels
0xFACB, 0xFACB, 0xFACB, 0xFACB, 0xFACB, 0xFACB, 0xFACB, 0xFACB, 0xFACB, 0xFACB, 0xFACB, 0xFACB, 0xFACB, 0xFACB, 0xFACB, 0xFACB,   // Linha de pixels
0xFACB, 0xFACB, 0xFACB, 0xFACB, 0xFACB, 0xFACB, 0xFACB, 0xFACB, 0xFACB, 0xFACB, 0x0A80, 0x0A80, 0x0A80, 0x0A80, 0x0A80, 0xFACB,   // Linha de pixels
0xFACB, 0xFACB, 0xFACB, 0xFAEB, 0xFAEB, 0xFAEB, 0xFAEB, 0xAA28, 0xAA28, 0xAA28, 0xAA28, 0xAA28, 0x0000, 0x0000, 0x0000, 0x0000,   // Linha de pixels
0x0000, 0x0000, 0x0000, 0x0000, 0x0000, 0x0000, 0x0000, 0x0000, 0x0000, 0x0000, 0x0000, 0x0000, 0x0000, 0x0000, 0x0000, 0x0000,   // Linha de pixels
0x0000, 0xAA08, 0xAA08, 0xAA08, 0xAA08, 0xAA08, 0xFACB, 0xFACB, 0xFACB, 0xFACB, 0xFACB, 0xFACB, 0xFACB, 0xFACB, 0xFACB, 0xFACB,   // Linha de pixels
0xFACB, 0xFACB, 0xFACB, 0xFACB, 0xFACB, 0xFACB, 0xFACB, 0xFACB, 0xFACB, 0xFACB, 0xFACB, 0xFACB, 0xFACB, 0xFACB, 0xFACB, 0xFACB,   // Linha de pixels
0xFACB, 0xFACB, 0xFACB, 0xFACB, 0x0A90, 0x0A90, 0x0A90, 0x0A90, 0xFACB, 0xFACB, 0xFACB, 0xFACB, 0xFACB, 0xFACB, 0xFACB, 0xFACB,   // Linha de pixels
0xFACB, 0xFAEB, 0xFAEB, 0xFAEB, 0xFAEB, 0x81A4, 0x81A4, 0x81A4, 0x81A4, 0x81A4, 0x0000, 0x0000, 0x0000, 0x0000, 0x0000, 0x0000,   // Linha de pixels
0x0000, 0x0000, 0x0000, 0x0000, 0x0000, 0x0000, 0x0000, 0x0000, 0x0000, 0x0000, 0x0000, 0x1820, 0x1820, 0x1820, 0x1820, 0xBA49,   // Linha de pixels
0xBA49, 0xBA49, 0xBA49, 0xBA49, 0xFACB, 0xFACB, 0xFACB, 0xFACB, 0xFACB, 0xFACB, 0xFACB, 0xFACB, 0xFACB, 0xFACB, 0xFACB, 0xFACB,   // Linha de pixels
0xE882, 0xE882, 0xE882, 0xE882, 0xE882, 0xB0C2, 0xB0C2, 0xB0C2, 0xB0C2, 0x1820, 0x1820, 0x1820, 0x1820, 0x0000, 0x0000, 0x0000,   // Linha de pixels
0x0000, 0x0000, 0x0000, 0x0000, 0x0000, 0x0000, 0x0000, 0x0000, 0x0000, 0x0000, 0x0000, 0x0000, 0x0000, 0x0000, 0x0000, 0x0000,   // Linha de pixels
0x0000, 0x0000, 0x0000, 0x0000, 0x0000, 0x0000, 0x0000, 0x0A60, 0x0A60, 0x0A60, 0x0A60, 0x0A60, 0x0000, 0x0000, 0x0000, 0x0000,   // Linha de pixels
0x0000, 0x0000, 0x0000, 0x0000, 0x0000, 0x0000, 0x0000, 0x0000, 0x0000, 0x0000, 0x0000, 0x0000, 0x0000, 0x0000, 0x0000, 0x0000,   // Linha de pixels
0x0000, 0x0000, 0x0000, 0x0000, 0x0000, 0x0000, 0x0000, 0x0000, 0x0000, 0x0000, 0x0000, 0x0000, 0x0000, 0x0000, 0x0000, 0x0000,   // Linha de pixels
0x0000, 0x0000, 0x0000, 0x0000, 0x0000, 0x0000, 0x0000, 0x0000, 0x0000, 0x0000, 0x0000, 0x0000, 0x0000, 0x0000, 0x0000, 0x0000,   // Linha de pixels
0x0000, 0x0000, 0x0000, 0x0000, 0x0000, 0x0000, 0x0000, 0x0000, 0x0000, 0x0000, 0x0000, 0x0000, 0x0000, 0x0000, 0x0000, 0x0000,   // Linha de pixels
0x0000, 0x0A70, 0x0A70, 0x0A70, 0x0A70, 0x0000, 0x0000, 0x0000, 0x0000, 0x0000, 0x0000, 0x0000, 0x0000, 0x0000, 0x0000, 0x0000,   // Linha de pixels
0x0000, 0x0000, 0x0000, 0x0000, 0x0000, 0x0000, 0x0000, 0x0000, 0x0000, 0x0000, 0x0000, 0x0000, 0x0000, 0x0000, 0x0000, 0x0000,   // Linha de pixels
0x0000, 0x0000, 0x0000, 0x0000, 0x5123, 0x5123, 0x5123, 0x5123, 0x9A28, 0x9A28, 0x9A28, 0x9A28, 0xF2CB, 0xF2CB, 0xF2CB, 0xF2CB,   // Linha de pixels
0xFACB, 0xFACB, 0xFACB, 0xFACB, 0xFACB, 0xFACB, 0xFACB, 0xFACB, 0xFACB, 0xFACB, 0xFACB, 0xFACB, 0xFACB, 0xFACB, 0xFACB, 0xFACB,   // Linha de pixels
0xFACB, 0xFACB, 0xFACB, 0xFACB, 0xFACB, 0xFACB, 0xFACB, 0xFACB, 0xFACB, 0xFACB, 0x0A80, 0x0A80, 0x0A80, 0x0A80, 0x0A80, 0xFACB,   // Linha de pixels
0xFACB, 0xFACB, 0xFACB, 0xFAEB, 0xFAEB, 0xFAEB, 0xFAEB, 0xAA28, 0xAA28, 0xAA28, 0xAA28, 0xAA28, 0x0000, 0x0000, 0x0000, 0x0000,   // Linha de pixels
0x0000, 0x0000, 0x0000, 0x0000, 0x0000, 0x0000, 0x0000, 0x0000, 0x0000, 0x0000, 0x0000, 0x0000, 0x0000, 0x0000, 0x0000, 0x0000,   // Linha de pixels
0x0000, 0xAA08, 0xAA08, 0xAA08, 0xAA08, 0xAA08, 0xFACB, 0xFACB, 0xFACB, 0xFACB, 0xFACB, 0xFACB, 0xFACB, 0xFACB, 0xFACB, 0xFACB,   // Linha de pixels
0xFACB, 0xFACB, 0xFACB, 0xFACB, 0xFACB, 0xFACB, 0xFACB, 0xFACB, 0xFACB, 0xFACB, 0xFACB, 0xFACB, 0xFACB, 0xFACB, 0xFACB, 0xFACB,   // Linha de pixels
0xFACB, 0xFACB, 0xFACB, 0xFACB, 0x0A90, 0x0A90, 0x0A90, 0x0A90, 0xFACB, 0xFACB, 0xFACB, 0xFACB, 0xFACB, 0xFACB, 0xFACB, 0xFACB,   // Linha de pixels
0xFACB, 0xFAEB, 0xFAEB, 0xFAEB, 0xFAEB, 0x81A4, 0x81A4, 0x81A4, 0x81A4, 0x81A4, 0x0000, 0x0000, 0x0000, 0x0000, 0x0000, 0x0000,   // Linha de pixels
0x0000, 0x0000, 0x0000, 0x0000, 0x0000, 0x0000, 0x0000, 0x0000, 0x0000, 0x0000, 0x0000, 0x1820, 0x1820, 0x1820, 0x1820, 0xBA49,   // Linha de pixels
0xBA49, 0xBA49, 0xBA49, 0xBA49, 0xFACB, 0xFACB, 0xFACB, 0xFACB, 0xFACB, 0xFACB, 0xFACB, 0xFACB, 0xFACB, 0xFACB, 0xFACB, 0xFACB,   // Linha de pixels
0xFACB, 0xFACB, 0xFACB, 0xFACB, 0xFACB, 0xFACB, 0xFACB, 0xFACB, 0xFACB, 0xFACB, 0xFACB, 0xFACB, 0xFACB, 0x0AA0, 0x0AA0, 0x0AA0,   // Linha de pixels
0x0AA0, 0x0AA0, 0xFACB, 0xFACB, 0xFACB, 0xFACB, 0xFACB, 0xFACB, 0xFACB, 0xFACB, 0xF2CB, 0xF2CB, 0xF2CB, 0xF2CB, 0xF2CB, 0x9A28,   // Linha de pixels
0x9A28, 0x9A28, 0x9A28, 0x28A1, 0x28A1, 0x28A1, 0x28A1, 0x0000, 0x0000, 0x0000, 0x0000, 0x0000, 0x0000, 0x0000, 0x0000, 0x0000,   // Linha de pixels
0x0000, 0x0000, 0x0000, 0x0000, 0x0000, 0x0000, 0x0000, 0x0000, 0x0000, 0x0000, 0x0000, 0x0000, 0x0000, 0x0000, 0x0000, 0x0000,   // Linha de pixels
0x0000, 0x0000, 0x0000, 0x0000, 0x0000, 0x0000, 0x0000, 0x0000, 0x0000, 0x0000, 0x0000, 0x0000, 0x0000, 0x0000, 0x0000, 0x0000,   // Linha de pixels
0x0000, 0x0000, 0x0000, 0x0000, 0x0000, 0x0000, 0x0000, 0x0AB0, 0x0AB0, 0x0AB0, 0x0AB0, 0x0000, 0x0000, 0x0000, 0x0000, 0x0000,   // Linha de pixels
0x0000, 0x0000, 0x0000, 0x0000, 0x0000, 0x0000, 0x0000, 0x0000, 0x0000, 0x0000, 0x0000, 0x0000, 0x0000, 0x0000, 0x0000, 0x0000,   // Linha de pixels
0x0000, 0x0000, 0x0000, 0x0000, 0x0000, 0x0000, 0x0000, 0x0000, 0x0000, 0x0000, 0x0000, 0x0000, 0x0000, 0x0000, 0x0000, 0x0000,   // Linha de pixels
0x0000, 0x0000, 0x0000, 0x0000, 0x0000, 0x0000, 0x0000, 0x0000, 0x0000, 0x0000, 0x0000, 0x0000, 0x0000, 0x0000, 0x0000, 0x0000,   // Linha de pixels
0x0000, 0x0000, 0x0000, 0x0000, 0x0000, 0x0000, 0x0000, 0x0000, 0x0000, 0x0000, 0x0000, 0x0000, 0x0020, 0x0020, 0x0020, 0x0020,   // Linha de pixels
0x0AC0, 0x0AC0, 0x0AC0, 0x0AC0, 0x0AC0, 0x2124, 0x2124, 0x2124, 0x2124, 0x9B8E, 0x9B8E, 0x9B8E, 0x9B8E, 0xFDF7, 0xFDF7, 0xFDF7,   // Linha de pixels
0xFDF7, 0xFDF7, 0xFDD7, 0xFDD7, 0xFDD7, 0xFDD7, 0xFDD7, 0xFDD7, 0xFDD7, 0xFDD7, 0xFDD7, 0xFDD7, 0xFDD7, 0xFDD7, 0xFDD7, 0xFDD7,   // Linha de pixels
0xFDD7, 0xFDD7, 0xFDD7, 0xFDD7, 0xFDD7, 0xFDD7, 0xFDD7, 0xFDD7, 0xFDD7, 0xFDD7, 0xFDD7, 0xFDD7, 0xFDD7, 0xFDD7, 0xFDD7, 0xFDD7,   // Linha de pixels
0xFDD6, 0xFDD6, 0xFDD6, 0xFDD6, 0xE534, 0xE534, 0xE534, 0xE534, 0xE534, 0x8B0C, 0x8B0C, 0x8B0C, 0x8B0C, 0x0020, 0x0020, 0x0020,   // Linha de pixels
0x0020, 0x0000, 0x0000, 0x0000, 0x0000, 0x0000, 0x0000, 0x0000, 0x0000, 0x0000, 0x0AD0, 0x0AD0, 0x0AD0, 0x0AD0, 0x0000, 0x0000,   // Linha de pixels
0x0000, 0x0000, 0x0000, 0x0020, 0x0020, 0x0020, 0x0020, 0x9C32, 0x9C32, 0x9C32, 0x9C32, 0xFDF7, 0xFDF7, 0xFDF7, 0xFDF7, 0xFDF7,   // Linha de pixels
0xFDD7, 0xFDD7, 0xFDD7, 0xFDD7, 0xFDD7, 0xFDD7, 0xFDD7, 0xFDD7, 0xFDD7, 0xFDD7, 0xFDD7, 0xFDD7, 0xFDD7, 0xFDD7, 0xFDD7, 0xFDD7,   // Linha de pixels
0xFDD7, 0xFDD7, 0xFDD7, 0xFDD7, 0xFDD7, 0xFDD7, 0xFDD7, 0xFDD7, 0xFDD7, 0xFDD7, 0xFDF7, 0xFDF7, 0xFDF7, 0xFDF7, 0xFDD7, 0xFDD7,   // Linha de pixels
0xFDD7, 0xFDD7, 0xFE17, 0xFE17, 0xFE17, 0xFE17, 0xFE17, 0x8B0C, 0x8B0C, 0x8B0C, 0x8B0C, 0x0000, 0x0000, 0x0000, 0x0000, 0x0000,   // Linha de pixels
0x0000, 0x0000, 0x0000, 0x0000, 0x0AE0, 0x0AE0, 0x0AE0, 0x0AE0, 0x0000, 0x0000, 0x0000, 0x0000, 0x0000, 0x0000, 0x0000, 0x0000,   // Linha de pixels
0xFACB, 0xFACB, 0xFACB, 0xFACB, 0xFACB, 0xFACB, 0xFACB, 0xFACB, 0xFACB, 0xFACB, 0xFACB, 0xFACB, 0xFACB, 0x0AA0, 0x0AA0, 0x0AA0,   // Linha de pixels
0x0AA0, 0x0AA0, 0xFACB, 0xFACB, 0xFACB, 0xFACB, 0xFACB, 0xFACB, 0xFACB, 0xFACB, 0xF2CB, 0xF2CB, 0xF2CB, 0xF2CB, 0xF2CB, 0x9A28,   // Linha de pixels
0x9A28, 0x9A28, 0x9A28, 0x28A1, 0x28A1, 0x28A1, 0x28A1, 0x0000, 0x0000, 0x0000, 0x0000, 0x0000, 0x0000, 0x0000, 0x0000, 0x0000,   // Linha de pixels
0x0000, 0x0000, 0x0000, 0x0000, 0x0000, 0x0000, 0x0000, 0x0000, 0x0000, 0x0000, 0x0000, 0x0000, 0x0000, 0x0000, 0x0000, 0x0000,   // Linha de pixels
0x0000, 0x0000, 0x0000, 0x0000, 0x0000, 0x0000, 0x0000, 0x0000, 0x0000, 0x0000, 0x0000, 0x0000, 0x0000, 0x0000, 0x0000, 0x0000,   // Linha de pixels
0x0000, 0x0000, 0x0000, 0x0000, 0x0000, 0x0000, 0x0000, 0x0AB0, 0x0AB0, 0x0AB0, 0x0AB0, 0x0000, 0x0000, 0x0000, 0x0000, 0x0000,   // Linha de pixels
0x0000, 0x0000, 0x0000, 0x0000, 0x0000, 0x0000, 0x0000, 0x0000, 0x0000, 0x0000, 0x0000, 0x0000, 0x0000, 0x0000, 0x0000, 0x0000,   // Linha de pixels
0x0000, 0x0000, 0x0000, 0x0000, 0x0000, 0x0000, 0x0000, 0x0000, 0x0000, 0x0000, 0x0000, 0x0000, 0x0000, 0x0000, 0x0000, 0x0000,   // Linha de pixels
0x0000, 0x0000, 0x0000, 0x0000, 0x0000, 0x0000, 0x0000, 0x0000, 0x0000, 0x0000, 0x0000, 0x0000, 0x0000, 0x0000, 0x0000, 0x0000,   // Linha de pixels
0x0000, 0x0000, 0x0000, 0x0000, 0x0000, 0x0000, 0x0000, 0x0000, 0x0000, 0x0000, 0x0000, 0x0000, 0x0020, 0x0020, 0x0020, 0x0020,   // Linha de pixels
0x0AC0, 0x0AC0, 0x0AC0, 0x0AC0, 0x0AC0, 0x2124, 0x2124, 0x2124, 0x2124, 0x9B8E, 0x9B8E, 0x9B8E, 0x9B8E, 0xFDF7, 0xFDF7, 0xFDF7,   // Linha de pixels
0xFDF7, 0xFDF7, 0xFDD7, 0xFDD7, 0xFDD7, 0xFDD7, 0xFDD7, 0xFDD7, 0xFDD7, 0xFDD7, 0xFDD7, 0xFDD7, 0xFDD7, 0xFDD7, 0xFDD7, 0xFDD7,   // Linha de pixels
0xFDD7, 0xFDD7, 0xFDD7, 0xFDD7, 0xFDD7, 0xFDD7, 0xFDD7, 0xFDD7, 0xFDD7, 0xFDD7, 0xFDD7, 0xFDD7, 0xFDD7, 0xFDD7, 0xFDD7, 0xFDD7,   // Linha de pixels
0xFDD6, 0xFDD6, 0xFDD6, 0xFDD6, 0xE534, 0xE534, 0xE534, 0xE534, 0xE534, 0x8B0C, 0x8B0C, 0x8B0C, 0x8B0C, 0x0020, 0x0020, 0x0020,   // Linha de pixels
0x0020, 0x0000, 0x0000, 0x0000, 0x0000, 0x0000, 0x0000, 0x0000, 0x0000, 0x0000, 0x0AD0, 0x0AD0, 0x0AD0, 0x0AD0, 0x0000, 0x0000,   // Linha de pixels
0x0000, 0x0000, 0x0000, 0x0020, 0x0020, 0x0020, 0x0020, 0x9C32, 0x9C32, 0x9C32, 0x9C32, 0xFDF7, 0xFDF7, 0xFDF7, 0xFDF7, 0xFDF7,   // Linha de pixels
0xFDD7, 0xFDD7, 0xFDD7, 0xFDD7, 0xFDD7, 0xFDD7, 0xFDD7, 0xFDD7, 0xFDD7, 0xFDD7, 0xFDD7, 0xFDD7, 0xFDD7, 0xFDD7, 0xFDD7, 0xFDD7,   // Linha de pixels
0xFDD7, 0xFDD7, 0xFDD7, 0xFDD7, 0xFDD7, 0xFDD7, 0xFDD7, 0xFDD7, 0xFDD7, 0xFDD7, 0xFDF7, 0xFDF7, 0xFDF7, 0xFDF7, 0xFDD7, 0xFDD7,   // Linha de pixels
0xFDD7, 0xFDD7, 0xFE17, 0xFE17, 0xFE17, 0xFE17, 0xFE17, 0x8B0C, 0x8B0C, 0x8B0C, 0x8B0C, 0x0000, 0x0000, 0x0000, 0x0000, 0x0000,   // Linha de pixels
0x0000, 0x0000, 0x0000, 0x0000, 0x0AE0, 0x0AE0, 0x0AE0, 0x0AE0, 0x0000, 0x0000, 0x0000, 0x0000, 0x0000, 0x0000, 0x0000, 0x0000,   // Linha de pixels
0x0861, 0x0861, 0x0861, 0x0861, 0x0861, 0x9B8E, 0x9B8E, 0x9B8E, 0x9B8E, 0xE534, 0xE534, 0xE534, 0xE534, 0xFDF7, 0xFDF7, 0xFDF7,   // Linha de pixels
0xFDF7, 0xFDF7, 0xFDD7, 0xFDD7, 0xFDD7, 0xFDD7, 0xFDD7, 0xFDD7, 0xFDD7, 0xFDD7, 0xFDD7, 0xFDD7, 0xFDD7, 0xFDD7, 0xFDD7, 0xFDD7,   // Linha de pixels
0xFDD7, 0xFDD7, 0xFDD7, 0xFDD7, 0xFDD7, 0xFDD7, 0xFDD7, 0xFDD7, 0xFDD7, 0xFDD7, 0xFDD7, 0xFDD7, 0xFDD7, 0xFDD7, 0xFDD7, 0xFDD7,   // Linha de pixels
0xFDF7, 0xFDF7, 0xFDF7, 0xFDF7, 0x8B0C, 0x8B0C, 0x8B0C, 0x8B0C, 0x8B0C, 0x2104, 0x2104, 0x2104, 0x2104, 0x0AF0, 0x0AF0, 0x0AF0,   // Linha de pixels
0x0AF0, 0x0020, 0x0020, 0x0020, 0x0020, 0x0020, 0x0000, 0x0000, 0x0000, 0x0000, 0x0000, 0x0000, 0x0000, 0x0000, 0x0000, 0x0000,   // Linha de pixels
0x0000, 0x0000, 0x0000, 0x0000, 0x0000, 0x0000, 0x0000, 0x0000, 0x0000, 0x0000, 0x0000, 0x0000, 0x0000, 0x0000, 0x0000, 0x0000,   // Linha de pixels
0x0000, 0x0000, 0x0000, 0x0000, 0x0000, 0x0000, 0x0000, 0x0000, 0x0000, 0x0000, 0x0000, 0x0000, 0x0000, 0x0000, 0x0000, 0x0000,   // Linha de pixels
0x0000, 0x0000, 0x0000, 0x0000, 0x0000, 0x0000, 0x0000, 0x0000, 0x0000, 0x0000, 0x0000, 0x0000, 0x0000, 0x0000, 0x0000, 0x0000,   // Linha de pixels
0x0000, 0x0000, 0x0000, 0x0000, 0x0000, 0x0000, 0x0000, 0x0B00, 0x0B00, 0x0B00, 0x0B00, 0x0000, 0x0000, 0x0000, 0x0000, 0x0000,   // Linha de pixels
0x0000, 0x0000, 0x0000, 0x0000, 0x0000, 0x0000, 0x0000, 0x0000, 0x0000, 0x0000, 0x0000, 0x0000, 0x0000, 0x0000, 0x0000, 0x0000,   // Linha de pixels
0x0000, 0x0000, 0x0000, 0x0000, 0x0000, 0x0000, 0x0000, 0x0000, 0x0000, 0x0000, 0x0000, 0x0000, 0x0000, 0x0000, 0x0000, 0x0000,   // Linha de pixels
0x0000, 0x0000, 0x18A2, 0x18A2, 0x18A2, 0x18A2, 0xBDD7, 0xBDD7, 0xBDD7, 0xBDD7, 0xE73C, 0xE73C, 0xE73C, 0xE73C, 0xE73C, 0xFF5D,   // Linha de pixels
0xFF5D, 0xFF5D, 0xFF5D, 0xFF5D, 0xFF5D, 0xFF5D, 0xFF5D, 0xFF5D, 0xFF5D, 0xFF5D, 0xFF5D, 0xFF5D, 0xFF5D, 0xFF5D, 0xFF5D, 0xFF5D,   // Linha de pixels
0x0B10, 0x0B10, 0x0B10, 0x0B10, 0xFF5D, 0xFF5D, 0xFF5D, 0xFF5D, 0xFF5D, 0xFF5D, 0xFF5D, 0xFF5D, 0xFF5D, 0xFF5D, 0xFF5D, 0xFF5D,   // Linha de pixels
0xFF5D, 0xFF5D, 0xFF5D, 0xFF5D, 0xFF5D, 0xFF5D, 0xFF5D, 0xFF5D, 0xFF5D, 0xFF5D, 0x5AAA, 0x5AAA, 0x5AAA, 0x5AAA, 0x0861, 0x0861,   // Linha de pixels
0x0861, 0x0861, 0x0861, 0x0000, 0x0000, 0x0000, 0x0000, 0x0000, 0x0000, 0x0000, 0x0000, 0x0000, 0x0000, 0x0000, 0x0000, 0x0000,   // Linha de pixels
0x0000, 0x0000, 0x0000, 0x0000, 0x0020, 0x0020, 0x0020, 0x0020, 0xA514, 0xA514, 0xA514, 0xA514, 0xA514, 0xFF5D, 0xFF5D, 0xFF5D,   // Linha de pixels
0xFF5D, 0xFF5D, 0xFF5D, 0xFF5D, 0xFF5D, 0xFF5D, 0xFF5D, 0xFF5D, 0xFF5D, 0xFF5D, 0x0B20, 0x0B20, 0x0B20, 0x0B20, 0xFF5D, 0xFF5D,   // Linha de pixels
0xFF5D, 0xFF5D, 0xFF5D, 0xFF5D, 0xFF5D, 0xFF5D, 0xFF5D, 0xFF5D, 0xFF5D, 0xFF5D, 0xFF5D, 0xFF5D, 0xFF5D, 0xFF5D, 0xFF5D, 0xFF5D,   // Linha de pixels
0xFF5D, 0xFF5D, 0xFF5D, 0xFF5D, 0xFF5D, 0xFF5D, 0xFF5D, 0xFF5D, 0xFF5D, 0xFF5D, 0xFF5D, 0xFF5D, 0x83AE, 0x83AE, 0x83AE, 0x83AE,   // Linha de pixels
0x0861, 0x0861, 0x0861, 0x0861, 0x0861, 0x9B8E, 0x9B8E, 0x9B8E, 0x9B8E, 0xE534, 0xE534, 0xE534, 0xE534, 0xFDF7, 0xFDF7, 0xFDF7,   // Linha de pixels
0xFDF7, 0xFDF7, 0xFDD7, 0xFDD7, 0xFDD7, 0xFDD7, 0xFDD7, 0xFDD7, 0xFDD7, 0xFDD7, 0xFDD7, 0xFDD7, 0xFDD7, 0xFDD7, 0xFDD7, 0xFDD7,   // Linha de pixels
0xFDD7, 0xFDD7, 0xFDD7, 0xFDD7, 0xFDD7, 0xFDD7, 0xFDD7, 0xFDD7, 0xFDD7, 0xFDD7, 0xFDD7, 0xFDD7, 0xFDD7, 0xFDD7, 0xFDD7, 0xFDD7,   // Linha de pixels
0xFDF7, 0xFDF7, 0xFDF7, 0xFDF7, 0x8B0C, 0x8B0C, 0x8B0C, 0x8B0C, 0x8B0C, 0x2104, 0x2104, 0x2104, 0x2104, 0x0AF0, 0x0AF0, 0x0AF0,   // Linha de pixels
0x0AF0, 0x0020, 0x0020, 0x0020, 0x0020, 0x0020, 0x0000, 0x0000, 0x0000, 0x0000, 0x0000, 0x0000, 0x0000, 0x0000, 0x0000, 0x0000,   // Linha de pixels
0x0000, 0x0000, 0x0000, 0x0000, 0x0000, 0x0000, 0x0000, 0x0000, 0x0000, 0x0000, 0x0000, 0x0000, 0x0000, 0x0000, 0x0000, 0x0000,   // Linha de pixels
0x0000, 0x0000, 0x0000, 0x0000, 0x0000, 0x0000, 0x0000, 0x0000, 0x0000, 0x0000, 0x0000, 0x0000, 0x0000, 0x0000, 0x0000, 0x0000,   // Linha de pixels
0x0000, 0x0000, 0x0000, 0x0000, 0x0000, 0x0000, 0x0000, 0x0000, 0x0000, 0x0000, 0x0000, 0x0000, 0x0000, 0x0000, 0x0000, 0x0000,   // Linha de pixels
0x0000, 0x0000, 0x0000, 0x0000, 0x0000, 0x0000, 0x0000, 0x0B00, 0x0B00, 0x0B00, 0x0B00, 0x0000, 0x0000, 0x0000, 0x0000, 0x0000,   // Linha de pixels
0x0000, 0x0000, 0x0000, 0x0000, 0x0000, 0x0000, 0x0000, 0x0000, 0x0000, 0x0000, 0x0000, 0x0000, 0x0000, 0x0000, 0x0000, 0x0000,   // Linha de pixels
0x0000, 0x0000, 0x0000, 0x0000, 0x0000, 0x0000, 0x0000, 0x0000, 0x0000, 0x0000, 0x0000, 0x0000, 0x0000, 0x0000, 0x0000, 0x0000,   // Linha de pixels
0x0000, 0x0000, 0x18A2, 0x18A2, 0x18A2, 0x18A2, 0xBDD7, 0xBDD7, 0xBDD7, 0xBDD7, 0xE73C, 0xE73C, 0xE73C, 0xE73C, 0xE73C, 0xFF5D,   // Linha de pixels
0xFF5D, 0xFF5D, 0xFF5D, 0xFF5D, 0xFF5D, 0xFF5D, 0xFF5D, 0xFF5D, 0xFF5D, 0xFF5D, 0xFF5D, 0xFF5D, 0xFF5D, 0xFF5D, 0xFF5D, 0xFF5D,   // Linha de pixels
0x0B10, 0x0B10, 0x0B10, 0x0B10, 0xFF5D, 0xFF5D, 0xFF5D, 0xFF5D, 0xFF5D, 0xFF5D, 0xFF5D, 0xFF5D, 0xFF5D, 0xFF5D, 0xFF5D, 0xFF5D,   // Linha de pixels
0xFF5D, 0xFF5D, 0xFF5D, 0xFF5D, 0xFF5D, 0xFF5D, 0xFF5D, 0xFF5D, 0xFF5D, 0xFF5D, 0x5AAA, 0x5AAA, 0x5AAA, 0x5AAA, 0x0861, 0x0861,   // Linha de pixels
0x0861, 0x0861, 0x0861, 0x0000, 0x0000, 0x0000, 0x0000, 0x0000, 0x0000, 0x0000, 0x0000, 0x0000, 0x0000, 0x0000, 0x0000, 0x0000,   // Linha de pixels
0x0000, 0x0000, 0x0000, 0x0000, 0x0020, 0x0020, 0x0020, 0x0020, 0xA514, 0xA514, 0xA514, 0xA514, 0xA514, 0xFF5D, 0xFF5D, 0xFF5D,   // Linha de pixels
0xFF5D, 0xFF5D, 0xFF5D, 0xFF5D, 0xFF5D, 0xFF5D, 0xFF5D, 0xFF5D, 0xFF5D, 0xFF5D, 0x0B20, 0x0B20, 0x0B20, 0x0B20, 0xFF5D, 0xFF5D,   // Linha de pixels
0xFF5D, 0xFF5D, 0xFF5D, 0xFF5D, 0xFF5D, 0xFF5D, 0xFF5D, 0xFF5D, 0xFF5D, 0xFF5D, 0xFF5D, 0xFF5D, 0xFF5D, 0xFF5D, 0xFF5D, 0xFF5D,   // Linha de pixels
0xFF5D, 0xFF5D, 0xFF5D, 0xFF5D, 0xFF5D, 0xFF5D, 0xFF5D, 0xFF5D, 0xFF5D, 0xFF5D, 0xFF5D, 0xFF5D, 0x83AE, 0x83AE, 0x83AE, 0x83AE,   // Linha de pixels
0x0861, 0x0861, 0x0861, 0x0861, 0x0861, 0x9B8E, 0x9B8E, 0x9B8E, 0x9B8E, 0xE534, 0xE534, 0xE534, 0xE534, 0xFDF7, 0xFDF7, 0xFDF7,   // Linha de pixels
0xFDF7, 0xFDF7, 0xFDD7, 0xFDD7, 0xFDD7, 0xFDD7, 0xFDD7, 0xFDD7, 0xFDD7, 0xFDD7, 0xFDD7, 0xFDD7, 0xFDD7, 0xFDD7, 0xFDD7, 0xFDD7,   // Linha de pixels
0xFDD7, 0xFDD7, 0xFDD7, 0xFDD7, 0xFDD7, 0xFDD7, 0xFDD7, 0xFDD7, 0xFDD7, 0xFDD7, 0xFDD7, 0xFDD7, 0xFDD7, 0xFDD7, 0xFDD7, 0xFDD7,   // Linha de pixels
0xFDF7, 0xFDF7, 0xFDF7, 0xFDF7, 0x8B0C, 0x8B0C, 0x8B0C, 0x8B0C, 0x8B0C, 0x2104, 0x2104, 0x2104, 0x2104, 0x0AF0, 0x0AF0, 0x0AF0,   // Linha de pixels
0x0AF0, 0x0020, 0x0020, 0x0020, 0x0020, 0x0020, 0x0000, 0x0000, 0x0000, 0x0000, 0x0000, 0x0000, 0x0000, 0x0000, 0x0000, 0x0000,   // Linha de pixels
0x0000, 0x0000, 0x0000, 0x0000, 0x0000, 0x0000, 0x0000, 0x0000, 0x0000, 0x0000, 0x0000, 0x0000, 0x0000, 0x0000, 0x0000, 0x0000,   // Linha de pixels
0x0000, 0x0000, 0x0000, 0x0000, 0x0000, 0x0000, 0x0000, 0x0000, 0x0000, 0x0000, 0x0000, 0x0000, 0x0000, 0x0000, 0x0000, 0x0000,   // Linha de pixels
0x0000, 0x0000, 0x0000, 0x0000, 0x0000, 0x0000, 0x0000, 0x0000, 0x0000, 0x0000, 0x0000, 0x0000, 0x0000, 0x0000, 0x0000, 0x0000,   // Linha de pixels
0x0000, 0x0000, 0x0000, 0x0000, 0x0000, 0x0000, 0x0000, 0x0B00, 0x0B00, 0x0B00, 0x0B00, 0x0000, 0x0000, 0x0000, 0x0000, 0x0000,   // Linha de pixels
0x0000, 0x0000, 0x0000, 0x0000, 0x0000, 0x0000, 0x0000, 0x0000, 0x0000, 0x0000, 0x0000, 0x0000, 0x0000, 0x0000, 0x0000, 0x0000,   // Linha de pixels
0x0000, 0x0000, 0x0000, 0x0000, 0x0000, 0x0000, 0x0000, 0x0000, 0x0000, 0x0000, 0x0000, 0x0000, 0x0000, 0x0000, 0x0000, 0x0000,   // Linha de pixels
0x0000, 0x0000, 0x18A2, 0x18A2, 0x18A2, 0x18A2, 0xBDD7, 0xBDD7, 0xBDD7, 0xBDD7, 0xE73C, 0xE73C, 0xE73C, 0xE73C, 0xE73C, 0xFF5D,   // Linha de pixels
0xFF5D, 0xFF5D, 0xFF5D, 0xFF5D, 0xFF5D, 0xFF5D, 0xFF5D, 0xFF5D, 0xFF5D, 0xFF5D, 0xFF5D, 0xFF5D, 0xFF5D, 0xFF5D, 0xFF5D, 0xFF5D,   // Linha de pixels
0x0B10, 0x0B10, 0x0B10, 0x0B10, 0xFF5D, 0xFF5D, 0xFF5D, 0xFF5D, 0xFF5D, 0xFF5D, 0xFF5D, 0xFF5D, 0xFF5D, 0xFF5D, 0xFF5D, 0xFF5D,   // Linha de pixels
0xFF5D, 0xFF5D, 0xFF5D, 0xFF5D, 0xFF5D, 0xFF5D, 0xFF5D, 0xFF5D, 0xFF5D, 0xFF5D, 0x5AAA, 0x5AAA, 0x5AAA, 0x5AAA, 0x0861, 0x0861,   // Linha de pixels
0x0861, 0x0861, 0x0861, 0x0000, 0x0000, 0x0000, 0x0000, 0x0000, 0x0000, 0x0000, 0x0000, 0x0000, 0x0000, 0x0000, 0x0000, 0x0000,   // Linha de pixels
0x0000, 0x0000, 0x0000, 0x0000, 0x0020, 0x0020, 0x0020, 0x0020, 0xA514, 0xA514, 0xA514, 0xA514, 0xA514, 0xFF5D, 0xFF5D, 0xFF5D,   // Linha de pixels
0xFF5D, 0xFF5D, 0xFF5D, 0xFF5D, 0xFF5D, 0xFF5D, 0xFF5D, 0xFF5D, 0xFF5D, 0xFF5D, 0x0B20, 0x0B20, 0x0B20, 0x0B20, 0xFF5D, 0xFF5D,   // Linha de pixels
0xFF5D, 0xFF5D, 0xFF5D, 0xFF5D, 0xFF5D, 0xFF5D, 0xFF5D, 0xFF5D, 0xFF5D, 0xFF5D, 0xFF5D, 0xFF5D, 0xFF5D, 0xFF5D, 0xFF5D, 0xFF5D,   // Linha de pixels
0xFF5D, 0xFF5D, 0xFF5D, 0xFF5D, 0xFF5D, 0xFF5D, 0xFF5D, 0xFF5D, 0xFF5D, 0xFF5D, 0xFF5D, 0xFF5D, 0x83AE, 0x83AE, 0x83AE, 0x83AE,   // Linha de pixels
0x0000, 0x0000, 0x0000, 0x0000, 0x0000, 0x0000, 0x0000, 0x0000, 0x0000, 0x0000, 0x0000, 0x0000, 0x0000, 0x0000, 0x0000, 0x0000,   // Linha de pixels
0x0000, 0x0000, 0x0020, 0x0020, 0x0020, 0x0020, 0x1082, 0x1082, 0x1082, 0x1082, 0x83AE, 0x83AE, 0x83AE, 0x83AE, 0x83AE, 0xFF5D,   // Linha de pixels
0xFF5D, 0xFF5D, 0xFF5D, 0x0B30, 0x0B30, 0x0B30, 0x0B30, 0xFF5D, 0xFF5D, 0xFF5D, 0xFF5D, 0xFF5D, 0xFF5D, 0xFF5D, 0xFF5D, 0xFF5D,   // Linha de pixels
0xFF5D, 0xFF5D, 0xFF5D, 0xFF5D, 0xFF5D, 0xFF5D, 0xFF5D, 0xFF5D, 0xFF5D, 0xFF5D, 0xFF5D, 0xFF5D, 0xFF5D, 0xFF5D, 0xFF5D, 0xFF5D,   // Linha de pixels
0xFF5D, 0xFF5D, 0xFF5D, 0xFF5D, 0xFF5D, 0xFF5D, 0xFF5D, 0xFF5D, 0xFF5D, 0xFF5D, 0xE73C, 0xE73C, 0xE73C, 0xE73C, 0xA4F3, 0xA4F3,   // Linha de pixels
0xA4F3, 0xA4F3, 0xA4F3, 0x0861, 0x0861, 0x0861, 0x0861, 0x0000, 0x0000, 0x0000, 0x0000, 0x0000, 0x0000, 0x0000, 0x0000, 0x0000,   // Linha de pixels
0x0000, 0x0000, 0x0000, 0x0000, 0x0000, 0x0000, 0x0000, 0x0000, 0x0000, 0x0000, 0x0000, 0x0000, 0x0000, 0x0B40, 0x0B40, 0x0B40,   // Linha de pixels
0x0B40, 0x0000, 0x0000, 0x0000, 0x0000, 0x0000, 0x0000, 0x0000, 0x0000, 0x0000, 0x0000, 0x0000, 0x0000, 0x0000, 0x0000, 0x0000,   // Linha de pixels
0x0000, 0x0000, 0x0000, 0x0000, 0x0000, 0x0000, 0x0000, 0x0000, 0x0000, 0x0000, 0x0000, 0x0000, 0x0000, 0x0000, 0x0000, 0x0000,   // Linha de pixels
0x0000, 0x0000, 0x0000, 0x0000, 0x0000, 0x0000, 0x0000, 0x0000, 0x0000, 0x0000, 0x0000, 0x0000, 0x0000, 0x0000, 0x0000, 0x0000,   // Linha de pixels
0x0000, 0x0000, 0x0000, 0x0000, 0x0000, 0x0000, 0x0000, 0x0000, 0x0000, 0x0000, 0x0000, 0x0000, 0x0000, 0x0000, 0x0000, 0x0000,   // Linha de pixels
0x0000, 0x0000, 0x0000, 0x0000, 0x0000, 0x0000, 0x0B50, 0x0B50, 0x0B50, 0x0B50, 0x0000, 0x0000, 0x0000, 0x0000, 0x0000, 0x0000,   // Linha de pixels
0x0000, 0x0000, 0x0000, 0x0804, 0x0804, 0x0804, 0x0804, 0x1049, 0x1049, 0x1049, 0x1049, 0x1049, 0x5A71, 0x5A71, 0x5A71, 0x5A71,   // Linha de pixels
0x6AD3, 0x6AD3, 0x6AD3, 0x6AD3, 0x62B3, 0x62B3, 0x62B3, 0x62B3, 0x62B3, 0x62B3, 0x62B3, 0x62B3, 0x62B3, 0x62B3, 0x62B3, 0x62B3,   // Linha de pixels
0x62B3, 0x62B3, 0x62B3, 0x62B3, 0x62B3, 0x62B3, 0x62B3, 0x62B3, 0x62B3, 0x62B3, 0x62B3, 0x62B3, 0x62B3, 0x62B3, 0x62B3, 0x62B3,   // Linha de pixels
0x62B3, 0x62B3, 0x62B3, 0x62B3, 0x62B3, 0x62B3, 0x62B3, 0x62B3, 0x62B3, 0x62B3, 0x62B3, 0x2104, 0x2104, 0x2104, 0x2104, 0x2104,   // Linha de pixels
0x0B60, 0x0B60, 0x0B60, 0x0B60, 0x0000, 0x0000, 0x0000, 0x0000, 0x0000, 0x0000, 0x0000, 0x0000, 0x0000, 0x0000, 0x0000, 0x0000,   // Linha de pixels
0x0000, 0x0000, 0x0000, 0x0000, 0x0000, 0x0000, 0x0000, 0x0000, 0x0000, 0x0000, 0x0000, 0x0000, 0x0000, 0x0000, 0x520E, 0x520E,   // Linha de pixels
0x520E, 0x520E, 0x6AD3, 0x6AD3, 0x6AD3, 0x6AD3, 0x6AD3, 0x62B3, 0x62B3, 0x62B3, 0x62B3, 0x62B3, 0x62B3, 0x62B3, 0x62B3, 0x62B3,   // Linha de pixels
0x62B3, 0x62B3, 0x62B3, 0x62B3, 0x62B3, 0x62B3, 0x62B3, 0x62B3, 0x62B3, 0x62B3, 0x62B3, 0x62B3, 0x62B3, 0x62B3, 0x62B3, 0x62B3,   // Linha de pixels
0x0000, 0x0000, 0x0000, 0x0000, 0x0000, 0x0000, 0x0000, 0x0000, 0x0000, 0x0000, 0x0000, 0x0000, 0x0000, 0x0000, 0x0000, 0x0000,   // Linha de pixels
0x0000, 0x0000, 0x0020, 0x0020, 0x0020, 0x0020, 0x1082, 0x1082, 0x1082, 0x1082, 0x83AE, 0x83AE, 0x83AE, 0x83AE, 0x83AE, 0xFF5D,   // Linha de pixels
0xFF5D, 0xFF5D, 0xFF5D, 0x0B30, 0x0B30, 0x0B30, 0x0B30, 0xFF5D, 0xFF5D, 0xFF5D, 0xFF5D, 0xFF5D, 0xFF5D, 0xFF5D, 0xFF5D, 0xFF5D,   // Linha de pixels
0xFF5D, 0xFF5D, 0xFF5D, 0xFF5D, 0xFF5D, 0xFF5D, 0xFF5D, 0xFF5D, 0xFF5D, 0xFF5D, 0xFF5D, 0xFF5D, 0xFF5D, 0xFF5D, 0xFF5D, 0xFF5D,   // Linha de pixels
0xFF5D, 0xFF5D, 0xFF5D, 0xFF5D, 0xFF5D, 0xFF5D, 0xFF5D, 0xFF5D, 0xFF5D, 0xFF5D, 0xE73C, 0xE73C, 0xE73C, 0xE73C, 0xA4F3, 0xA4F3,   // Linha de pixels
0xA4F3, 0xA4F3, 0xA4F3, 0x0861, 0x0861, 0x0861, 0x0861, 0x0000, 0x0000, 0x0000, 0x0000, 0x0000, 0x0000, 0x0000, 0x0000, 0x0000,   // Linha de pixels
0x0000, 0x0000, 0x0000, 0x0000, 0x0000, 0x0000, 0x0000, 0x0000, 0x0000, 0x0000, 0x0000, 0x0000, 0x0000, 0x0B40, 0x0B40, 0x0B40,   // Linha de pixels
0x0B40, 0x0000, 0x0000, 0x0000, 0x0000, 0x0000, 0x0000, 0x0000, 0x0000, 0x0000, 0x0000, 0x0000, 0x0000, 0x0000, 0x0000, 0x0000,   // Linha de pixels
0x0000, 0x0000, 0x0000, 0x0000, 0x0000, 0x0000, 0x0000, 0x0000, 0x0000, 0x0000, 0x0000, 0x0000, 0x0000, 0x0000, 0x0000, 0x0000,   // Linha de pixels
0x0000, 0x0000, 0x0000, 0x0000, 0x0000, 0x0000, 0x0000, 0x0000, 0x0000, 0x0000, 0x0000, 0x0000, 0x0000, 0x0000, 0x0000, 0x0000,   // Linha de pixels
0x0000, 0x0000, 0x0000, 0x0000, 0x0000, 0x0000, 0x0000, 0x0000, 0x0000, 0x0000, 0x0000, 0x0000, 0x0000, 0x0000, 0x0000, 0x0000,   // Linha de pixels
0x0000, 0x0000, 0x0000, 0x0000, 0x0000, 0x0000, 0x0B50, 0x0B50, 0x0B50, 0x0B50, 0x0000, 0x0000, 0x0000, 0x0000, 0x0000, 0x0000,   // Linha de pixels
0x0000, 0x0000, 0x0000, 0x0804, 0x0804, 0x0804, 0x0804, 0x1049, 0x1049, 0x1049, 0x1049, 0x1049, 0x5A71, 0x5A71, 0x5A71, 0x5A71,   // Linha de pixels
0x6AD3, 0x6AD3, 0x6AD3, 0x6AD3, 0x62B3, 0x62B3, 0x62B3, 0x62B3, 0x62B3, 0x62B3, 0x62B3, 0x62B3, 0x62B3, 0x62B3, 0x62B3, 0x62B3,   // Linha de pixels
0x62B3, 0x62B3, 0x62B3, 0x62B3, 0x62B3, 0x62B3, 0x62B3, 0x62B3, 0x62B3, 0x62B3, 0x62B3, 0x62B3, 0x62B3, 0x62B3, 0x62B3, 0x62B3,   // Linha de pixels
0x62B3, 0x62B3, 0x62B3, 0x62B3, 0x62B3, 0x62B3, 0x62B3, 0x62B3, 0x62B3, 0x62B3, 0x62B3, 0x2104, 0x2104, 0x2104, 0x2104, 0x2104,   // Linha de pixels
0x0B60, 0x0B60, 0x0B60, 0x0B60, 0x0000, 0x0000, 0x0000, 0x0000, 0x0000, 0x0000, 0x0000, 0x0000, 0x0000, 0x0000, 0x0000, 0x0000,   // Linha de pixels
0x0000, 0x0000, 0x0000, 0x0000, 0x0000, 0x0000, 0x0000, 0x0000, 0x0000, 0x0000, 0x0000, 0x0000, 0x0000, 0x0000, 0x520E, 0x520E,   // Linha de pixels
0x520E, 0x520E, 0x6AD3, 0x6AD3, 0x6AD3, 0x6AD3, 0x6AD3, 0x62B3, 0x62B3, 0x62B3, 0x62B3, 0x62B3, 0x62B3, 0x62B3, 0x62B3, 0x62B3,   // Linha de pixels
0x62B3, 0x62B3, 0x62B3, 0x62B3, 0x62B3, 0x62B3, 0x62B3, 0x62B3, 0x62B3, 0x62B3, 0x62B3, 0x62B3, 0x62B3, 0x62B3, 0x62B3, 0x62B3,   // Linha de pixels
0x62B3, 0x62B3, 0x62B3, 0x62B3, 0x62B3, 0x62B3, 0x62B3, 0x62B3, 0x62B3, 0x0B70, 0x0B70, 0x0B70, 0x0B70, 0x6AD3, 0x6AD3, 0x6AD3,   // Linha de pixels
0x6AD3, 0x6AD3, 0x4149, 0x4149, 0x4149, 0x4149, 0x0000, 0x0000, 0x0000, 0x0000, 0x0000, 0x0000, 0x0000, 0x0000, 0x0000, 0x0000,   // Linha de pixels
0x0000, 0x0000, 0x0000, 0x0000, 0x0000, 0x0000, 0x0000, 0x0000, 0x0000, 0x0000, 0x0000, 0x0000, 0x0000, 0x0000, 0x0000, 0x0000,   // Linha de pixels
0x2945, 0x2945, 0x2945, 0x2945, 0x62B3, 0x62B3, 0x62B3, 0x62B3, 0x62B3, 0x62B3, 0x62B3, 0x62B3, 0x62B3, 0x62B3, 0x62B3, 0x62B3,   // Linha de pixels
0x62B3, 0x62B3, 0x62B3, 0x62B3, 0x62B3, 0x62B3, 0x62B3, 0x62B3, 0x62B3, 0x62B3, 0x62B3, 0x62B3, 0x62B3, 0x62B3, 0x62B3, 0x62B3,   // Linha de pixels
0x62B3, 0x62B3, 0x62B3, 0x0B80, 0x0B80, 0x0B80, 0x0B80, 0x62B3, 0x62B3, 0x62B3, 0x62B3, 0x62B3, 0x62B3, 0x62B3, 0x62B3, 0x62B3,   // Linha de pixels
0x6AD3, 0x6AD3, 0x6AD3, 0x6AD3, 0x520E, 0x520E, 0x520E, 0x520E, 0x1049, 0x1049, 0x1049, 0x1049, 0x1049, 0x0804, 0x0804, 0x0804,   // Linha de pixels
0x0804, 0x0000, 0x0000, 0x0000, 0x0000, 0x0000, 0x0000, 0x0000, 0x0000, 0x0000, 0x0000, 0x0000, 0x0000, 0x0000, 0x0000, 0x0000,   // Linha de pixels
0x0000, 0x0000, 0x0000, 0x0000, 0x0000, 0x0000, 0x0000, 0x0000, 0x0000, 0x0000, 0x0000, 0x0000, 0x0000, 0x0000, 0x0000, 0x0000,   // Linha de pixels
0x0000, 0x0000, 0x0000, 0x0000, 0x0000, 0x0000, 0x0000, 0x0000, 0x0000, 0x0000, 0x0000, 0x0000, 0x0B90, 0x0B90, 0x0B90, 0x0B90,   // Linha de pixels
0x0000, 0x0000, 0x0000, 0x0000, 0x0000, 0x0000, 0x0000, 0x0000, 0x0000, 0x0000, 0x0000, 0x0000, 0x0000, 0x0000, 0x0000, 0x0000,   // Linha de pixels
0x0000, 0x0000, 0x0000, 0x0000, 0x0000, 0x0000, 0x0000, 0x0000, 0x0000, 0x0000, 0x0000, 0x0000, 0x0000, 0x0000, 0x0000, 0x0000,   // Linha de pixels
0x0000, 0x0000, 0x0000, 0x0000, 0x0000, 0x0000, 0x0000, 0x0801, 0x0801, 0x0801, 0x0801, 0x0801, 0x3046, 0x3046, 0x3046, 0x3046,   // Linha de pixels
0x786F, 0x786F, 0x786F, 0x786F, 0x8832, 0x8832, 0x8832, 0x8832, 0x8832, 0x8832, 0x8832, 0x8832, 0x8832, 0x8832, 0x8832, 0x8832,   // Linha de pixels
0x8832, 0x8832, 0x8832, 0x8832, 0x8832, 0x8832, 0x0BA0, 0x0BA0, 0x0BA0, 0x0BA0, 0x8832, 0x8832, 0x8832, 0x8832, 0x8832, 0x8832,   // Linha de pixels
0x8832, 0x8832, 0x8832, 0x8832, 0x8832, 0x8832, 0x8832, 0x8832, 0x8832, 0x8832, 0x8832, 0x8832, 0x8832, 0x8832, 0x8832, 0x8832,   // Linha de pixels
0x8832, 0x8832, 0x8832, 0x8832, 0x8832, 0x8832, 0x8832, 0x8832, 0x684D, 0x684D, 0x684D, 0x684D, 0x684D, 0x0801, 0x0801, 0x0801,   // Linha de pixels
0x0801, 0x0000, 0x0000, 0x0000, 0x0000, 0x0000, 0x0000, 0x0000, 0x0000, 0x0000, 0x0000, 0x0000, 0x0000, 0x0000, 0x0000, 0x0000,   // Linha de pixels
0x0000, 0x0000, 0x0000, 0x0000, 0x0000, 0x0000, 0x0000, 0x0000, 0x0000, 0x0000, 0x0000, 0x0000, 0x0000, 0x0000, 0x0000, 0x0BB0,   // Linha de pixels
0x0BB0, 0x0BB0, 0x0BB0, 0x0BB0, 0x684D, 0x684D, 0x684D, 0x684D, 0x8832, 0x8832, 0x8832, 0x8832, 0x8832, 0x8832, 0x8832, 0x8832,   // Linha de pixels
0x62B3, 0x62B3, 0x62B3, 0x62B3, 0x62B3, 0x62B3, 0x62B3, 0x62B3, 0x62B3, 0x0B70, 0x0B70, 0x0B70, 0x0B70, 0x6AD3, 0x6AD3, 0x6AD3,   // Linha de pixels
0x6AD3, 0x6AD3, 0x4149, 0x4149, 0x4149, 0x4149, 0x0000, 0x0000, 0x0000, 0x0000, 0x0000, 0x0000, 0x0000, 0x0000, 0x0000, 0x0000,   // Linha de pixels
0x0000, 0x0000, 0x0000, 0x0000, 0x0000, 0x0000, 0x0000, 0x0000, 0x0000, 0x0000, 0x0000, 0x0000, 0x0000, 0x0000, 0x0000, 0x0000,   // Linha de pixels
0x2945, 0x2945, 0x2945, 0x2945, 0x62B3, 0x62B3, 0x62B3, 0x62B3, 0x62B3, 0x62B3, 0x62B3, 0x62B3, 0x62B3, 0x62B3, 0x62B3, 0x62B3,   // Linha de pixels
0x62B3, 0x62B3, 0x62B3, 0x62B3, 0x62B3, 0x62B3, 0x62B3, 0x62B3, 0x62B3, 0x62B3, 0x62B3, 0x62B3, 0x62B3, 0x62B3, 0x62B3, 0x62B3,   // Linha de pixels
0x62B3, 0x62B3, 0x62B3, 0x0B80, 0x0B80, 0x0B80, 0x0B80, 0x62B3, 0x62B3, 0x62B3, 0x62B3, 0x62B3, 0x62B3, 0x62B3, 0x62B3, 0x62B3,   // Linha de pixels
0x6AD3, 0x6AD3, 0x6AD3, 0x6AD3, 0x520E, 0x520E, 0x520E, 0x520E, 0x1049, 0x1049, 0x1049, 0x1049, 0x1049, 0x0804, 0x0804, 0x0804,   // Linha de pixels
0x0804, 0x0000, 0x0000, 0x0000, 0x0000, 0x0000, 0x0000, 0x0000, 0x0000, 0x0000, 0x0000, 0x0000, 0x0000, 0x0000, 0x0000, 0x0000,   // Linha de pixels
0x0000, 0x0000, 0x0000, 0x0000, 0x0000, 0x0000, 0x0000, 0x0000, 0x0000, 0x0000, 0x0000, 0x0000, 0x0000, 0x0000, 0x0000, 0x0000,   // Linha de pixels
0x0000, 0x0000, 0x0000, 0x0000, 0x0000, 0x0000, 0x0000, 0x0000, 0x0000, 0x0000, 0x0000, 0x0000, 0x0B90, 0x0B90, 0x0B90, 0x0B90,   // Linha de pixels
0x0000, 0x0000, 0x0000, 0x0000, 0x0000, 0x0000, 0x0000, 0x0000, 0x0000, 0x0000, 0x0000, 0x0000, 0x0000, 0x0000, 0x0000, 0x0000,   // Linha de pixels
0x0000, 0x0000, 0x0000, 0x0000, 0x0000, 0x0000, 0x0000, 0x0000, 0x0000, 0x0000, 0x0000, 0x0000, 0x0000, 0x0000, 0x0000, 0x0000,   // Linha de pixels
0x0000, 0x0000, 0x0000, 0x0000, 0x0000, 0x0000, 0x0000, 0x0801, 0x0801, 0x0801, 0x0801, 0x0801, 0x3046, 0x3046, 0x3046, 0x3046,   // Linha de pixels
0x786F, 0x786F, 0x786F, 0x786F, 0x8832, 0x8832, 0x8832, 0x8832, 0x8832, 0x8832, 0x8832, 0x8832, 0x8832, 0x8832, 0x8832, 0x8832,   // Linha de pixels
0x8832, 0x8832, 0x8832, 0x8832, 0x8832, 0x8832, 0x0BA0, 0x0BA0, 0x0BA0, 0x0BA0, 0x8832, 0x8832, 0x8832, 0x8832, 0x8832, 0x8832,   // Linha de pixels
0x8832, 0x8832, 0x8832, 0x8832, 0x8832, 0x8832, 0x8832, 0x8832, 0x8832, 0x8832, 0x8832, 0x8832, 0x8832, 0x8832, 0x8832, 0x8832,   // Linha de pixels
0x8832, 0x8832, 0x8832, 0x8832, 0x8832, 0x8832, 0x8832, 0x8832, 0x684D, 0x684D, 0x684D, 0x684D, 0x684D, 0x0801, 0x0801, 0x0801,   // Linha de pixels
0x0801, 0x0000, 0x0000, 0x0000, 0x0000, 0x0000, 0x0000, 0x0000, 0x0000, 0x0000, 0x0000, 0x0000, 0x0000, 0x0000, 0x0000, 0x0000,   // Linha de pixels
0x0000, 0x0000, 0x0000, 0x0000, 0x0000, 0x0000, 0x0000, 0x0000, 0x0000, 0x0000, 0x0000, 0x0000, 0x0000, 0x0000, 0x0000, 0x0BB0,   // Linha de pixels
0x0BB0, 0x0BB0, 0x0BB0, 0x0BB0, 0x684D, 0x684D, 0x684D, 0x684D, 0x8832, 0x8832, 0x8832, 0x8832, 0x8832, 0x8832, 0x8832, 0x8832,   // Linha de pixels
0x8832, 0x8832, 0x8832, 0x8832, 0x8832, 0x8832, 0x8832, 0x8832, 0x8832, 0x8832, 0x8832, 0x8832, 0x8832, 0x8832, 0x8832, 0x8832,   // Linha de pixels
0x8832, 0x8832, 0x8832, 0x8832, 0x8832, 0x8832, 0x8832, 0x8832, 0x8832, 0x8832, 0x8832, 0x8832, 0x8832, 0x8832, 0x8832, 0x8832,   // Linha de pixels
0x8832, 0x8832, 0x8832, 0x40A9, 0x40A9, 0x40A9, 0x40A9, 0x0000, 0x0000, 0x0000, 0x0000, 0x0000, 0x0000, 0x0000, 0x0000, 0x0000,   // Linha de pixels
0x0000, 0x0000, 0x0000, 0x0000, 0x0000, 0x0000, 0x0000, 0x0000, 0x0000, 0x0BC0, 0x0BC0, 0x0BC0, 0x0BC0, 0x0000, 0x0000, 0x0000,   // Linha de pixels
0x0000, 0x0000, 0x0000, 0x0000, 0x0000, 0x0000, 0x0000, 0x0000, 0x0000, 0x0000, 0x0804, 0x0804, 0x0804, 0x0804, 0x786F, 0x786F,   // Linha de pixels
0x786F, 0x786F, 0x786F, 0x8832, 0x8832, 0x8832, 0x8832, 0x8832, 0x8832, 0x8832, 0x8832, 0x8832, 0x8832, 0x8832, 0x8832, 0x8832,   // Linha de pixels
0x8832, 0x8832, 0x8832, 0x8832, 0x8832, 0x8832, 0x8832, 0x8832, 0x8832, 0x8832, 0x8832, 0x8832, 0x8832, 0x8832, 0x8832, 0x8832,   // Linha de pixels
0x8832, 0x8832, 0x8832, 0x8832, 0x8832, 0x8832, 0x8832, 0x8832, 0x8832, 0x8832, 0x8832, 0x8832, 0x8832, 0x8832, 0x8832, 0x8832,   // Linha de pixels
0x8832, 0x8832, 0x0BD0, 0x0BD0, 0x0BD0, 0x0BD0, 0x0BD0, 0x684D, 0x684D, 0x684D, 0x684D, 0x3046, 0x3046, 0x3046, 0x3046, 0x0801,   // Linha de pixels
0x0801, 0x0801, 0x0801, 0x0801, 0x0000, 0x0000, 0x0000, 0x0000, 0x0000, 0x0000, 0x0000, 0x0000, 0x0000, 0x0000, 0x0000, 0x0000,   // Linha de pixels
0x0000, 0x0000, 0x0000, 0x0000, 0x0000, 0x0000, 0x0000, 0x0000, 0x0000, 0x0000, 0x0000, 0x0000, 0x0000, 0x0000, 0x0000, 0x0000,   // Linha de pixels
0x0000, 0x0000, 0x0000, 0x0000, 0x0000, 0x0000, 0x0000, 0x0000, 0x0000, 0x0000, 0x0000, 0x0000, 0x0000, 0x0000, 0x0000, 0x0000,   // Linha de pixels
0x0000, 0x0000, 0x0000, 0x0000, 0x0000, 0x0000, 0x0000, 0x0000, 0x0000, 0x0000, 0x0000, 0x0000, 0x0BE0, 0x0BE0, 0x0BE0, 0x0BE0,   // Linha de pixels
0x0801, 0x0801, 0x0801, 0x0801, 0x0801, 0x0801, 0x0801, 0x0801, 0x0801, 0x40A9, 0x40A9, 0x40A9, 0x40A9, 0xA8B5, 0xA8B5, 0xA8B5,   // Linha de pixels
0xA8B5, 0xD0DA, 0xD0DA, 0xD0DA, 0xD0DA, 0xD0DA, 0xE8DE, 0xE8DE, 0xE8DE, 0xE8DE, 0xE8DE, 0xE8DE, 0xE8DE, 0xE8DE, 0xE8DE, 0xE8DE,   // Linha de pixels
0xE8DE, 0xE8DE, 0xE8DE, 0xE8DE, 0xE8DE, 0xE8DE, 0xE8DE, 0xE8DE, 0xE8DE, 0xE8DE, 0xE8DE, 0xE8DE, 0xE8DE, 0xE8DE, 0xE8DE, 0xE8DE,   // Linha de pixels
0xE8DE, 0xE8DE, 0xE8DE, 0xE8DE, 0xE8DE, 0xE8DE, 0xE8DE, 0xE8DE, 0xE8DE, 0xE8DE, 0xE8DE, 0xE8DE, 0xE8DE, 0xE8DE, 0xE8DE, 0xE8DE,   // Linha de pixels
0xE8DE, 0xE8DE, 0xE8DE, 0xE8DE, 0xE8DE, 0x0BF0, 0x0BF0, 0x0BF0, 0x0BF0, 0x0BF0, 0xE8DE, 0xE8DE, 0xE8DE, 0xE8DE, 0xA8B5, 0xA8B5,   // Linha de pixels
0xA8B5, 0xA8B5, 0x0801, 0x0801, 0x0801, 0x0801, 0x0801, 0x0000, 0x0000, 0x0000, 0x0000, 0x0000, 0x0000, 0x0000, 0x0000, 0x0000,   // Linha de pixels
0x0000, 0x0000, 0x0000, 0x0000, 0x0000, 0x0000, 0x0000, 0x0000, 0x0000, 0x0000, 0x0000, 0x0000, 0x0000, 0x0000, 0x0000, 0x0000,   // Linha de pixels
0x8832, 0x8832, 0x8832, 0x8832, 0x8832, 0x8832, 0x8832, 0x8832, 0x8832, 0x8832, 0x8832, 0x8832, 0x8832, 0x8832, 0x8832, 0x8832,   // Linha de pixels
0x8832, 0x8832, 0x8832, 0x8832, 0x8832, 0x8832, 0x8832, 0x8832, 0x8832, 0x8832, 0x8832, 0x8832, 0x8832, 0x8832, 0x8832, 0x8832,   // Linha de pixels
0x8832, 0x8832, 0x8832, 0x40A9, 0x40A9, 0x40A9, 0x40A9, 0x0000, 0x0000, 0x0000, 0x0000, 0x0000, 0x0000, 0x0000, 0x0000, 0x0000,   // Linha de pixels
0x0000, 0x0000, 0x0000, 0x0000, 0x0000, 0x0000, 0x0000, 0x0000, 0x0000, 0x0BC0, 0x0BC0, 0x0BC0, 0x0BC0, 0x0000, 0x0000, 0x0000,   // Linha de pixels
0x0000, 0x0000, 0x0000, 0x0000, 0x0000, 0x0000, 0x0000, 0x0000, 0x0000, 0x0000, 0x0804, 0x0804, 0x0804, 0x0804, 0x786F, 0x786F,   // Linha de pixels
0x786F, 0x786F, 0x786F, 0x8832, 0x8832, 0x8832, 0x8832, 0x8832, 0x8832, 0x8832, 0x8832, 0x8832, 0x8832, 0x8832, 0x8832, 0x8832,   // Linha de pixels
0x8832, 0x8832, 0x8832, 0x8832, 0x8832, 0x8832, 0x8832, 0x8832, 0x8832, 0x8832, 0x8832, 0x8832, 0x8832, 0x8832, 0x8832, 0x8832,   // Linha de pixels
0x8832, 0x8832, 0x8832, 0x8832, 0x8832, 0x8832, 0x8832, 0x8832, 0x8832, 0x8832, 0x8832, 0x8832, 0x8832, 0x8832, 0x8832, 0x8832,   // Linha de pixels
0x8832, 0x8832, 0x0BD0, 0x0BD0, 0x0BD0, 0x0BD0, 0x0BD0, 0x684D, 0x684D, 0x684D, 0x684D, 0x3046, 0x3046, 0x3046, 0x3046, 0x0801,   // Linha de pixels
0x0801, 0x0801, 0x0801, 0x0801, 0x0000, 0x0000, 0x0000, 0x0000, 0x0000, 0x0000, 0x0000, 0x0000, 0x0000, 0x0000, 0x0000, 0x0000,   // Linha de pixels
0x0000, 0x0000, 0x0000, 0x0000, 0x0000, 0x0000, 0x0000, 0x0000, 0x0000, 0x0000, 0x0000, 0x0000, 0x0000, 0x0000, 0x0000, 0x0000,   // Linha de pixels
0x0000, 0x0000, 0x0000, 0x0000, 0x0000, 0x0000, 0x0000, 0x0000, 0x0000, 0x0000, 0x0000, 0x0000, 0x0000, 0x0000, 0x0000, 0x0000,   // Linha de pixels
0x0000, 0x0000, 0x0000, 0x0000, 0x0000, 0x0000, 0x0000, 0x0000, 0x0000, 0x0000, 0x0000, 0x0000, 0x0BE0, 0x0BE0, 0x0BE0, 0x0BE0,   // Linha de pixels
0x0801, 0x0801, 0x0801, 0x0801, 0x0801, 0x0801, 0x0801, 0x0801, 0x0801, 0x40A9, 0x40A9, 0x40A9, 0x40A9, 0xA8B5, 0xA8B5, 0xA8B5,   // Linha de pixels
0xA8B5, 0xD0DA, 0xD0DA, 0xD0DA, 0xD0DA, 0xD0DA, 0xE8DE, 0xE8DE, 0xE8DE, 0xE8DE, 0xE8DE, 0xE8DE, 0xE8DE, 0xE8DE, 0xE8DE, 0xE8DE,   // Linha de pixels
0xE8DE, 0xE8DE, 0xE8DE, 0xE8DE, 0xE8DE, 0xE8DE, 0xE8DE, 0xE8DE, 0xE8DE, 0xE8DE, 0xE8DE, 0xE8DE, 0xE8DE, 0xE8DE, 0xE8DE, 0xE8DE,   // Linha de pixels
0xE8DE, 0xE8DE, 0xE8DE, 0xE8DE, 0xE8DE, 0xE8DE, 0xE8DE, 0xE8DE, 0xE8DE, 0xE8DE, 0xE8DE, 0xE8DE, 0xE8DE, 0xE8DE, 0xE8DE, 0xE8DE,   // Linha de pixels
0xE8DE, 0xE8DE, 0xE8DE, 0xE8DE, 0xE8DE, 0x0BF0, 0x0BF0, 0x0BF0, 0x0BF0, 0x0BF0, 0xE8DE, 0xE8DE, 0xE8DE, 0xE8DE, 0xA8B5, 0xA8B5,   // Linha de pixels
0xA8B5, 0xA8B5, 0x0801, 0x0801, 0x0801, 0x0801, 0x0801, 0x0000, 0x0000, 0x0000, 0x0000, 0x0000, 0x0000, 0x0000, 0x0000, 0x0000,   // Linha de pixels
0x0000, 0x0000, 0x0000, 0x0000, 0x0000, 0x0000, 0x0000, 0x0000, 0x0000, 0x0000, 0x0000, 0x0000, 0x0000, 0x0000, 0x0000, 0x0000,   // Linha de pixels
0x0000, 0x0000, 0x0000, 0x0000, 0x0000, 0x98B3, 0x98B3, 0x98B3, 0x98B3, 0xE8DE, 0xE8DE, 0xE8DE, 0xE8DE, 0xE8DE, 0xE8DE, 0xE8DE,   // Linha de pixels
0xE8DE, 0xE8DE, 0xE8DE, 0xE8DE, 0xE8DE, 0xE8DE, 0xE8DE, 0xE8DE, 0xE8DE, 0xE8DE, 0xE8DE, 0xE8DE, 0xE8DE, 0xE8DE, 0xE8DE, 0x0C00,   // Linha de pixels
0x0C00, 0x0C00, 0x0C00, 0xE8DE, 0xE8DE, 0xE8DE, 0xE8DE, 0xE8DE, 0xE8DE, 0xE8DE, 0xE8DE, 0xE8DE, 0xE8DE, 0xE8DE, 0xE8DE, 0xE8DE,   // Linha de pixels
0xE8DE, 0xE8DE, 0xE8DE, 0xE8DE, 0xE8DE, 0xE8DE, 0xE8DE, 0xE8DE, 0xE8DE, 0x786F, 0x786F, 0x786F, 0x786F, 0x0000, 0x0000, 0x0000,   // Linha de pixels
0x0000, 0x0000, 0x0000, 0x0000, 0x0000, 0x0000, 0x0000, 0x0000, 0x0000, 0x0000, 0x0000, 0x0000, 0x0000, 0x0000, 0x0000, 0x0000,   // Linha de pixels
0x0000, 0x0000, 0x0000, 0x0000, 0x0000, 0x0000, 0x0000, 0x0000, 0x0000, 0x0000, 0x0000, 0x0804, 0x0804, 0x0804, 0x0804, 0x0804,   // Linha de pixels
0xD0DA, 0xD0DA, 0xD0DA, 0xD0DA, 0xE8DE, 0xE8DE, 0xE8DE, 0xE8DE, 0x0C10, 0x0C10, 0x0C10, 0x0C10, 0x0C10, 0xE8DE, 0xE8DE, 0xE8DE,   // Linha de pixels
0xE8DE, 0xE8DE, 0xE8DE, 0xE8DE, 0xE8DE, 0xE8DE, 0xE8DE, 0xE8DE, 0xE8DE, 0xE8DE, 0xE8DE, 0xE8DE, 0xE8DE, 0xE8DE, 0xE8DE, 0xE8DE,   // Linha de pixels
0xE8DE, 0xE8DE, 0xE8DE, 0xE8DE, 0xE8DE, 0xE8DE, 0xE8DE, 0xE8DE, 0xE8DE, 0xE8DE, 0xE8DE, 0xE8DE, 0xE8DE, 0xE8DE, 0xE8DE, 0xE8DE,   // Linha de pixels
0xE8DE, 0xE8DE, 0xE8DE, 0xE8DE, 0xE8DE, 0xE8DE, 0xE8DE, 0xE8DE, 0xE8DE, 0xE8DE, 0xE8DE, 0xE8DE, 0xD0DA, 0xD0DA, 0xD0DA, 0xD0DA,   // Linha de pixels
0x98B3, 0x98B3, 0x98B3, 0x98B3, 0x98B3, 0x40A9, 0x40A9, 0x40A9, 0x40A9, 0x0801, 0x0801, 0x0801, 0x0801, 0x0801, 0x0801, 0x0801,   // Linha de pixels
0x0801, 0x0801, 0x0C20, 0x0C20, 0x0C20, 0x0C20, 0x0000, 0x0000, 0x0000, 0x0000, 0x0000, 0x0000, 0x0000, 0x0000, 0x0000, 0x0000,   // Linha de pixels
0x0000, 0x0000, 0x0000, 0x0000, 0x0000, 0x0000, 0x0000, 0x0000, 0x0000, 0x0000, 0x0000, 0x0000, 0x3046, 0x3046, 0x3046, 0x3046,   // Linha de pixels
0x40A9, 0x40A9, 0x40A9, 0x40A9, 0x40A9, 0x40A9, 0x40A9, 0x40A9, 0x40A9, 0x40A9, 0x40A9, 0x40A9, 0x40A9, 0x710E, 0x710E, 0x710E,   // Linha de pixels
0x710E, 0xC1D8, 0xC1D8, 0xC1D8, 0xC1D8, 0xC1D8, 0xC1D8, 0xC1D8, 0xC1D8, 0xC1D8, 0xE1FC, 0xE1FC, 0xE1FC, 0xE1FC, 0xF9FF, 0xF9FF,   // Linha de pixels
0xF9FF, 0xF9FF, 0xF9FF, 0xF9FF, 0xF9FF, 0xF9FF, 0xF9FF, 0xF9FF, 0xF9FF, 0xF9FF, 0xF9FF, 0x0C30, 0x0C30, 0x0C30, 0x0C30, 0x0C30,   // Linha de pixels
0xF9FF, 0xF9FF, 0xF9FF, 0xF9FF, 0xF9FF, 0xF9FF, 0xF9FF, 0xF9FF, 0xF9FF, 0xF9FF, 0xF9FF, 0xF9FF, 0xF9FF, 0xF9FF, 0xF9FF, 0xF9FF,   // Linha de pixels
0xF9FF, 0xF9FF, 0xF9FF, 0xF9FF, 0xF9FF, 0xF9FF, 0xF9FF, 0xF9FF, 0xF9FF, 0xF9FF, 0xF9FF, 0xF9FF, 0xF9FF, 0xF9FF, 0xF9FF, 0xF9FF,   // Linha de pixels
0xF9FF, 0xF9FF, 0xF9FF, 0xF9FF, 0xF9FF, 0xF9FF, 0xF9FF, 0xF9FF, 0xF9FF, 0xF9FF, 0xF9FF, 0xA194, 0xA194, 0xA194, 0xA194, 0x3046,   // Linha de pixels
0x3046, 0x3046, 0x3046, 0x3046, 0x0000, 0x0000, 0x0000, 0x0000, 0x0000, 0x0000, 0x0000, 0x0000, 0x0000, 0x0000, 0x0000, 0x0000,   // Linha de pixels
0x0000, 0x0000, 0x0000, 0x0000, 0x0000, 0x98B3, 0x98B3, 0x98B3, 0x98B3, 0xE8DE, 0xE8DE, 0xE8DE, 0xE8DE, 0xE8DE, 0xE8DE, 0xE8DE,   // Linha de pixels
0xE8DE, 0xE8DE, 0xE8DE, 0xE8DE, 0xE8DE, 0xE8DE, 0xE8DE, 0xE8DE, 0xE8DE, 0xE8DE, 0xE8DE, 0xE8DE, 0xE8DE, 0xE8DE, 0xE8DE, 0x0C00,   // Linha de pixels
0x0C00, 0x0C00, 0x0C00, 0xE8DE, 0xE8DE, 0xE8DE, 0xE8DE, 0xE8DE, 0xE8DE, 0xE8DE, 0xE8DE, 0xE8DE, 0xE8DE, 0xE8DE, 0xE8DE, 0xE8DE,   // Linha de pixels
0xE8DE, 0xE8DE, 0xE8DE, 0xE8DE, 0xE8DE, 0xE8DE, 0xE8DE, 0xE8DE, 0xE8DE, 0x786F, 0x786F, 0x786F, 0x786F, 0x0000, 0x0000, 0x0000,   // Linha de pixels
0x0000, 0x0000, 0x0000, 0x0000, 0x0000, 0x0000, 0x0000, 0x0000, 0x0000, 0x0000, 0x0000, 0x0000, 0x0000, 0x0000, 0x0000, 0x0000,   // Linha de pixels
0x0000, 0x0000, 0x0000, 0x0000, 0x0000, 0x0000, 0x0000, 0x0000, 0x0000, 0x0000, 0x0000, 0x0804, 0x0804, 0x0804, 0x0804, 0x0804,   // Linha de pixels
0xD0DA, 0xD0DA, 0xD0DA, 0xD0DA, 0xE8DE, 0xE8DE, 0xE8DE, 0xE8DE, 0x0C10, 0x0C10, 0x0C10, 0x0C10, 0x0C10, 0xE8DE, 0xE8DE, 0xE8DE,   // Linha de pixels
0xE8DE, 0xE8DE, 0xE8DE, 0xE8DE, 0xE8DE, 0xE8DE, 0xE8DE, 0xE8DE, 0xE8DE, 0xE8DE, 0xE8DE, 0xE8DE, 0xE8DE, 0xE8DE, 0xE8DE, 0xE8DE,   // Linha de pixels
0xE8DE, 0xE8DE, 0xE8DE, 0xE8DE, 0xE8DE, 0xE8DE, 0xE8DE, 0xE8DE, 0xE8DE, 0xE8DE, 0xE8DE, 0xE8DE, 0xE8DE, 0xE8DE, 0xE8DE, 0xE8DE,   // Linha de pixels
0xE8DE, 0xE8DE, 0xE8DE, 0xE8DE, 0xE8DE, 0xE8DE, 0xE8DE, 0xE8DE, 0xE8DE, 0xE8DE, 0xE8DE, 0xE8DE, 0xD0DA, 0xD0DA, 0xD0DA, 0xD0DA,   // Linha de pixels
0x98B3, 0x98B3, 0x98B3, 0x98B3, 0x98B3, 0x40A9, 0x40A9, 0x40A9, 0x40A9, 0x0801, 0x0801, 0x0801, 0x0801, 0x0801, 0x0801, 0x0801,   // Linha de pixels
0x0801, 0x0801, 0x0C20, 0x0C20, 0x0C20, 0x0C20, 0x0000, 0x0000, 0x0000, 0x0000, 0x0000, 0x0000, 0x0000, 0x0000, 0x0000, 0x0000,   // Linha de pixels
0x0000, 0x0000, 0x0000, 0x0000, 0x0000, 0x0000, 0x0000, 0x0000, 0x0000, 0x0000, 0x0000, 0x0000, 0x3046, 0x3046, 0x3046, 0x3046,   // Linha de pixels
0x40A9, 0x40A9, 0x40A9, 0x40A9, 0x40A9, 0x40A9, 0x40A9, 0x40A9, 0x40A9, 0x40A9, 0x40A9, 0x40A9, 0x40A9, 0x710E, 0x710E, 0x710E,   // Linha de pixels
0x710E, 0xC1D8, 0xC1D8, 0xC1D8, 0xC1D8, 0xC1D8, 0xC1D8, 0xC1D8, 0xC1D8, 0xC1D8, 0xE1FC, 0xE1FC, 0xE1FC, 0xE1FC, 0xF9FF, 0xF9FF,   // Linha de pixels
0xF9FF, 0xF9FF, 0xF9FF, 0xF9FF, 0xF9FF, 0xF9FF, 0xF9FF, 0xF9FF, 0xF9FF, 0xF9FF, 0xF9FF, 0x0C30, 0x0C30, 0x0C30, 0x0C30, 0x0C30,   // Linha de pixels
0xF9FF, 0xF9FF, 0xF9FF, 0xF9FF, 0xF9FF, 0xF9FF, 0xF9FF, 0xF9FF, 0xF9FF, 0xF9FF, 0xF9FF, 0xF9FF, 0xF9FF, 0xF9FF, 0xF9FF, 0xF9FF,   // Linha de pixels
0xF9FF, 0xF9FF, 0xF9FF, 0xF9FF, 0xF9FF, 0xF9FF, 0xF9FF, 0xF9FF, 0xF9FF, 0xF9FF, 0xF9FF, 0xF9FF, 0xF9FF, 0xF9FF, 0xF9FF, 0xF9FF,   // Linha de pixels
0xF9FF, 0xF9FF, 0xF9FF, 0xF9FF, 0xF9FF, 0xF9FF, 0xF9FF, 0xF9FF, 0xF9FF, 0xF9FF, 0xF9FF, 0xA194, 0xA194, 0xA194, 0xA194, 0x3046,   // Linha de pixels
0x3046, 0x3046, 0x3046, 0x3046, 0x0000, 0x0000, 0x0000, 0x0000, 0x0000, 0x0000, 0x0000, 0x0000, 0x0000, 0x0000, 0x0000, 0x0000,   // Linha de pixels
0x0000, 0x0000, 0x0000, 0x0000, 0x0000, 0x0C40, 0x0C40, 0x0C40, 0x0C40, 0x0000, 0x0000, 0x0000, 0x0000, 0x0000, 0x0000, 0x0000,   // Linha de pixels
0x0000, 0x0000, 0x0000, 0x0000, 0x0000, 0x0000, 0x0000, 0x0000, 0x0000, 0x0000, 0xA194, 0xA194, 0xA194, 0xA194, 0xA194, 0xF9FF,   // Linha de pixels
0xF9FF, 0xF9FF, 0xF9FF, 0xF9FF, 0xF9FF, 0xF9FF, 0xF9FF, 0xF9FF, 0xF9FF, 0xF9FF, 0xF9FF, 0xF9FF, 0xF9FF, 0xF9FF, 0xF9FF, 0xF9FF,   // Linha de pixels
0xF9FF, 0xF9FF, 0xF9FF, 0xF9FF, 0xF9FF, 0xF9FF, 0xF9FF, 0xF9FF, 0xF9FF, 0xF9FF, 0xF9FF, 0xF9FF, 0xF9FF, 0xF9FF, 0xF9FF, 0xF9FF,   // Linha de pixels
0xF9FF, 0xF9FF, 0xF9FF, 0xF9FF, 0xF9FF, 0xF9FF, 0xF9FF, 0xF9FF, 0xF9FF, 0xF9FF, 0x8912, 0x8912, 0x8912, 0x8912, 0x0C50, 0x0C50,   // Linha de pixels
0x0C50, 0x0C50, 0x0C50, 0x0000, 0x0000, 0x0000, 0x0000, 0x0000, 0x0000, 0x0000, 0x0000, 0x0000, 0x0000, 0x0000, 0x0000, 0x0000,   // Linha de pixels
0x0000, 0x0000, 0x0000, 0x0000, 0x0000, 0x0000, 0x0000, 0x0000, 0x0000, 0x0000, 0x0000, 0x0000, 0x0000, 0x0000, 0x0000, 0x0000,   // Linha de pixels
0x0000, 0x0000, 0x0000, 0x0000, 0x0000, 0x3046, 0x3046, 0x3046, 0x3046, 0x3046, 0xA194, 0xA194, 0xA194, 0xA194, 0xF9FF, 0xF9FF,   // Linha de pixels
0xF9FF, 0xF9FF, 0xF9FF, 0xF9FF, 0xF9FF, 0xF9FF, 0xF9FF, 0xF9FF, 0xF9FF, 0xF9FF, 0xF9FF, 0xF9FF, 0xF9FF, 0xF9FF, 0xF9FF, 0xF9FF,   // Linha de pixels
0xF9FF, 0xF9FF, 0xF9FF, 0xF9FF, 0xF9FF, 0xF9FF, 0xF9FF, 0xF9FF, 0x0C60, 0x0C60, 0x0C60, 0x0C60, 0xF9FF, 0xF9FF, 0xF9FF, 0xF9FF,   // Linha de pixels
0xF9FF, 0xF9FF, 0xF9FF, 0xF9FF, 0xF9FF, 0xF9FF, 0xF9FF, 0xF9FF, 0xF9FF, 0xF9FF, 0xF9FF, 0xF9FF, 0xF9FF, 0xF9FF, 0xF9FF, 0xF9FF,   // Linha de pixels
0xF9FF, 0xF9FF, 0xF9FF, 0xF9FF, 0xF9FF, 0xF9FF, 0xF9FF, 0xF9FF, 0xF9FF, 0xF9FF, 0xE1FC, 0xE1FC, 0xE1FC, 0xE1FC, 0xE1FC, 0xC1D8,   // Linha de pixels
0xC1D8, 0xC1D8, 0xC1D8, 0xC1D8, 0xC1D8, 0xC1D8, 0xC1D8, 0x710E, 0x710E, 0x710E, 0x710E, 0x710E, 0x40A9, 0x40A9, 0x40A9, 0x40A9,   // Linha de pixels
0x40A9, 0x40A9, 0x40A9, 0x40A9, 0x40A9, 0x40A9, 0x40A9, 0x40A9, 0x40A9, 0x0000, 0x0000, 0x0000, 0x0000, 0x8A72, 0x8A72, 0x8A72,   // Linha de pixels
0x8A72, 0x0C70, 0x0C70, 0x0C70, 0x0C70, 0x0C70, 0xF47E, 0xF47E, 0xF47E, 0xF47E, 0xF47E, 0xF47E, 0xF47E, 0xF47E, 0xF47E, 0xF47E,   // Linha de pixels
0xF47E, 0xF47E, 0xF47E, 0xF47E, 0xF47E, 0xF47E, 0xF47E, 0xFC9F, 0xFC9F, 0xFC9F, 0xFC9F, 0xFC9F, 0xFC9F, 0xFC9F, 0xFC9F, 0xFC9F,   // Linha de pixels
0xFC9F, 0xFC9F, 0xFC9F, 0xFC9F, 0xFC9F, 0xFC9F, 0xFC9F, 0xFC9F, 0xFC9F, 0xFC9F, 0xFC9F, 0xFC9F, 0xFC9F, 0xFC9F, 0xFC9F, 0xFC9F,   // Linha de pixels
0xFC9F, 0xFC9F, 0xFC9F, 0xFC9F, 0xFC9F, 0xFC9F, 0xFC9F, 0xFC9F, 0xFC9F, 0xFC9F, 0xFC9F, 0xFC9F, 0xFC9F, 0xFC9F, 0xFC9F, 0xFC9F,   // Linha de pixels
0xFC9F, 0xFC9F, 0xFC9F, 0xFC9F, 0xFC9F, 0xFC9F, 0xFC9F, 0xFC9F, 0xFC9F, 0xFC9F, 0xFC9F, 0x0C80, 0x0C80, 0x0C80, 0x0C80, 0xFC9F,   // Linha de pixels
0xFC9F, 0xFC9F, 0xFC9F, 0xFC9F, 0xFC9F, 0xFC9F, 0xFC9F, 0xFC9F, 0xF47E, 0xF47E, 0xF47E, 0xF47E, 0x8A72, 0x8A72, 0x8A72, 0x8A72,   // Linha de pixels
0x0000, 0x0000, 0x0000, 0x0000, 0x0000, 0x0C40, 0x0C40, 0x0C40, 0x0C40, 0x0000, 0x0000, 0x0000, 0x0000, 0x0000, 0x0000, 0x0000,   // Linha de pixels
0x0000, 0x0000, 0x0000, 0x0000, 0x0000, 0x0000, 0x0000, 0x0000, 0x0000, 0x0000, 0xA194, 0xA194, 0xA194, 0xA194, 0xA194, 0xF9FF,   // Linha de pixels
0xF9FF, 0xF9FF, 0xF9FF, 0xF9FF, 0xF9FF, 0xF9FF, 0xF9FF, 0xF9FF, 0xF9FF, 0xF9FF, 0xF9FF, 0xF9FF, 0xF9FF, 0xF9FF, 0xF9FF, 0xF9FF,   // Linha de pixels
0xF9FF, 0xF9FF, 0xF9FF, 0xF9FF, 0xF9FF, 0xF9FF, 0xF9FF, 0xF9FF, 0xF9FF, 0xF9FF, 0xF9FF, 0xF9FF, 0xF9FF, 0xF9FF, 0xF9FF, 0xF9FF,   // Linha de pixels
0xF9FF, 0xF9FF, 0xF9FF, 0xF9FF, 0xF9FF, 0xF9FF, 0xF9FF, 0xF9FF, 0xF9FF, 0xF9FF, 0x8912, 0x8912, 0x8912, 0x8912, 0x0C50, 0x0C50,   // Linha de pixels
0x0C50, 0x0C50, 0x0C50, 0x0000, 0x0000, 0x0000, 0x0000, 0x0000, 0x0000, 0x0000, 0x0000, 0x0000, 0x0000, 0x0000, 0x0000, 0x0000,   // Linha de pixels
0x0000, 0x0000, 0x0000, 0x0000, 0x0000, 0x0000, 0x0000, 0x0000, 0x0000, 0x0000, 0x0000, 0x0000, 0x0000, 0x0000, 0x0000, 0x0000,   // Linha de pixels
0x0000, 0x0000, 0x0000, 0x0000, 0x0000, 0x3046, 0x3046, 0x3046, 0x3046, 0x3046, 0xA194, 0xA194, 0xA194, 0xA194, 0xF9FF, 0xF9FF,   // Linha de pixels
0xF9FF, 0xF9FF, 0xF9FF, 0xF9FF, 0xF9FF, 0xF9FF, 0xF9FF, 0xF9FF, 0xF9FF, 0xF9FF, 0xF9FF, 0xF9FF, 0xF9FF, 0xF9FF, 0xF9FF, 0xF9FF,   // Linha de pixels
0xF9FF, 0xF9FF, 0xF9FF, 0xF9FF, 0xF9FF, 0xF9FF, 0xF9FF, 0xF9FF, 0x0C60, 0x0C60, 0x0C60, 0x0C60, 0xF9FF, 0xF9FF, 0xF9FF, 0xF9FF,   // Linha de pixels
0xF9FF, 0xF9FF, 0xF9FF, 0xF9FF, 0xF9FF, 0xF9FF, 0xF9FF, 0xF9FF, 0xF9FF, 0xF9FF, 0xF9FF, 0xF9FF, 0xF9FF, 0xF9FF, 0xF9FF, 0xF9FF,   // Linha de pixels
0xF9FF, 0xF9FF, 0xF9FF, 0xF9FF, 0xF9FF, 0xF9FF, 0xF9FF, 0xF9FF, 0xF9FF, 0xF9FF, 0xE1FC, 0xE1FC, 0xE1FC, 0xE1FC, 0xE1FC, 0xC1D8,   // Linha de pixels
0xC1D8, 0xC1D8, 0xC1D8, 0xC1D8, 0xC1D8, 0xC1D8, 0xC1D8, 0x710E, 0x710E, 0x710E, 0x710E, 0x710E, 0x40A9, 0x40A9, 0x40A9, 0x40A9,   // Linha de pixels
0x40A9, 0x40A9, 0x40A9, 0x40A9, 0x40A9, 0x40A9, 0x40A9, 0x40A9, 0x40A9, 0x0000, 0x0000, 0x0000, 0x0000, 0x8A72, 0x8A72, 0x8A72,   // Linha de pixels
0x8A72, 0x0C70, 0x0C70, 0x0C70, 0x0C70, 0x0C70, 0xF47E, 0xF47E, 0xF47E, 0xF47E, 0xF47E, 0xF47E, 0xF47E, 0xF47E, 0xF47E, 0xF47E,   // Linha de pixels
0xF47E, 0xF47E, 0xF47E, 0xF47E, 0xF47E, 0xF47E, 0xF47E, 0xFC9F, 0xFC9F, 0xFC9F, 0xFC9F, 0xFC9F, 0xFC9F, 0xFC9F, 0xFC9F, 0xFC9F,   // Linha de pixels
0xFC9F, 0xFC9F, 0xFC9F, 0xFC9F, 0xFC9F, 0xFC9F, 0xFC9F, 0xFC9F, 0xFC9F, 0xFC9F, 0xFC9F, 0xFC9F, 0xFC9F, 0xFC9F, 0xFC9F, 0xFC9F,   // Linha de pixels
0xFC9F, 0xFC9F, 0xFC9F, 0xFC9F, 0xFC9F, 0xFC9F, 0xFC9F, 0xFC9F, 0xFC9F, 0xFC9F, 0xFC9F, 0xFC9F, 0xFC9F, 0xFC9F, 0xFC9F, 0xFC9F,   // Linha de pixels
0xFC9F, 0xFC9F, 0xFC9F, 0xFC9F, 0xFC9F, 0xFC9F, 0xFC9F, 0xFC9F, 0xFC9F, 0xFC9F, 0xFC9F, 0x0C80, 0x0C80, 0x0C80, 0x0C80, 0xFC9F,   // Linha de pixels
0xFC9F, 0xFC9F, 0xFC9F, 0xFC9F, 0xFC9F, 0xFC9F, 0xFC9F, 0xFC9F, 0xF47E, 0xF47E, 0xF47E, 0xF47E, 0x8A72, 0x8A72, 0x8A72, 0x8A72,   // Linha de pixels
0x4108, 0x4108, 0x4108, 0x4108, 0x4108, 0x0000, 0x0000, 0x0000, 0x0000, 0x0000, 0x0000, 0x0000, 0x0000, 0x0000, 0x0000, 0x0000,   // Linha de pixels
0x0000, 0x0000, 0x0000, 0x0000, 0x0000, 0x0000, 0x0000, 0x0000, 0x0000, 0x0000, 0x0000, 0x0000, 0x0000, 0x0000, 0x0000, 0x0000,   // Linha de pixels
0x0000, 0x0000, 0x0000, 0x0000, 0x0000, 0x0000, 0x0000, 0x0020, 0x0020, 0x0020, 0x0020, 0x0020, 0xAB55, 0xAB55, 0xAB55, 0xAB55,   // Linha de pixels
0xFC9F, 0xFC9F, 0xFC9F, 0xFC9F, 0x0C90, 0x0C90, 0x0C90, 0x0C90, 0x0C90, 0xFC9F, 0xFC9F, 0xFC9F, 0xFC9F, 0xFC9F, 0xFC9F, 0xFC9F,   // Linha de pixels
0xFC9F, 0xFC9F, 0xFC9F, 0xFC9F, 0xFC9F, 0xFC9F, 0xFC9F, 0xFC9F, 0xFC9F, 0xFC9F, 0xFC9F, 0xFC9F, 0xFC9F, 0xFC9F, 0xFC9F, 0xFC9F,   // Linha de pixels
0xFC9F, 0xFC9F, 0xFC9F, 0xFC9F, 0xFC9F, 0xFC9F, 0xFC9F, 0xFC9F, 0xFC9F, 0xFC9F, 0xFC9F, 0xFC9F, 0xFC9F, 0xFC9F, 0xFC9F, 0xFC9F,   // Linha de pixels
0x8A72, 0x8A72, 0x8A72, 0x8A72, 0x0000, 0x0000, 0x0000, 0x0000, 0x0000, 0x0000, 0x0000, 0x0000, 0x0000, 0x0000, 0x0000, 0x0000,   // Linha de pixels
0x0000, 0x0000, 0x0000, 0x0000, 0x0000, 0x0000, 0x0000, 0x0000, 0x0000, 0x0000, 0x0000, 0x0000, 0x0000, 0x0000, 0x0CA0, 0x0CA0,   // Linha de pixels
0x0CA0, 0x0CA0, 0x0000, 0x0000, 0x0000, 0x0000, 0x0000, 0x0000, 0x0000, 0x0000, 0x0000, 0x0801, 0x0801, 0x0801, 0x0801, 0x4149,   // Linha de pixels
0x4149, 0x4149, 0x4149, 0x4149, 0xAAB5, 0xAAB5, 0xAAB5, 0xAAB5, 0xF47E, 0xF47E, 0xF47E, 0xF47E, 0xFC9F, 0xFC9F, 0xFC9F, 0xFC9F,   // Linha de pixels
0xFC9F, 0xFC9F, 0xFC9F, 0xFC9F, 0xFC9F, 0xFC9F, 0xFC9F, 0xFC9F, 0xFC9F, 0xFC9F, 0xFC9F, 0xFC9F, 0xFC9F, 0xFC9F, 0xFC9F, 0xFC9F,   // Linha de pixels
0xFC9F, 0xFC9F, 0xFC9F, 0xFC9F, 0xFC9F, 0xFC9F, 0xFC9F, 0xFC9F, 0xFC9F, 0xFC9F, 0xFC9F, 0xFC9F, 0xFC9F, 0xFC9F, 0xFC9F, 0xFC9F,   // Linha de pixels
0xFC9F, 0xFC9F, 0xFC9F, 0xFC9F, 0xFC9F, 0xFC9F, 0xFC9F, 0x0CB0, 0x0CB0, 0x0CB0, 0x0CB0, 0x0CB0, 0xFC9F, 0xFC9F, 0xFC9F, 0xFC9F,   // Linha de pixels
0xFC9F, 0xFC9F, 0xFC9F, 0xFC9F, 0xFC9F, 0xFC9F, 0xFC9F, 0xFC9F, 0xFC9F, 0xFC9F, 0xFC9F, 0xFC9F, 0xFC9F, 0xF47E, 0xF47E, 0xF47E,   // Linha de pixels
0xF47E, 0xF47E, 0xF47E, 0xF47E, 0xF47E, 0xF47E, 0xF47E, 0xF47E, 0xF47E, 0xF47E, 0xF47E, 0xF47E, 0xF47E, 0xF47E, 0x0000, 0x0000,   // Linha de pixels
0x0000, 0x0000, 0x0000, 0x7B30, 0x7B30, 0x7B30, 0x7B30, 0xE5BE, 0xE5BE, 0xE5BE, 0xE5BE, 0xDD9E, 0xDD9E, 0xDD9E, 0xDD9E, 0xDD9E,   // Linha de pixels
0xDD9E, 0xDD9E, 0xDD9E, 0xDD9E, 0xDD9E, 0xDD9E, 0xDD9E, 0xDD9E, 0xDD9E, 0xDD9E, 0xDD9E, 0xDD9E, 0xDD9E, 0xDD9E, 0xDD9E, 0xDD9E,   // Linha de pixels
0xDD9E, 0x0CC0, 0x0CC0, 0x0CC0, 0x0CC0, 0xDD9E, 0xDD9E, 0xDD9E, 0xDD9E, 0xDD9E, 0xDD9E, 0xDD9E, 0xDD9E, 0xDD9E, 0xDD9E, 0xDD9E,   // Linha de pixels
0xDD9E, 0xDD9E, 0xDD9E, 0xDD9E, 0xDD9E, 0xDD9E, 0xDD9E, 0xDD9E, 0xDD9E, 0xDD9E, 0xDD9E, 0xDD9E, 0xDD9E, 0xDD9E, 0xDD9E, 0xDD9E,   // Linha de pixels
0xDD9E, 0xDD9E, 0xDD9E, 0xDD9E, 0xDD9E, 0xDD9E, 0xDD9E, 0xDD9E, 0xDD9E, 0xDD9E, 0xDD9E, 0xDD9E, 0xDD9E, 0xDD9E, 0xDD9E, 0xDD9E,   // Linha de pixels
0x4108, 0x4108, 0x4108, 0x4108, 0x4108, 0x0000, 0x0000, 0x0000, 0x0000, 0x0000, 0x0000, 0x0000, 0x0000, 0x0000, 0x0000, 0x0000,   // Linha de pixels
0x0000, 0x0000, 0x0000, 0x0000, 0x0000, 0x0000, 0x0000, 0x0000, 0x0000, 0x0000, 0x0000, 0x0000, 0x0000, 0x0000, 0x0000, 0x0000,   // Linha de pixels
0x0000, 0x0000, 0x0000, 0x0000, 0x0000, 0x0000, 0x0000, 0x0020, 0x0020, 0x0020, 0x0020, 0x0020, 0xAB55, 0xAB55, 0xAB55, 0xAB55,   // Linha de pixels
0xFC9F, 0xFC9F, 0xFC9F, 0xFC9F, 0x0C90, 0x0C90, 0x0C90, 0x0C90, 0x0C90, 0xFC9F, 0xFC9F, 0xFC9F, 0xFC9F, 0xFC9F, 0xFC9F, 0xFC9F,   // Linha de pixels
0xFC9F, 0xFC9F, 0xFC9F, 0xFC9F, 0xFC9F, 0xFC9F, 0xFC9F, 0xFC9F, 0xFC9F, 0xFC9F, 0xFC9F, 0xFC9F, 0xFC9F, 0xFC9F, 0xFC9F, 0xFC9F,   // Linha de pixels
0xFC9F, 0xFC9F, 0xFC9F, 0xFC9F, 0xFC9F, 0xFC9F, 0xFC9F, 0xFC9F, 0xFC9F, 0xFC9F, 0xFC9F, 0xFC9F, 0xFC9F, 0xFC9F, 0xFC9F, 0xFC9F,   // Linha de pixels
0x8A72, 0x8A72, 0x8A72, 0x8A72, 0x0000, 0x0000, 0x0000, 0x0000, 0x0000, 0x0000, 0x0000, 0x0000, 0x0000, 0x0000, 0x0000, 0x0000,   // Linha de pixels
0x0000, 0x0000, 0x0000, 0x0000, 0x0000, 0x0000, 0x0000, 0x0000, 0x0000, 0x0000, 0x0000, 0x0000, 0x0000, 0x0000, 0x0CA0, 0x0CA0,   // Linha de pixels
0x0CA0, 0x0CA0, 0x0000, 0x0000, 0x0000, 0x0000, 0x0000, 0x0000, 0x0000, 0x0000, 0x0000, 0x0801, 0x0801, 0x0801, 0x0801, 0x4149,   // Linha de pixels
0x4149, 0x4149, 0x4149, 0x4149, 0xAAB5, 0xAAB5, 0xAAB5, 0xAAB5, 0xF47E, 0xF47E, 0xF47E, 0xF47E, 0xFC9F, 0xFC9F, 0xFC9F, 0xFC9F,   // Linha de pixels
0xFC9F, 0xFC9F, 0xFC9F, 0xFC9F, 0xFC9F, 0xFC9F, 0xFC9F, 0xFC9F, 0xFC9F, 0xFC9F, 0xFC9F, 0xFC9F, 0xFC9F, 0xFC9F, 0xFC9F, 0xFC9F,   // Linha de pixels
0xFC9F, 0xFC9F, 0xFC9F, 0xFC9F, 0xFC9F, 0xFC9F, 0xFC9F, 0xFC9F, 0xFC9F, 0xFC9F, 0xFC9F, 0xFC9F, 0xFC9F, 0xFC9F, 0xFC9F, 0xFC9F,   // Linha de pixels
0xFC9F, 0xFC9F, 0xFC9F, 0xFC9F, 0xFC9F, 0xFC9F, 0xFC9F, 0x0CB0, 0x0CB0, 0x0CB0, 0x0CB0, 0x0CB0, 0xFC9F, 0xFC9F, 0xFC9F, 0xFC9F,   // Linha de pixels
0xFC9F, 0xFC9F, 0xFC9F, 0xFC9F, 0xFC9F, 0xFC9F, 0xFC9F, 0xFC9F, 0xFC9F, 0xFC9F, 0xFC9F, 0xFC9F, 0xFC9F, 0xF47E, 0xF47E, 0xF47E,   // Linha de pixels
0xF47E, 0xF47E, 0xF47E, 0xF47E, 0xF47E, 0xF47E, 0xF47E, 0xF47E, 0xF47E, 0xF47E, 0xF47E, 0xF47E, 0xF47E, 0xF47E, 0x0000, 0x0000,   // Linha de pixels
0x0000, 0x0000, 0x0000, 0x7B30, 0x7B30, 0x7B30, 0x7B30, 0xE5BE, 0xE5BE, 0xE5BE, 0xE5BE, 0xDD9E, 0xDD9E, 0xDD9E, 0xDD9E, 0xDD9E,   // Linha de pixels
0xDD9E, 0xDD9E, 0xDD9E, 0xDD9E, 0xDD9E, 0xDD9E, 0xDD9E, 0xDD9E, 0xDD9E, 0xDD9E, 0xDD9E, 0xDD9E, 0xDD9E, 0xDD9E, 0xDD9E, 0xDD9E,   // Linha de pixels
0xDD9E, 0x0CC0, 0x0CC0, 0x0CC0, 0x0CC0, 0xDD9E, 0xDD9E, 0xDD9E, 0xDD9E, 0xDD9E, 0xDD9E, 0xDD9E, 0xDD9E, 0xDD9E, 0xDD9E, 0xDD9E,   // Linha de pixels
0xDD9E, 0xDD9E, 0xDD9E, 0xDD9E, 0xDD9E, 0xDD9E, 0xDD9E, 0xDD9E, 0xDD9E, 0xDD9E, 0xDD9E, 0xDD9E, 0xDD9E, 0xDD9E, 0xDD9E, 0xDD9E,   // Linha de pixels
0xDD9E, 0xDD9E, 0xDD9E, 0xDD9E, 0xDD9E, 0xDD9E, 0xDD9E, 0xDD9E, 0xDD9E, 0xDD9E, 0xDD9E, 0xDD9E, 0xDD9E, 0xDD9E, 0xDD9E, 0xDD9E,   // Linha de pixels
0x4108, 0x4108, 0x4108, 0x4108, 0x4108, 0x0000, 0x0000, 0x0000, 0x0000, 0x0000, 0x0000, 0x0000, 0x0000, 0x0000, 0x0000, 0x0000,   // Linha de pixels
0x0000, 0x0000, 0x0000, 0x0000, 0x0000, 0x0000, 0x0000, 0x0000, 0x0000, 0x0000, 0x0000, 0x0000, 0x0000, 0x0000, 0x0000, 0x0000,   // Linha de pixels
0x0000, 0x0000, 0x0000, 0x0000, 0x0000, 0x0000, 0x0000, 0x0020, 0x0020, 0x0020, 0x0020, 0x0020, 0xAB55, 0xAB55, 0xAB55, 0xAB55,   // Linha de pixels
0xFC9F, 0xFC9F, 0xFC9F, 0xFC9F, 0x0C90, 0x0C90, 0x0C90, 0x0C90, 0x0C90, 0xFC9F, 0xFC9F, 0xFC9F, 0xFC9F, 0xFC9F, 0xFC9F, 0xFC9F,   // Linha de pixels
0xFC9F, 0xFC9F, 0xFC9F, 0xFC9F, 0xFC9F, 0xFC9F, 0xFC9F, 0xFC9F, 0xFC9F, 0xFC9F, 0xFC9F, 0xFC9F, 0xFC9F, 0xFC9F, 0xFC9F, 0xFC9F,   // Linha de pixels
0xFC9F, 0xFC9F, 0xFC9F, 0xFC9F, 0xFC9F, 0xFC9F, 0xFC9F, 0xFC9F, 0xFC9F, 0xFC9F, 0xFC9F, 0xFC9F, 0xFC9F, 0xFC9F, 0xFC9F, 0xFC9F,   // Linha de pixels
0x8A72, 0x8A72, 0x8A72, 0x8A72, 0x0000, 0x0000, 0x0000, 0x0000, 0x0000, 0x0000, 0x0000, 0x0000, 0x0000, 0x0000, 0x0000, 0x0000,   // Linha de pixels
0x0000, 0x0000, 0x0000, 0x0000, 0x0000, 0x0000, 0x0000, 0x0000, 0x0000, 0x0000, 0x0000, 0x0000, 0x0000, 0x0000, 0x0CA0, 0x0CA0,   // Linha de pixels
0x0CA0, 0x0CA0, 0x0000, 0x0000, 0x0000, 0x0000, 0x0000, 0x0000, 0x0000, 0x0000, 0x0000, 0x0801, 0x0801, 0x0801, 0x0801, 0x4149,   // Linha de pixels
0x4149, 0x4149, 0x4149, 0x4149, 0xAAB5, 0xAAB5, 0xAAB5, 0xAAB5, 0xF47E, 0xF47E, 0xF47E, 0xF47E, 0xFC9F, 0xFC9F, 0xFC9F, 0xFC9F,   // Linha de pixels
0xFC9F, 0xFC9F, 0xFC9F, 0xFC9F, 0xFC9F, 0xFC9F, 0xFC9F, 0xFC9F, 0xFC9F, 0xFC9F, 0xFC9F, 0xFC9F, 0xFC9F, 0xFC9F, 0xFC9F, 0xFC9F,   // Linha de pixels
0xFC9F, 0xFC9F, 0xFC9F, 0xFC9F, 0xFC9F, 0xFC9F, 0xFC9F, 0xFC9F, 0xFC9F, 0xFC9F, 0xFC9F, 0xFC9F, 0xFC9F, 0xFC9F, 0xFC9F, 0xFC9F,   // Linha de pixels
0xFC9F, 0xFC9F, 0xFC9F, 0xFC9F, 0xFC9F, 0xFC9F, 0xFC9F, 0x0CB0, 0x0CB0, 0x0CB0, 0x0CB0, 0x0CB0, 0xFC9F, 0xFC9F, 0xFC9F, 0xFC9F,   // Linha de pixels
0xFC9F, 0xFC9F, 0xFC9F, 0xFC9F, 0xFC9F, 0xFC9F, 0xFC9F, 0xFC9F, 0xFC9F, 0xFC9F, 0xFC9F, 0xFC9F, 0xFC9F, 0xF47E, 0xF47E, 0xF47E,   // Linha de pixels
0xF47E, 0xF47E, 0xF47E, 0xF47E, 0xF47E, 0xF47E, 0xF47E, 0xF47E, 0xF47E, 0xF47E, 0xF47E, 0xF47E, 0xF47E, 0xF47E, 0x0000, 0x0000,   // Linha de pixels
0x0000, 0x0000, 0x0000, 0x7B30, 0x7B30, 0x7B30, 0x7B30, 0xE5BE, 0xE5BE, 0xE5BE, 0xE5BE, 0xDD9E, 0xDD9E, 0xDD9E, 0xDD9E, 0xDD9E,   // Linha de pixels
0xDD9E, 0xDD9E, 0xDD9E, 0xDD9E, 0xDD9E, 0xDD9E, 0xDD9E, 0xDD9E, 0xDD9E, 0xDD9E, 0xDD9E, 0xDD9E, 0xDD9E, 0xDD9E, 0xDD9E, 0xDD9E,   // Linha de pixels
0xDD9E, 0x0CC0, 0x0CC0, 0x0CC0, 0x0CC0, 0xDD9E, 0xDD9E, 0xDD9E, 0xDD9E, 0xDD9E, 0xDD9E, 0xDD9E, 0xDD9E, 0xDD9E, 0xDD9E, 0xDD9E,   // Linha de pixels
0xDD9E, 0xDD9E, 0xDD9E, 0xDD9E, 0xDD9E, 0xDD9E, 0xDD9E, 0xDD9E, 0xDD9E, 0xDD9E, 0xDD9E, 0xDD9E, 0xDD9E, 0xDD9E, 0xDD9E, 0xDD9E,   // Linha de pixels
0xDD9E, 0xDD9E, 0xDD9E, 0xDD9E, 0xDD9E, 0xDD9E, 0xDD9E, 0xDD9E, 0xDD9E, 0xDD9E, 0xDD9E, 0xDD9E, 0xDD9E, 0xDD9E, 0xDD9E, 0xDD9E,   // Linha de pixels
0xDD9E, 0xDD9E, 0xDD9E, 0xDD9E, 0xDD9E, 0xDD9E, 0xDD9E, 0xDD9E, 0xDD9E, 0xC4F8, 0xC4F8, 0xC4F8, 0xC4F8, 0x2104, 0x2104, 0x2104,   // Linha de pixels
0x2104, 0x2104, 0x0000, 0x0000, 0x0000, 0x0000, 0x0000, 0x0000, 0x0000, 0x0000, 0x0CD0, 0x0CD0, 0x0CD0, 0x0CD0, 0x0CD0, 0x0000,   // Linha de pixels
0x0000, 0x0000, 0x0000, 0x0000, 0x0000, 0x0000, 0x0000, 0x0000, 0x0000, 0x0000, 0x0000, 0x0000, 0x0000, 0x0000, 0x0000, 0x0000,   // Linha de pixels
0x0000, 0x0000, 0x0000, 0x0000, 0x0000, 0x0000, 0x0000, 0x0000, 0x0000, 0x0000, 0x0000, 0x0000, 0x0000, 0x0020, 0x0020, 0x0020,   // Linha de pixels
0x0020, 0x9BB3, 0x9BB3, 0x9BB3, 0x9BB3, 0x9BB3, 0xE5BE, 0xE5BE, 0xE5BE, 0xE5BE, 0xDD9E, 0xDD9E, 0xDD9E, 0xDD9E, 0xDD9E, 0xDD9E,   // Linha de pixels
0xDD9E, 0xDD9E, 0xDD9E, 0xDD9E, 0xDD9E, 0xDD9E, 0xDD9E, 0xDD9E, 0xDD9E, 0xDD9E, 0xDD9E, 0xDD9E, 0xDD9E, 0xDD9E, 0xDD9E, 0xDD9E,   // Linha de pixels
0xDD9E, 0xDD9E, 0xDD9E, 0xDD9E, 0x0CE0, 0x0CE0, 0x0CE0, 0x0CE0, 0xDD9E, 0xDD9E, 0xDD9E, 0xDD9E, 0xDD9E, 0xDD9E, 0xDD9E, 0xDD9E,   // Linha de pixels
0xDD9E, 0xE5BE, 0xE5BE, 0xE5BE, 0xE5BE, 0x7B30, 0x7B30, 0x7B30, 0x7B30, 0x7B30, 0x0000, 0x0000, 0x0000, 0x0000, 0x0000, 0x0000,   // Linha de pixels
0x0000, 0x0000, 0x0000, 0x0000, 0x0000, 0x0000, 0x0000, 0x0000, 0x0000, 0x0000, 0x0000, 0x0000, 0x0000, 0x0000, 0x0000, 0x0000,   // Linha de pixels
0x0000, 0x0000, 0x0000, 0x0000, 0x0000, 0x0000, 0x0000, 0x0000, 0x0000, 0x0000, 0x0000, 0x0000, 0x0000, 0x0000, 0x0000, 0x0000,   // Linha de pixels
0x0000, 0x0000, 0x0000, 0x0000, 0x0000, 0x3186, 0x3186, 0x3186, 0x3186, 0xD55A, 0xD55A, 0xD55A, 0xD55A, 0x0CF0, 0x0CF0, 0x0CF0,   // Linha de pixels
0x0CF0, 0x0CF0, 0xDD9E, 0xDD9E, 0xDD9E, 0xDD9E, 0xDD9E, 0xDD9E, 0xDD9E, 0xDD9E, 0xDD9E, 0xDD9E, 0xDD9E, 0xDD9E, 0xDD9E, 0xDD9E,   // Linha de pixels
0xDD9E, 0xDD9E, 0xDD9E, 0xDD9E, 0xDD9E, 0xDD9E, 0xDD9E, 0xDD9E, 0xDD9E, 0xDD9E, 0xDD9E, 0xDD9E, 0xDD9E, 0xDD9E, 0xDD9E, 0xDD9E,   // Linha de pixels
0xDD9E, 0xDD9E, 0xDD9E, 0xDD9E, 0xDD9E, 0xDD9E, 0xDD9E, 0xDD9E, 0xDD9E, 0xDD9E, 0xDD9E, 0xDD9E, 0xDD9E, 0xDD9E, 0xDD9E, 0xDD9E,   // Linha de pixels
0xDD9E, 0xDD9E, 0xDD9E, 0xDD9E, 0xDD9E, 0xDD9E, 0xDD9E, 0xDD9E, 0xDD9E, 0xDD9E, 0xDD9E, 0xDD9E, 0xDD9E, 0xDD9E, 0xDD9E, 0xDD9E,   // Linha de pixels
0xDD9E, 0xDD9E, 0xDD9E, 0xDD9E, 0xDD9E, 0xDD9E, 0xDD9E, 0x0D00, 0x0D00, 0x0D00, 0x0D00, 0xDD9E, 0xDD9E, 0xDD9E, 0xDD9E, 0xDD9E,   // Linha de pixels
0xDD9E, 0xDD9E, 0xDD9E, 0xDD9E, 0x0000, 0x0000, 0x0000, 0x0000, 0x206C, 0x206C, 0x206C, 0x206C, 0x206C, 0x38B5, 0x38B5, 0x38B5,   // Linha de pixels
0x38B5, 0x38B5, 0x38B5, 0x38B5, 0x38B5, 0x38B5, 0x38B5, 0x38B5, 0x38B5, 0x38B5, 0x38B5, 0x38B5, 0x38B5, 0x38B5, 0x38B5, 0x38B5,   // Linha de pixels
0x38B5, 0x38B5, 0x38B5, 0x38B5, 0x38B5, 0x38B5, 0x38B5, 0x38B5, 0x38B5, 0x38B5, 0x38B5, 0x38B5, 0x38B5, 0x38B5, 0x38B5, 0x38B5,   // Linha de pixels
0x38B5, 0x38B5, 0x38B5, 0x38B5, 0x38B5, 0x38B5, 0x38B5, 0x38B5, 0x38B5, 0x38B5, 0x38B5, 0x38B5, 0x38B5, 0x38B5, 0x38B5, 0x38B5,   // Linha de pixels
0xDD9E, 0xDD9E, 0xDD9E, 0xDD9E, 0xDD9E, 0xDD9E, 0xDD9E, 0xDD9E, 0xDD9E, 0xC4F8, 0xC4F8, 0xC4F8, 0xC4F8, 0x2104, 0x2104, 0x2104,   // Linha de pixels
0x2104, 0x2104, 0x0000, 0x0000, 0x0000, 0x0000, 0x0000, 0x0000, 0x0000, 0x0000, 0x0CD0, 0x0CD0, 0x0CD0, 0x0CD0, 0x0CD0, 0x0000,   // Linha de pixels
0x0000, 0x0000, 0x0000, 0x0000, 0x0000, 0x0000, 0x0000, 0x0000, 0x0000, 0x0000, 0x0000, 0x0000, 0x0000, 0x0000, 0x0000, 0x0000,   // Linha de pixels
0x0000, 0x0000, 0x0000, 0x0000, 0x0000, 0x0000, 0x0000, 0x0000, 0x0000, 0x0000, 0x0000, 0x0000, 0x0000, 0x0020, 0x0020, 0x0020,   // Linha de pixels
0x0020, 0x9BB3, 0x9BB3, 0x9BB3, 0x9BB3, 0x9BB3, 0xE5BE, 0xE5BE, 0xE5BE, 0xE5BE, 0xDD9E, 0xDD9E, 0xDD9E, 0xDD9E, 0xDD9E, 0xDD9E,   // Linha de pixels
0xDD9E, 0xDD9E, 0xDD9E, 0xDD9E, 0xDD9E, 0xDD9E, 0xDD9E, 0xDD9E, 0xDD9E, 0xDD9E, 0xDD9E, 0xDD9E, 0xDD9E, 0xDD9E, 0xDD9E, 0xDD9E,   // Linha de pixels
0xDD9E, 0xDD9E, 0xDD9E, 0xDD9E, 0x0CE0, 0x0CE0, 0x0CE0, 0x0CE0, 0xDD9E, 0xDD9E, 0xDD9E, 0xDD9E, 0xDD9E, 0xDD9E, 0xDD9E, 0xDD9E,   // Linha de pixels
0xDD9E, 0xE5BE, 0xE5BE, 0xE5BE, 0xE5BE, 0x7B30, 0x7B30, 0x7B30, 0x7B30, 0x7B30, 0x0000, 0x0000, 0x0000, 0x0000, 0x0000, 0x0000,   // Linha de pixels
0x0000, 0x0000, 0x0000, 0x0000, 0x0000, 0x0000, 0x0000, 0x0000, 0x0000, 0x0000, 0x0000, 0x0000, 0x0000, 0x0000, 0x0000, 0x0000,   // Linha de pixels
0x0000, 0x0000, 0x0000, 0x0000, 0x0000, 0x0000, 0x0000, 0x0000, 0x0000, 0x0000, 0x0000, 0x0000, 0x0000, 0x0000, 0x0000, 0x0000,   // Linha de pixels
0x0000, 0x0000, 0x0000, 0x0000, 0x0000, 0x3186, 0x3186, 0x3186, 0x3186, 0xD55A, 0xD55A, 0xD55A, 0xD55A, 0x0CF0, 0x0CF0, 0x0CF0,   // Linha de pixels
0x0CF0, 0x0CF0, 0xDD9E, 0xDD9E, 0xDD9E, 0xDD9E, 0xDD9E, 0xDD9E, 0xDD9E, 0xDD9E, 0xDD9E, 0xDD9E, 0xDD9E, 0xDD9E, 0xDD9E, 0xDD9E,   // Linha de pixels
0xDD9E, 0xDD9E, 0xDD9E, 0xDD9E, 0xDD9E, 0xDD9E, 0xDD9E, 0xDD9E, 0xDD9E, 0xDD9E, 0xDD9E, 0xDD9E, 0xDD9E, 0xDD9E, 0xDD9E, 0xDD9E,   // Linha de pixels
0xDD9E, 0xDD9E, 0xDD9E, 0xDD9E, 0xDD9E, 0xDD9E, 0xDD9E, 0xDD9E, 0xDD9E, 0xDD9E, 0xDD9E, 0xDD9E, 0xDD9E, 0xDD9E, 0xDD9E, 0xDD9E,   // Linha de pixels
0xDD9E, 0xDD9E, 0xDD9E, 0xDD9E, 0xDD9E, 0xDD9E, 0xDD9E, 0xDD9E, 0xDD9E, 0xDD9E, 0xDD9E, 0xDD9E, 0xDD9E, 0xDD9E, 0xDD9E, 0xDD9E,   // Linha de pixels
0xDD9E, 0xDD9E, 0xDD9E, 0xDD9E, 0xDD9E, 0xDD9E, 0xDD9E, 0x0D00, 0x0D00, 0x0D00, 0x0D00, 0xDD9E, 0xDD9E, 0xDD9E, 0xDD9E, 0xDD9E,   // Linha de pixels
0xDD9E, 0xDD9E, 0xDD9E, 0xDD9E, 0x0000, 0x0000, 0x0000, 0x0000, 0x206C, 0x206C, 0x206C, 0x206C, 0x206C, 0x38B5, 0x38B5, 0x38B5,   // Linha de pixels
0x38B5, 0x38B5, 0x38B5, 0x38B5, 0x38B5, 0x38B5, 0x38B5, 0x38B5, 0x38B5, 0x38B5, 0x38B5, 0x38B5, 0x38B5, 0x38B5, 0x38B5, 0x38B5,   // Linha de pixels
0x38B5, 0x38B5, 0x38B5, 0x38B5, 0x38B5, 0x38B5, 0x38B5, 0x38B5, 0x38B5, 0x38B5, 0x38B5, 0x38B5, 0x38B5, 0x38B5, 0x38B5, 0x38B5,   // Linha de pixels
0x38B5, 0x38B5, 0x38B5, 0x38B5, 0x38B5, 0x38B5, 0x38B5, 0x38B5, 0x38B5, 0x38B5, 0x38B5, 0x38B5, 0x38B5, 0x38B5, 0x38B5, 0x38B5,   // Linha de pixels
0x0D10, 0x0D10, 0x0D10, 0x0D10, 0x0D10, 0x38B5, 0x38B5, 0x38B5, 0x38B5, 0x38B5, 0x38B5, 0x38B5, 0x38B5, 0x38B5, 0x38B5, 0x38B5,   // Linha de pixels
0x38B5, 0x38B5, 0x38B5, 0x38B5, 0x38B5, 0x38B5, 0x38B5, 0x38B5, 0x38B5, 0x38B5, 0x406F, 0x406F, 0x406F, 0x406F, 0x406F, 0x18A2,   // Linha de pixels
0x18A2, 0x18A2, 0x18A2, 0x0000, 0x0000, 0x0000, 0x0000, 0x0000, 0x0000, 0x0000, 0x0000, 0x0000, 0x0000, 0x0000, 0x0000, 0x0000,   // Linha de pixels
0x0000, 0x0000, 0x0000, 0x0000, 0x0000, 0x0000, 0x0000, 0x0000, 0x0000, 0x0000, 0x0000, 0x0000, 0x0000, 0x0000, 0x0000, 0x0000,   // Linha de pixels
0x0000, 0x0000, 0x0000, 0x0000, 0x0000, 0x0000, 0x0000, 0x0000, 0x0000, 0x0000, 0x0D20, 0x0D20, 0x0D20, 0x0D20, 0x0000, 0x0000,   // Linha de pixels
0x0000, 0x0000, 0x0000, 0x0801, 0x0801, 0x0801, 0x0801, 0x206C, 0x206C, 0x206C, 0x206C, 0x38B5, 0x38B5, 0x38B5, 0x38B5, 0x38B5,   // Linha de pixels
0x38B5, 0x38B5, 0x38B5, 0x38B5, 0x38B5, 0x38B5, 0x38B5, 0x38B5, 0x38B5, 0x38B5, 0x38B5, 0x38B5, 0x38B5, 0x38B5, 0x38B5, 0x38B5,   // Linha de pixels
0x38B5, 0x38B5, 0x38B5, 0x38B5, 0x38B5, 0x38B5, 0x38B5, 0x38B5, 0x38B5, 0x38B5, 0x38B5, 0x38B5, 0x38B5, 0x38B5, 0x38B5, 0x38B5,   // Linha de pixels
0x38B5, 0x38B5, 0x38B5, 0x38B5, 0x38B5, 0x38B5, 0x38B5, 0x206C, 0x206C, 0x206C, 0x206C, 0x0000, 0x0000, 0x0000, 0x0000, 0x0000,   // Linha de pixels
0x0000, 0x0000, 0x0000, 0x0000, 0x0D30, 0x0D30, 0x0D30, 0x0D30, 0x0000, 0x0000, 0x0000, 0x0000, 0x0000, 0x0000, 0x0000, 0x0000,   // Linha de pixels
0x0000, 0x0000, 0x0000, 0x0000, 0x0000, 0x0000, 0x0000, 0x0000, 0x0000, 0x0000, 0x0000, 0x0000, 0x0000, 0x0000, 0x0000, 0x0000,   // Linha de pixels
0x0000, 0x0000, 0x0000, 0x0000, 0x0000, 0x0000, 0x0000, 0x0000, 0x0000, 0x0000, 0x0801, 0x0801, 0x0801, 0x0801, 0x0801, 0x18C3,   // Linha de pixels
0x18C3, 0x18C3, 0x18C3, 0x406F, 0x406F, 0x406F, 0x406F, 0x38B5, 0x38B5, 0x38B5, 0x38B5, 0x38B5, 0x38B5, 0x38B5, 0x38B5, 0x38B5,   // Linha de pixels
0x38B5, 0x38B5, 0x38B5, 0x38B5, 0x38B5, 0x38B5, 0x38B5, 0x38B5, 0x38B5, 0x38B5, 0x38B5, 0x38B5, 0x38B5, 0x0D40, 0x0D40, 0x0D40,   // Linha de pixels
0x0D40, 0x38B5, 0x38B5, 0x38B5, 0x38B5, 0x38B5, 0x38B5, 0x38B5, 0x38B5, 0x38B5, 0x38B5, 0x38B5, 0x38B5, 0x38B5, 0x38B5, 0x38B5,   // Linha de pixels
0x38B5, 0x38B5, 0x38B5, 0x38B5, 0x38B5, 0x38B5, 0x38B5, 0x38B5, 0x38B5, 0x38B5, 0x38B5, 0x38B5, 0x38B5, 0x38B5, 0x38B5, 0x38B5,   // Linha de pixels
0x38B5, 0x38B5, 0x38B5, 0x38B5, 0x38B5, 0x38B5, 0x38B5, 0x38B5, 0x38B5, 0x38B5, 0x38B5, 0x38B5, 0x38B5, 0x38B5, 0x38B5, 0x38B5,   // Linha de pixels
0x38B5, 0x38B5, 0x38B5, 0x38B5, 0x38B5, 0x0000, 0x0000, 0x0000, 0x0000, 0x0000, 0x406F, 0x406F, 0x406F, 0x406F, 0x909B, 0x909B,   // Linha de pixels
0x909B, 0x909B, 0x889B, 0x889B, 0x889B, 0x889B, 0x889B, 0x0D50, 0x0D50, 0x0D50, 0x0D50, 0x889B, 0x889B, 0x889B, 0x889B, 0x889B,   // Linha de pixels
0x889B, 0x889B, 0x889B, 0x889B, 0x889B, 0x889B, 0x889B, 0x889B, 0x889B, 0x889B, 0x889B, 0x889B, 0x889B, 0x889B, 0x889B, 0x889B,   // Linha de pixels
0x0D10, 0x0D10, 0x0D10, 0x0D10, 0x0D10, 0x38B5, 0x38B5, 0x38B5, 0x38B5, 0x38B5, 0x38B5, 0x38B5, 0x38B5, 0x38B5, 0x38B5, 0x38B5,   // Linha de pixels
0x38B5, 0x38B5, 0x38B5, 0x38B5, 0x38B5, 0x38B5, 0x38B5, 0x38B5, 0x38B5, 0x38B5, 0x406F, 0x406F, 0x406F, 0x406F, 0x406F, 0x18A2,   // Linha de pixels
0x18A2, 0x18A2, 0x18A2, 0x0000, 0x0000, 0x0000, 0x0000, 0x0000, 0x0000, 0x0000, 0x0000, 0x0000, 0x0000, 0x0000, 0x0000, 0x0000,   // Linha de pixels
0x0000, 0x0000, 0x0000, 0x0000, 0x0000, 0x0000, 0x0000, 0x0000, 0x0000, 0x0000, 0x0000, 0x0000, 0x0000, 0x0000, 0x0000, 0x0000,   // Linha de pixels
0x0000, 0x0000, 0x0000, 0x0000, 0x0000, 0x0000, 0x0000, 0x0000, 0x0000, 0x0000, 0x0D20, 0x0D20, 0x0D20, 0x0D20, 0x0000, 0x0000,   // Linha de pixels
0x0000, 0x0000, 0x0000, 0x0801, 0x0801, 0x0801, 0x0801, 0x206C, 0x206C, 0x206C, 0x206C, 0x38B5, 0x38B5, 0x38B5, 0x38B5, 0x38B5,   // Linha de pixels
0x38B5, 0x38B5, 0x38B5, 0x38B5, 0x38B5, 0x38B5, 0x38B5, 0x38B5, 0x38B5, 0x38B5, 0x38B5, 0x38B5, 0x38B5, 0x38B5, 0x38B5, 0x38B5,   // Linha de pixels
0x38B5, 0x38B5, 0x38B5, 0x38B5, 0x38B5, 0x38B5, 0x38B5, 0x38B5, 0x38B5, 0x38B5, 0x38B5, 0x38B5, 0x38B5, 0x38B5, 0x38B5, 0x38B5,   // Linha de pixels
0x38B5, 0x38B5, 0x38B5, 0x38B5, 0x38B5, 0x38B5, 0x38B5, 0x206C, 0x206C, 0x206C, 0x206C, 0x0000, 0x0000, 0x0000, 0x0000, 0x0000,   // Linha de pixels
0x0000, 0x0000, 0x0000, 0x0000, 0x0D30, 0x0D30, 0x0D30, 0x0D30, 0x0000, 0x0000, 0x0000, 0x0000, 0x0000, 0x0000, 0x0000, 0x0000,   // Linha de pixels
0x0000, 0x0000, 0x0000, 0x0000, 0x0000, 0x0000, 0x0000, 0x0000, 0x0000, 0x0000, 0x0000, 0x0000, 0x0000, 0x0000, 0x0000, 0x0000,   // Linha de pixels
0x0000, 0x0000, 0x0000, 0x0000, 0x0000, 0x0000, 0x0000, 0x0000, 0x0000, 0x0000, 0x0801, 0x0801, 0x0801, 0x0801, 0x0801, 0x18C3,   // Linha de pixels
0x18C3, 0x18C3, 0x18C3, 0x406F, 0x406F, 0x406F, 0x406F, 0x38B5, 0x38B5, 0x38B5, 0x38B5, 0x38B5, 0x38B5, 0x38B5, 0x38B5, 0x38B5,   // Linha de pixels
0x38B5, 0x38B5, 0x38B5, 0x38B5, 0x38B5, 0x38B5, 0x38B5, 0x38B5, 0x38B5, 0x38B5, 0x38B5, 0x38B5, 0x38B5, 0x0D40, 0x0D40, 0x0D40,   // Linha de pixels
0x0D40, 0x38B5, 0x38B5, 0x38B5, 0x38B5, 0x38B5, 0x38B5, 0x38B5, 0x38B5, 0x38B5, 0x38B5, 0x38B5, 0x38B5, 0x38B5, 0x38B5, 0x38B5,   // Linha de pixels
0x38B5, 0x38B5, 0x38B5, 0x38B5, 0x38B5, 0x38B5, 0x38B5, 0x38B5, 0x38B5, 0x38B5, 0x38B5, 0x38B5, 0x38B5, 0x38B5, 0x38B5, 0x38B5,   // Linha de pixels
0x38B5, 0x38B5, 0x38B5, 0x38B5, 0x38B5, 0x38B5, 0x38B5, 0x38B5, 0x38B5, 0x38B5, 0x38B5, 0x38B5, 0x38B5, 0x38B5, 0x38B5, 0x38B5,   // Linha de pixels
0x38B5, 0x38B5, 0x38B5, 0x38B5, 0x38B5, 0x0000, 0x0000, 0x0000, 0x0000, 0x0000, 0x406F, 0x406F, 0x406F, 0x406F, 0x909B, 0x909B,   // Linha de pixels
0x909B, 0x909B, 0x889B, 0x889B, 0x889B, 0x889B, 0x889B, 0x0D50, 0x0D50, 0x0D50, 0x0D50, 0x889B, 0x889B, 0x889B, 0x889B, 0x889B,   // Linha de pixels
0x889B, 0x889B, 0x889B, 0x889B, 0x889B, 0x889B, 0x889B, 0x889B, 0x889B, 0x889B, 0x889B, 0x889B, 0x889B, 0x889B, 0x889B, 0x889B,   // Linha de pixels
0x889B, 0x889B, 0x889B, 0x889B, 0x889B, 0x889B, 0x889B, 0x889B, 0x889B, 0x889B, 0x889B, 0x889B, 0x889B, 0x889B, 0x889B, 0x889B,   // Linha de pixels
0x889B, 0x889B, 0x889B, 0x889B, 0x889B, 0x889B, 0x909B, 0x909B, 0x909B, 0x909B, 0x909B, 0x909B, 0x909B, 0x909B, 0x909B, 0x909B,   // Linha de pixels
0x909B, 0x909B, 0x909B, 0x8098, 0x8098, 0x8098, 0x8098, 0x406F, 0x406F, 0x406F, 0x406F, 0x406F, 0x0006, 0x0006, 0x0006, 0x0006,   // Linha de pixels
0x0D60, 0x0D60, 0x0D60, 0x0D60, 0x0000, 0x0000, 0x0000, 0x0000, 0x0000, 0x0000, 0x0000, 0x0000, 0x0000, 0x0000, 0x0000, 0x0000,   // Linha de pixels
0x0000, 0x0000, 0x0000, 0x0000, 0x0000, 0x0000, 0x0000, 0x0000, 0x0000, 0x0000, 0x0000, 0x0000, 0x0000, 0x0000, 0x0000, 0x0000,   // Linha de pixels
0x0000, 0x0000, 0x0000, 0x0000, 0x0000, 0x0000, 0x0000, 0x0000, 0x0000, 0x0000, 0x0000, 0x0000, 0x0000, 0x0000, 0x0000, 0x0000,   // Linha de pixels
0x0000, 0x0000, 0x0000, 0x0000, 0x0000, 0x0000, 0x0000, 0x0000, 0x6092, 0x6092, 0x6092, 0x6092, 0x6092, 0x909B, 0x909B, 0x909B,   // Linha de pixels
0x909B, 0x889B, 0x889B, 0x889B, 0x889B, 0x889B, 0x889B, 0x889B, 0x889B, 0x889B, 0x0D70, 0x0D70, 0x0D70, 0x0D70, 0x909B, 0x909B,   // Linha de pixels
0x909B, 0x909B, 0x909B, 0x909B, 0x909B, 0x909B, 0x909B, 0x909B, 0x909B, 0x909B, 0x909B, 0x889B, 0x889B, 0x889B, 0x889B, 0x909B,   // Linha de pixels
0x909B, 0x909B, 0x909B, 0x909B, 0x909B, 0x909B, 0x909B, 0x909B, 0x909B, 0x909B, 0x909B, 0x909B, 0x406F, 0x406F, 0x406F, 0x406F,   // Linha de pixels
0x0000, 0x0000, 0x0000, 0x0000, 0x0000, 0x0000, 0x0000, 0x0000, 0x0000, 0x0000, 0x0000, 0x0000, 0x0000, 0x0000, 0x0000, 0x0000,   // Linha de pixels
0x0000, 0x0000, 0x0000, 0x0000, 0x0000, 0x0000, 0x0000, 0x0000, 0x0000, 0x0000, 0x0000, 0x0000, 0x0000, 0x0000, 0x0000, 0x0000,   // Linha de pixels
0x0000, 0x0000, 0x0000, 0x0D80, 0x0D80, 0x0D80, 0x0D80, 0x0000, 0x0000, 0x0000, 0x0000, 0x0000, 0x0000, 0x0000, 0x0000, 0x0000,   // Linha de pixels
0x0000, 0x0000, 0x0000, 0x0000, 0x0000, 0x0000, 0x0000, 0x0000, 0x0000, 0x0006, 0x0006, 0x0006, 0x0006, 0x406F, 0x406F, 0x406F,   // Linha de pixels
0x406F, 0x8098, 0x8098, 0x8098, 0x8098, 0x8098, 0x909B, 0x909B, 0x909B, 0x909B, 0x909B, 0x909B, 0x909B, 0x909B, 0x909B, 0x909B,   // Linha de pixels
0x909B, 0x909B, 0x909B, 0x909B, 0x909B, 0x909B, 0x909B, 0x909B, 0x909B, 0x909B, 0x909B, 0x909B, 0x909B, 0x909B, 0x909B, 0x909B,   // Linha de pixels
0x909B, 0x909B, 0x909B, 0x909B, 0x909B, 0x909B, 0x909B, 0x909B, 0x909B, 0x909B, 0x909B, 0x909B, 0x909B, 0x0D90, 0x0D90, 0x0D90,   // Linha de pixels
0x0D90, 0x909B, 0x909B, 0x909B, 0x909B, 0x909B, 0x909B, 0x909B, 0x909B, 0x909B, 0x909B, 0x909B, 0x909B, 0x909B, 0x909B, 0x909B,   // Linha de pixels
0x909B, 0x909B, 0x909B, 0x909B, 0x909B, 0x909B, 0x909B, 0x909B, 0x909B, 0x909B, 0x909B, 0x0000, 0x0000, 0x0000, 0x0000, 0x8912,   // Linha de pixels
0x8912, 0x8912, 0x8912, 0x8912, 0xF1BF, 0xF1BF, 0xF1BF, 0xF1BF, 0xF19F, 0xF19F, 0xF19F, 0xF19F, 0xF19F, 0xF19F, 0xF19F, 0xF19F,   // Linha de pixels
0x889B, 0x889B, 0x889B, 0x889B, 0x889B, 0x889B, 0x889B, 0x889B, 0x889B, 0x889B, 0x889B, 0x889B, 0x889B, 0x889B, 0x889B, 0x889B,   // Linha de pixels
0x889B, 0x889B, 0x889B, 0x889B, 0x889B, 0x889B, 0x909B, 0x909B, 0x909B, 0x909B, 0x909B, 0x909B, 0x909B, 0x909B, 0x909B, 0x909B,   // Linha de pixels
0x909B, 0x909B, 0x909B, 0x8098, 0x8098, 0x8098, 0x8098, 0x406F, 0x406F, 0x406F, 0x406F, 0x406F, 0x0006, 0x0006, 0x0006, 0x0006,   // Linha de pixels
0x0D60, 0x0D60, 0x0D60, 0x0D60, 0x0000, 0x0000, 0x0000, 0x0000, 0x0000, 0x0000, 0x0000, 0x0000, 0x0000, 0x0000, 0x0000, 0x0000,   // Linha de pixels
0x0000, 0x0000, 0x0000, 0x0000, 0x0000, 0x0000, 0x0000, 0x0000, 0x0000, 0x0000, 0x0000, 0x0000, 0x0000, 0x0000, 0x0000, 0x0000,   // Linha de pixels
0x0000, 0x0000, 0x0000, 0x0000, 0x0000, 0x0000, 0x0000, 0x0000, 0x0000, 0x0000, 0x0000, 0x0000, 0x0000, 0x0000, 0x0000, 0x0000,   // Linha de pixels
0x0000, 0x0000, 0x0000, 0x0000, 0x0000, 0x0000, 0x0000, 0x0000, 0x6092, 0x6092, 0x6092, 0x6092, 0x6092, 0x909B, 0x909B, 0x909B,   // Linha de pixels
0x909B, 0x889B, 0x889B, 0x889B, 0x889B, 0x889B, 0x889B, 0x889B, 0x889B, 0x889B, 0x0D70, 0x0D70, 0x0D70, 0x0D70, 0x909B, 0x909B,   // Linha de pixels
0x909B, 0x909B, 0x909B, 0x909B, 0x909B, 0x909B, 0x909B, 0x909B, 0x909B, 0x909B, 0x909B, 0x889B, 0x889B, 0x889B, 0x889B, 0x909B,   // Linha de pixels
0x909B, 0x909B, 0x909B, 0x909B, 0x909B, 0x909B, 0x909B, 0x909B, 0x909B, 0x909B, 0x909B, 0x909B, 0x406F, 0x406F, 0x406F, 0x406F,   // Linha de pixels
0x0000, 0x0000, 0x0000, 0x0000, 0x0000, 0x0000, 0x0000, 0x0000, 0x0000, 0x0000, 0x0000, 0x0000, 0x0000, 0x0000, 0x0000, 0x0000,   // Linha de pixels
0x0000, 0x0000, 0x0000, 0x0000, 0x0000, 0x0000, 0x0000, 0x0000, 0x0000, 0x0000, 0x0000, 0x0000, 0x0000, 0x0000, 0x0000, 0x0000,   // Linha de pixels
0x0000, 0x0000, 0x0000, 0x0D80, 0x0D80, 0x0D80, 0x0D80, 0x0000, 0x0000, 0x0000, 0x0000, 0x0000, 0x0000, 0x0000, 0x0000, 0x0000,   // Linha de pixels
0x0000, 0x0000, 0x0000, 0x0000, 0x0000, 0x0000, 0x0000, 0x0000, 0x0000, 0x0006, 0x0006, 0x0006, 0x0006, 0x406F, 0x406F, 0x406F,   // Linha de pixels
0x406F, 0x8098, 0x8098, 0x8098, 0x8098, 0x8098, 0x909B, 0x909B, 0x909B, 0x909B, 0x909B, 0x909B, 0x909B, 0x909B, 0x909B, 0x909B,   // Linha de pixels
0x909B, 0x909B, 0x909B, 0x909B, 0x909B, 0x909B, 0x909B, 0x909B, 0x909B, 0x909B, 0x909B, 0x909B, 0x909B, 0x909B, 0x909B, 0x909B,   // Linha de pixels
0x909B, 0x909B, 0x909B, 0x909B, 0x909B, 0x909B, 0x909B, 0x909B, 0x909B, 0x909B, 0x909B, 0x909B, 0x909B, 0x0D90, 0x0D90, 0x0D90,   // Linha de pixels
0x0D90, 0x909B, 0x909B, 0x909B, 0x909B, 0x909B, 0x909B, 0x909B, 0x909B, 0x909B, 0x909B, 0x909B, 0x909B, 0x909B, 0x909B, 0x909B,   // Linha de pixels
0x909B, 0x909B, 0x909B, 0x909B, 0x909B, 0x909B, 0x909B, 0x909B, 0x909B, 0x909B, 0x909B, 0x0000, 0x0000, 0x0000, 0x0000, 0x8912,   // Linha de pixels
0x8912, 0x8912, 0x8912, 0x8912, 0xF1BF, 0xF1BF, 0xF1BF, 0xF1BF, 0xF19F, 0xF19F, 0xF19F, 0xF19F, 0xF19F, 0xF19F, 0xF19F, 0xF19F,   // Linha de pixels
0xF19F, 0xF19F, 0xF19F, 0xF19F, 0xF19F, 0xF19F, 0xF19F, 0xF19F, 0xF19F, 0xF19F, 0xF19F, 0xF19F, 0xF19F, 0xF19F, 0xF19F, 0xF19F,   // Linha de pixels
0xF19F, 0xF19F, 0xF19F, 0xF19F, 0xF19F, 0xF19F, 0x0DA0, 0x0DA0, 0x0DA0, 0x0DA0, 0xF19F, 0xF19F, 0xF19F, 0xF19F, 0xF19F, 0xF19F,   // Linha de pixels
0xF19F, 0xF19F, 0xF19F, 0xF19F, 0xF19F, 0xF19F, 0xF19F, 0xF19F, 0xF19F, 0xF19F, 0xF19F, 0xF19F, 0xF1BF, 0xF1BF, 0xF1BF, 0xF1BF,   // Linha de pixels
0xC97B, 0xC97B, 0xC97B, 0xC97B, 0x8912, 0x8912, 0x8912, 0x8912, 0x8912, 0x3046, 0x3046, 0x3046, 0x3046, 0x0000, 0x0000, 0x0000,   // Linha de pixels
0x0000, 0x0000, 0x0000, 0x0000, 0x0000, 0x0000, 0x0000, 0x0000, 0x0000, 0x0000, 0x0000, 0x0000, 0x0000, 0x0000, 0x0000, 0x0000,   // Linha de pixels
0x0000, 0x0000, 0x0000, 0x0000, 0x0000, 0x0000, 0x0000, 0x0000, 0x0000, 0x0000, 0x0000, 0x0000, 0x0000, 0x0000, 0x0000, 0x0000,   // Linha de pixels
0x0DB0, 0x0DB0, 0x0DB0, 0x0DB0, 0x0000, 0x0000, 0x0000, 0x0000, 0x0000, 0x0000, 0x0000, 0x0000, 0x0000, 0x0000, 0x0000, 0x0000,   // Linha de pixels
0x0000, 0x0000, 0x0000, 0x0000, 0x0000, 0x0000, 0x0000, 0x0000, 0x0000, 0x0000, 0x0000, 0x0000, 0x0000, 0x0000, 0xA194, 0xA194,   // Linha de pixels
0xA194, 0xA194, 0xF1BF, 0xF1BF, 0xF1BF, 0xF1BF, 0xF1BF, 0xF19F, 0xF19F, 0xF19F, 0xF19F, 0xF19F, 0xF19F, 0xF19F, 0xF19F, 0xF19F,   // Linha de pixels
0xF19F, 0xF19F, 0xF19F, 0xF19F, 0xF19F, 0xF19F, 0xF19F, 0xF19F, 0xF19F, 0xF19F, 0xF19F, 0xF19F, 0xF19F, 0xF19F, 0xF19F, 0xF19F,   // Linha de pixels
0xF19F, 0xF19F, 0xF19F, 0xF19F, 0xF19F, 0xF19F, 0xF19F, 0xF19F, 0xF19F, 0x0DC0, 0x0DC0, 0x0DC0, 0x0DC0, 0xF1BF, 0xF1BF, 0xF1BF,   // Linha de pixels
0xF1BF, 0xF1BF, 0x710E, 0x710E, 0x710E, 0x710E, 0x0000, 0x0000, 0x0000, 0x0000, 0x0000, 0x0000, 0x0000, 0x0000, 0x0000, 0x0000,   // Linha de pixels
0x0000, 0x0000, 0x0000, 0x0000, 0x0000, 0x0000, 0x0000, 0x0000, 0x0000, 0x0000, 0x0000, 0x0000, 0x0000, 0x0000, 0x0000, 0x0000,   // Linha de pixels
0x0000, 0x0000, 0x0000, 0x0000, 0x0000, 0x0000, 0x0000, 0x0000, 0x0000, 0x0000, 0x0000, 0x0000, 0x0000, 0x0000, 0x0000, 0x0000,   // Linha de pixels
0x0000, 0x0000, 0x0000, 0x0000, 0x0000, 0x0000, 0x0000, 0x0000, 0x0000, 0x0000, 0x0000, 0x0000, 0x0000, 0x0000, 0x0801, 0x0801,   // Linha de pixels
0x0801, 0x0801, 0x0801, 0x0DD0, 0x0DD0, 0x0DD0, 0x0DD0, 0x3046, 0x3046, 0x3046, 0x3046, 0x8912, 0x8912, 0x8912, 0x8912, 0x8912,   // Linha de pixels
0xC97B, 0xC97B, 0xC97B, 0xC97B, 0xF1BF, 0xF1BF, 0xF1BF, 0xF1BF, 0xF19F, 0xF19F, 0xF19F, 0xF19F, 0xF19F, 0xF19F, 0xF19F, 0xF19F,   // Linha de pixels
0xF19F, 0xF19F, 0xF19F, 0xF19F, 0xF19F, 0xF19F, 0xF19F, 0xF19F, 0xF19F, 0xF19F, 0xF19F, 0xF19F, 0xF19F, 0xF19F, 0xF19F, 0xF19F,   // Linha de pixels
0xF19F, 0xF19F, 0xF19F, 0xF19F, 0xF19F, 0xF19F, 0xF19F, 0xF19F, 0xF19F, 0xF19F, 0xF19F, 0xF19F, 0xF19F, 0xF19F, 0xF19F, 0xF19F,   // Linha de pixels
0xF19F, 0xF19F, 0xF19F, 0xF19F, 0xF19F, 0xF19F, 0xF19F, 0xF19F, 0xF19F, 0xF19F, 0xF19F, 0xF19F, 0x0DE0, 0x0DE0, 0x0DE0, 0x0DE0,   // Linha de pixels
0xF19F, 0xF19F, 0xF19F, 0xF19F, 0xF19F, 0xF19F, 0xF19F, 0xF19F, 0xF19F, 0xF19F, 0xF19F, 0xF19F, 0xF19F, 0xF19F, 0xF19F, 0xF19F,   // Linha de pixels
0xF19F, 0xF19F, 0xF19F, 0xF19F, 0xF19F, 0xF19F, 0x0DA0, 0x0DA0, 0x0DA0, 0x0DA0, 0xF19F, 0xF19F, 0xF19F, 0xF19F, 0xF19F, 0xF19F,   // Linha de pixels
0xF19F, 0xF19F, 0xF19F, 0xF19F, 0xF19F, 0xF19F, 0xF19F, 0xF19F, 0xF19F, 0xF19F, 0xF19F, 0xF19F, 0xF1BF, 0xF1BF, 0xF1BF, 0xF1BF,   // Linha de pixels
0xC97B, 0xC97B, 0xC97B, 0xC97B, 0x8912, 0x8912, 0x8912, 0x8912, 0x8912, 0x3046, 0x3046, 0x3046, 0x3046, 0x0000, 0x0000, 0x0000,   // Linha de pixels
0x0000, 0x0000, 0x0000, 0x0000, 0x0000, 0x0000, 0x0000, 0x0000, 0x0000, 0x0000, 0x0000, 0x0000, 0x0000, 0x0000, 0x0000, 0x0000,   // Linha de pixels
0x0000, 0x0000, 0x0000, 0x0000, 0x0000, 0x0000, 0x0000, 0x0000, 0x0000, 0x0000, 0x0000, 0x0000, 0x0000, 0x0000, 0x0000, 0x0000,   // Linha de pixels
0x0DB0, 0x0DB0, 0x0DB0, 0x0DB0, 0x0000, 0x0000, 0x0000, 0x0000, 0x0000, 0x0000, 0x0000, 0x0000, 0x0000, 0x0000, 0x0000, 0x0000,   // Linha de pixels
0x0000, 0x0000, 0x0000, 0x0000, 0x0000, 0x0000, 0x0000, 0x0000, 0x0000, 0x0000, 0x0000, 0x0000, 0x0000, 0x0000, 0xA194, 0xA194,   // Linha de pixels
0xA194, 0xA194, 0xF1BF, 0xF1BF, 0xF1BF, 0xF1BF, 0xF1BF, 0xF19F, 0xF19F, 0xF19F, 0xF19F, 0xF19F, 0xF19F, 0xF19F, 0xF19F, 0xF19F,   // Linha de pixels
0xF19F, 0xF19F, 0xF19F, 0xF19F, 0xF19F, 0xF19F, 0xF19F, 0xF19F, 0xF19F, 0xF19F, 0xF19F, 0xF19F, 0xF19F, 0xF19F, 0xF19F, 0xF19F,   // Linha de pixels
0xF19F, 0xF19F, 0xF19F, 0xF19F, 0xF19F, 0xF19F, 0xF19F, 0xF19F, 0xF19F, 0x0DC0, 0x0DC0, 0x0DC0, 0x0DC0, 0xF1BF, 0xF1BF, 0xF1BF,   // Linha de pixels
0xF1BF, 0xF1BF, 0x710E, 0x710E, 0x710E, 0x710E, 0x0000, 0x0000, 0x0000, 0x0000, 0x0000, 0x0000, 0x0000, 0x0000, 0x0000, 0x0000,   // Linha de pixels
0x0000, 0x0000, 0x0000, 0x0000, 0x0000, 0x0000, 0x0000, 0x0000, 0x0000, 0x0000, 0x0000, 0x0000, 0x0000, 0x0000, 0x0000, 0x0000,   // Linha de pixels
0x0000, 0x0000, 0x0000, 0x0000, 0x0000, 0x0000, 0x0000, 0x0000, 0x0000, 0x0000, 0x0000, 0x0000, 0x0000, 0x0000, 0x0000, 0x0000,   // Linha de pixels
0x0000, 0x0000, 0x0000, 0x0000, 0x0000, 0x0000, 0x0000, 0x0000, 0x0000, 0x0000, 0x0000, 0x0000, 0x0000, 0x0000, 0x0801, 0x0801,   // Linha de pixels
0x0801, 0x0801, 0x0801, 0x0DD0, 0x0DD0, 0x0DD0, 0x0DD0, 0x3046, 0x3046, 0x3046, 0x3046, 0x8912, 0x8912, 0x8912, 0x8912, 0x8912,   // Linha de pixels
0xC97B, 0xC97B, 0xC97B, 0xC97B, 0xF1BF, 0xF1BF, 0xF1BF, 0xF1BF, 0xF19F, 0xF19F, 0xF19F, 0xF19F, 0xF19F, 0xF19F, 0xF19F, 0xF19F,   // Linha de pixels
0xF19F, 0xF19F, 0xF19F, 0xF19F, 0xF19F, 0xF19F, 0xF19F, 0xF19F, 0xF19F, 0xF19F, 0xF19F, 0xF19F, 0xF19F, 0xF19F, 0xF19F, 0xF19F,   // Linha de pixels
0xF19F, 0xF19F, 0xF19F, 0xF19F, 0xF19F, 0xF19F, 0xF19F, 0xF19F, 0xF19F, 0xF19F, 0xF19F, 0xF19F, 0xF19F, 0xF19F, 0xF19F, 0xF19F,   // Linha de pixels
0xF19F, 0xF19F, 0xF19F, 0xF19F, 0xF19F, 0xF19F, 0xF19F, 0xF19F, 0xF19F, 0xF19F, 0xF19F, 0xF19F, 0x0DE0, 0x0DE0, 0x0DE0, 0x0DE0,   // Linha de pixels
0x0000, 0x0000, 0x0000, 0x0000, 0x0000, 0x8A72, 0x8A72, 0x8A72, 0x8A72, 0xFBBF, 0xFBBF, 0xFBBF, 0xFBBF, 0xFBBF, 0xFBBF, 0xFBBF,   // Linha de pixels
0xFBBF, 0xFBBF, 0xFBBF, 0xFBBF, 0xFBBF, 0xFBBF, 0xFBBF, 0xFBBF, 0xFBBF, 0xFBBF, 0xFBBF, 0xFBBF, 0xFBBF, 0xFBBF, 0xFBBF, 0xFBBF,   // Linha de pixels
0xFBBF, 0xFBBF, 0xFBBF, 0xFBBF, 0xFBBF, 0xFBBF, 0xFBBF, 0xFBBF, 0xFBBF, 0xFBBF, 0xFBBF, 0xFBBF, 0xFBBF, 0xFBBF, 0xFBBF, 0xFBBF,   // Linha de pixels
0xFBBF, 0xFBBF, 0xFBBF, 0xFBBF, 0xFBBF, 0xFBBF, 0xFBBF, 0xFBBF, 0xFBBF, 0xE35D, 0xE35D, 0xE35D, 0xE35D, 0xA194, 0xA194, 0xA194,   // Linha de pixels
0xA194, 0x40A9, 0x40A9, 0x40A9, 0x40A9, 0x40A9, 0x0DF0, 0x0DF0, 0x0DF0, 0x0DF0, 0x0000, 0x0000, 0x0000, 0x0000, 0x0000, 0x0000,   // Linha de pixels
0x0000, 0x0000, 0x0000, 0x0000, 0x0000, 0x0000, 0x0000, 0x0000, 0x0000, 0x0000, 0x0000, 0x0000, 0x0000, 0x0000, 0x0000, 0x0000,   // Linha de pixels
0x0000, 0x0000, 0x0000, 0x0000, 0x0000, 0x0000, 0x0000, 0x0000, 0x0000, 0x0000, 0x0000, 0x0000, 0x0000, 0x0000, 0x0000, 0x0000,   // Linha de pixels
0x0000, 0x0000, 0x0000, 0x0000, 0x0000, 0x0000, 0x0000, 0x0000, 0x0000, 0x0000, 0x0000, 0x0000, 0x0000, 0x0000, 0x0000, 0x0000,   // Linha de pixels
0x0000, 0x0000, 0x0000, 0x0000, 0x0000, 0x0000, 0x0000, 0x0000, 0x0000, 0x0000, 0x0000, 0x0000, 0x0000, 0x0000, 0x0000, 0x0E00,   // Linha de pixels
0x0E00, 0x0E00, 0x0E00, 0x0E00, 0xAAB5, 0xAAB5, 0xAAB5, 0xAAB5, 0xFBBF, 0xFBBF, 0xFBBF, 0xFBBF, 0xFBBF, 0xFBBF, 0xFBBF, 0xFBBF,   // Linha de pixels
0xFBBF, 0xFBBF, 0xFBBF, 0xFBBF, 0xFBBF, 0xFBBF, 0xFBBF, 0xFBBF, 0xFBBF, 0xFBBF, 0xFBBF, 0xFBBF, 0xFBBF, 0xFBBF, 0xFBBF, 0xFBBF,   // Linha de pixels
0xFBBF, 0xFBBF, 0xFBBF, 0xFBBF, 0xFBBF, 0xFBBF, 0xFBBF, 0xFBBF, 0xFBBF, 0xFBBF, 0xFBBF, 0xFBBF, 0xFBBF, 0xFBBF, 0xFBBF, 0xFBBF,   // Linha de pixels
0xFBBF, 0xFBBF, 0xFBBF, 0x8A72, 0x8A72, 0x8A72, 0x8A72, 0x0000, 0x0000, 0x0000, 0x0000, 0x0000, 0x0000, 0x0000, 0x0000, 0x0000,   // Linha de pixels
0x0000, 0x0000, 0x0000, 0x0000, 0x0000, 0x0000, 0x0000, 0x0000, 0x0000, 0x0E10, 0x0E10, 0x0E10, 0x0E10, 0x0000, 0x0000, 0x0000,   // Linha de pixels
0x0000, 0x0000, 0x0000, 0x0000, 0x0000, 0x0000, 0x0000, 0x0000, 0x0000, 0x0000, 0x0000, 0x0000, 0x0000, 0x0000, 0x0000, 0x0000,   // Linha de pixels
0x0000, 0x0000, 0x0000, 0x0000, 0x0000, 0x0000, 0x0000, 0x0000, 0x0000, 0x0000, 0x0000, 0x0000, 0x0000, 0x0000, 0x0000, 0x0000,   // Linha de pixels
0x0000, 0x0000, 0x0000, 0x0000, 0x0000, 0x0000, 0x0000, 0x0000, 0x0000, 0x0000, 0x0000, 0x0000, 0x0000, 0x0801, 0x0801, 0x0801,   // Linha de pixels
0x0801, 0x40A9, 0x40A9, 0x40A9, 0x40A9, 0xA194, 0xA194, 0xA194, 0xA194, 0xA194, 0xE35D, 0xE35D, 0xE35D, 0xE35D, 0xFBBF, 0xFBBF,   // Linha de pixels
0xFBBF, 0xFBBF, 0x0E20, 0x0E20, 0x0E20, 0x0E20, 0x0E20, 0xFBBF, 0xFBBF, 0xFBBF, 0xFBBF, 0xFBBF, 0xFBBF, 0xFBBF, 0xFBBF, 0xFBBF,   // Linha de pixels
0xFBBF, 0xFBBF, 0xFBBF, 0xFBBF, 0xFBBF, 0xFBBF, 0xFBBF, 0xFBBF, 0xFBBF, 0xFBBF, 0xFBBF, 0xFBBF, 0xFBBF, 0xFBBF, 0xFBBF, 0xFBBF,   // Linha de pixels
0x0000, 0x0000, 0x0000, 0x0000, 0x0000, 0x8A72, 0x8A72, 0x8A72, 0x8A72, 0xFBBF, 0xFBBF, 0xFBBF, 0xFBBF, 0xFBBF, 0xFBBF, 0xFBBF,   // Linha de pixels
0xFBBF, 0xFBBF, 0xFBBF, 0xFBBF, 0xFBBF, 0xFBBF, 0xFBBF, 0xFBBF, 0xFBBF, 0xFBBF, 0xFBBF, 0xFBBF, 0xFBBF, 0xFBBF, 0xFBBF, 0xFBBF,   // Linha de pixels
0xFBBF, 0xFBBF, 0xFBBF, 0xFBBF, 0xFBBF, 0xFBBF, 0xFBBF, 0xFBBF, 0xFBBF, 0xFBBF, 0xFBBF, 0xFBBF, 0xFBBF, 0xFBBF, 0xFBBF, 0xFBBF,   // Linha de pixels
0xFBBF, 0xFBBF, 0xFBBF, 0xFBBF, 0xFBBF, 0xFBBF, 0xFBBF, 0xFBBF, 0xFBBF, 0xE35D, 0xE35D, 0xE35D, 0xE35D, 0xA194, 0xA194, 0xA194,   // Linha de pixels
0xA194, 0x40A9, 0x40A9, 0x40A9, 0x40A9, 0x40A9, 0x0DF0, 0x0DF0, 0x0DF0, 0x0DF0, 0x0000, 0x0000, 0x0000, 0x0000, 0x0000, 0x0000,   // Linha de pixels
0x0000, 0x0000, 0x0000, 0x0000, 0x0000, 0x0000, 0x0000, 0x0000, 0x0000, 0x0000, 0x0000, 0x0000, 0x0000, 0x0000, 0x0000, 0x0000,   // Linha de pixels
0x0000, 0x0000, 0x0000, 0x0000, 0x0000, 0x0000, 0x0000, 0x0000, 0x0000, 0x0000, 0x0000, 0x0000, 0x0000, 0x0000, 0x0000, 0x0000,   // Linha de pixels
0x0000, 0x0000, 0x0000, 0x0000, 0x0000, 0x0000, 0x0000, 0x0000, 0x0000, 0x0000, 0x0000, 0x0000, 0x0000, 0x0000, 0x0000, 0x0000,   // Linha de pixels
0x0000, 0x0000, 0x0000, 0x0000, 0x0000, 0x0000, 0x0000, 0x0000, 0x0000, 0x0000, 0x0000, 0x0000, 0x0000, 0x0000, 0x0000, 0x0E00,   // Linha de pixels
0x0E00, 0x0E00, 0x0E00, 0x0E00, 0xAAB5, 0xAAB5, 0xAAB5, 0xAAB5, 0xFBBF, 0xFBBF, 0xFBBF, 0xFBBF, 0xFBBF, 0xFBBF, 0xFBBF, 0xFBBF,   // Linha de pixels
0xFBBF, 0xFBBF, 0xFBBF, 0xFBBF, 0xFBBF, 0xFBBF, 0xFBBF, 0xFBBF, 0xFBBF, 0xFBBF, 0xFBBF, 0xFBBF, 0xFBBF, 0xFBBF, 0xFBBF, 0xFBBF,   // Linha de pixels
0xFBBF, 0xFBBF, 0xFBBF, 0xFBBF, 0xFBBF, 0xFBBF, 0xFBBF, 0xFBBF, 0xFBBF, 0xFBBF, 0xFBBF, 0xFBBF, 0xFBBF, 0xFBBF, 0xFBBF, 0xFBBF,   // Linha de pixels
0xFBBF, 0xFBBF, 0xFBBF, 0x8A72, 0x8A72, 0x8A72, 0x8A72, 0x0000, 0x0000, 0x0000, 0x0000, 0x0000, 0x0000, 0x0000, 0x0000, 0x0000,   // Linha de pixels
0x0000, 0x0000, 0x0000, 0x0000, 0x0000, 0x0000, 0x0000, 0x0000, 0x0000, 0x0E10, 0x0E10, 0x0E10, 0x0E10, 0x0000, 0x0000, 0x0000,   // Linha de pixels
0x0000, 0x0000, 0x0000, 0x0000, 0x0000, 0x0000, 0x0000, 0x0000, 0x0000, 0x0000, 0x0000, 0x0000, 0x0000, 0x0000, 0x0000, 0x0000,   // Linha de pixels
0x0000, 0x0000, 0x0000, 0x0000, 0x0000, 0x0000, 0x0000, 0x0000, 0x0000, 0x0000, 0x0000, 0x0000, 0x0000, 0x0000, 0x0000, 0x0000,   // Linha de pixels
0x0000, 0x0000, 0x0000, 0x0000, 0x0000, 0x0000, 0x0000, 0x0000, 0x0000, 0x0000, 0x0000, 0x0000, 0x0000, 0x0801, 0x0801, 0x0801,   // Linha de pixels
0x0801, 0x40A9, 0x40A9, 0x40A9, 0x40A9, 0xA194, 0xA194, 0xA194, 0xA194, 0xA194, 0xE35D, 0xE35D, 0xE35D, 0xE35D, 0xFBBF, 0xFBBF,   // Linha de pixels
0xFBBF, 0xFBBF, 0x0E20, 0x0E20, 0x0E20, 0x0E20, 0x0E20, 0xFBBF, 0xFBBF, 0xFBBF, 0xFBBF, 0xFBBF, 0xFBBF, 0xFBBF, 0xFBBF, 0xFBBF,   // Linha de pixels
0xFBBF, 0xFBBF, 0xFBBF, 0xFBBF, 0xFBBF, 0xFBBF, 0xFBBF, 0xFBBF, 0xFBBF, 0xFBBF, 0xFBBF, 0xFBBF, 0xFBBF, 0xFBBF, 0xFBBF, 0xFBBF,   // Linha de pixels
0xFBBF, 0xFBBF, 0xFBBF, 0xFBBF, 0xFBBF, 0xFBBF, 0xFBBF, 0xFBBF, 0xFBBF, 0xFBBF, 0xFBBF, 0xFBBF, 0xFBBF, 0xFBBF, 0xFBBF, 0xFBBF,   // Linha de pixels
0xFBBF, 0xFBBF, 0x0000, 0x0000, 0x0000, 0x0000, 0x9BB3, 0x9BB3, 0x9BB3, 0x9BB3, 0xFE9F, 0xFE9F, 0xFE9F, 0xFE9F, 0xFE9F, 0xFE7F,   // Linha de pixels
0xFE7F, 0xFE7F, 0xFE7F, 0xFE7F, 0xFE7F, 0xFE7F, 0xFE7F, 0xFE7F, 0xFE7F, 0xFE7F, 0xFE7F, 0xFE7F, 0x0E30, 0x0E30, 0x0E30, 0x0E30,   // Linha de pixels
0xFE7F, 0xFE7F, 0xFE7F, 0xFE7F, 0xFE7F, 0xFE7F, 0xFE7F, 0xFE7F, 0xFE7F, 0xFE7F, 0xFE7F, 0xFE7F, 0xFE7F, 0xF61E, 0xF61E, 0xF61E,   // Linha de pixels
0xF61E, 0xD53A, 0xD53A, 0xD53A, 0xD53A, 0xD53A, 0xD53A, 0xD53A, 0xD53A, 0xD53A, 0x9BB3, 0x9BB3, 0x9BB3, 0x9BB3, 0x4108, 0x4108,   // Linha de pixels
0x4108, 0x4108, 0x4108, 0x0840, 0x0840, 0x0840, 0x0840, 0x0000, 0x0000, 0x0000, 0x0000, 0x0000, 0x0000, 0x0000, 0x0000, 0x0000,   // Linha de pixels
0x0000, 0x0000, 0x0000, 0x0000, 0x0000, 0x0000, 0x0000, 0x0000, 0x0000, 0x0000, 0x0000, 0x0000, 0x0000, 0x0000, 0x0000, 0x0000,   // Linha de pixels
0x0000, 0x0000, 0x0000, 0x0000, 0x0000, 0x0E40, 0x0E40, 0x0E40, 0x0E40, 0x0E40, 0x0000, 0x0000, 0x0000, 0x0000, 0x0000, 0x0000,   // Linha de pixels
0x0000, 0x0000, 0x0000, 0x0000, 0x0000, 0x0000, 0x0000, 0x0000, 0x0000, 0x0000, 0x0000, 0x0000, 0x0000, 0x0000, 0x0000, 0x0000,   // Linha de pixels
0x0000, 0x0000, 0x0000, 0x0000, 0x0000, 0x0000, 0x0000, 0x0000, 0x0000, 0x0000, 0x0000, 0x0000, 0x0000, 0x0000, 0x0000, 0x0000,   // Linha de pixels
0x0840, 0x0840, 0x0840, 0x0840, 0x0840, 0xAC75, 0xAC75, 0xAC75, 0xAC75, 0xFE7F, 0xFE7F, 0xFE7F, 0xFE7F, 0xFE7F, 0xFE7F, 0xFE7F,   // Linha de pixels
0xFE7F, 0xFE7F, 0xFE7F, 0xFE7F, 0xFE7F, 0xFE7F, 0xFE7F, 0xFE7F, 0xFE7F, 0xFE7F, 0xFE7F, 0xFE7F, 0xFE7F, 0xFE7F, 0xFE7F, 0x0E50,   // Linha de pixels
0x0E50, 0x0E50, 0x0E50, 0xFE7F, 0xFE7F, 0xFE7F, 0xFE7F, 0xFE7F, 0xFE7F, 0xFE7F, 0xFE7F, 0xFE7F, 0xFE7F, 0xFE7F, 0xFE7F, 0xFE7F,   // Linha de pixels
0xFE7F, 0xFE7F, 0xFE7F, 0xFE7F, 0xFE9F, 0xFE9F, 0xFE9F, 0xFE9F, 0xFE9F, 0x7B30, 0x7B30, 0x7B30, 0x7B30, 0x0000, 0x0000, 0x0000,   // Linha de pixels
0x0000, 0x0000, 0x0000, 0x0000, 0x0000, 0x0000, 0x0000, 0x0000, 0x0000, 0x0000, 0x0000, 0x0000, 0x0000, 0x0000, 0x0000, 0x0000,   // Linha de pixels
0x0000, 0x0000, 0x0000, 0x0000, 0x0000, 0x0000, 0x0000, 0x0000, 0x0000, 0x0000, 0x0000, 0x0000, 0x0000, 0x0000, 0x0000, 0x0000,   // Linha de pixels
0x0000, 0x0000, 0x0000, 0x0000, 0x0000, 0x0000, 0x0000, 0x0000, 0x0E60, 0x0E60, 0x0E60, 0x0E60, 0x0E60, 0x0000, 0x0000, 0x0000,   // Linha de pixels
0x0000, 0x0000, 0x0000, 0x0000, 0x0000, 0x0000, 0x0000, 0x0000, 0x0000, 0x0000, 0x0000, 0x0000, 0x0000, 0x0000, 0x0000, 0x0000,   // Linha de pixels
0x0000, 0x0000, 0x0000, 0x0000, 0x0000, 0x0000, 0x0000, 0x0000, 0x0000, 0x0000, 0x0000, 0x0861, 0x0861, 0x0861, 0x0861, 0x4149,   // Linha de pixels
0x4149, 0x4149, 0x4149, 0x4149, 0x9C14, 0x9C14, 0x9C14, 0x9C14, 0xD53A, 0xD53A, 0xD53A, 0xD53A, 0xD55A, 0xD55A, 0xD55A, 0xD55A,   // Linha de pixels
0xFBBF, 0xFBBF, 0xFBBF, 0xFBBF, 0xFBBF, 0xFBBF, 0xFBBF, 0xFBBF, 0xFBBF, 0xFBBF, 0xFBBF, 0xFBBF, 0xFBBF, 0xFBBF, 0xFBBF, 0xFBBF,   // Linha de pixels
0xFBBF, 0xFBBF, 0x0000, 0x0000, 0x0000, 0x0000, 0x9BB3, 0x9BB3, 0x9BB3, 0x9BB3, 0xFE9F, 0xFE9F, 0xFE9F, 0xFE9F, 0xFE9F, 0xFE7F,   // Linha de pixels
0xFE7F, 0xFE7F, 0xFE7F, 0xFE7F, 0xFE7F, 0xFE7F, 0xFE7F, 0xFE7F, 0xFE7F, 0xFE7F, 0xFE7F, 0xFE7F, 0x0E30, 0x0E30, 0x0E30, 0x0E30,   // Linha de pixels
0xFE7F, 0xFE7F, 0xFE7F, 0xFE7F, 0xFE7F, 0xFE7F, 0xFE7F, 0xFE7F, 0xFE7F, 0xFE7F, 0xFE7F, 0xFE7F, 0xFE7F, 0xF61E, 0xF61E, 0xF61E,   // Linha de pixels
0xF61E, 0xD53A, 0xD53A, 0xD53A, 0xD53A, 0xD53A, 0xD53A, 0xD53A, 0xD53A, 0xD53A, 0x9BB3, 0x9BB3, 0x9BB3, 0x9BB3, 0x4108, 0x4108,   // Linha de pixels
0x4108, 0x4108, 0x4108, 0x0840, 0x0840, 0x0840, 0x0840, 0x0000, 0x0000, 0x0000, 0x0000, 0x0000, 0x0000, 0x0000, 0x0000, 0x0000,   // Linha de pixels
0x0000, 0x0000, 0x0000, 0x0000, 0x0000, 0x0000, 0x0000, 0x0000, 0x0000, 0x0000, 0x0000, 0x0000, 0x0000, 0x0000, 0x0000, 0x0000,   // Linha de pixels
0x0000, 0x0000, 0x0000, 0x0000, 0x0000, 0x0E40, 0x0E40, 0x0E40, 0x0E40, 0x0E40, 0x0000, 0x0000, 0x0000, 0x0000, 0x0000, 0x0000,   // Linha de pixels
0x0000, 0x0000, 0x0000, 0x0000, 0x0000, 0x0000, 0x0000, 0x0000, 0x0000, 0x0000, 0x0000, 0x0000, 0x0000, 0x0000, 0x0000, 0x0000,   // Linha de pixels
0x0000, 0x0000, 0x0000, 0x0000, 0x0000, 0x0000, 0x0000, 0x0000, 0x0000, 0x0000, 0x0000, 0x0000, 0x0000, 0x0000, 0x0000, 0x0000,   // Linha de pixels
0x0840, 0x0840, 0x0840, 0x0840, 0x0840, 0xAC75, 0xAC75, 0xAC75, 0xAC75, 0xFE7F, 0xFE7F, 0xFE7F, 0xFE7F, 0xFE7F, 0xFE7F, 0xFE7F,   // Linha de pixels
0xFE7F, 0xFE7F, 0xFE7F, 0xFE7F, 0xFE7F, 0xFE7F, 0xFE7F, 0xFE7F, 0xFE7F, 0xFE7F, 0xFE7F, 0xFE7F, 0xFE7F, 0xFE7F, 0xFE7F, 0x0E50,   // Linha de pixels
0x0E50, 0x0E50, 0x0E50, 0xFE7F, 0xFE7F, 0xFE7F, 0xFE7F, 0xFE7F, 0xFE7F, 0xFE7F, 0xFE7F, 0xFE7F, 0xFE7F, 0xFE7F, 0xFE7F, 0xFE7F,   // Linha de pixels
0xFE7F, 0xFE7F, 0xFE7F, 0xFE7F, 0xFE9F, 0xFE9F, 0xFE9F, 0xFE9F, 0xFE9F, 0x7B30, 0x7B30, 0x7B30, 0x7B30, 0x0000, 0x0000, 0x0000,   // Linha de pixels
0x0000, 0x0000, 0x0000, 0x0000, 0x0000, 0x0000, 0x0000, 0x0000, 0x0000, 0x0000, 0x0000, 0x0000, 0x0000, 0x0000, 0x0000, 0x0000,   // Linha de pixels
0x0000, 0x0000, 0x0000, 0x0000, 0x0000, 0x0000, 0x0000, 0x0000, 0x0000, 0x0000, 0x0000, 0x0000, 0x0000, 0x0000, 0x0000, 0x0000,   // Linha de pixels
0x0000, 0x0000, 0x0000, 0x0000, 0x0000, 0x0000, 0x0000, 0x0000, 0x0E60, 0x0E60, 0x0E60, 0x0E60, 0x0E60, 0x0000, 0x0000, 0x0000,   // Linha de pixels
0x0000, 0x0000, 0x0000, 0x0000, 0x0000, 0x0000, 0x0000, 0x0000, 0x0000, 0x0000, 0x0000, 0x0000, 0x0000, 0x0000, 0x0000, 0x0000,   // Linha de pixels
0x0000, 0x0000, 0x0000, 0x0000, 0x0000, 0x0000, 0x0000, 0x0000, 0x0000, 0x0000, 0x0000, 0x0861, 0x0861, 0x0861, 0x0861, 0x4149,   // Linha de pixels
0x4149, 0x4149, 0x4149, 0x4149, 0x9C14, 0x9C14, 0x9C14, 0x9C14, 0xD53A, 0xD53A, 0xD53A, 0xD53A, 0xD55A, 0xD55A, 0xD55A, 0xD55A,   // Linha de pixels
0xFE3E, 0xFE3E, 0xFE3E, 0xFE3E, 0xFE3E, 0xFE7F, 0xFE7F, 0xFE7F, 0xFE7F, 0xFE7F, 0xFE7F, 0xFE7F, 0xFE7F, 0xFE7F, 0xFE7F, 0xFE7F,   // Linha de pixels
0xFE7F, 0xFE7F, 0x0E70, 0x0E70, 0x0E70, 0x0E70, 0xFE7F, 0xFE7F, 0xFE7F, 0xFE7F, 0xFE7F, 0xFE7F, 0xFE7F, 0xFE7F, 0xFE7F, 0xFE7F,   // Linha de pixels
0xFE7F, 0xFE7F, 0xFE7F, 0xFE7F, 0xFE7F, 0xFE7F, 0xFE7F, 0x0000, 0x0000, 0x0000, 0x0000, 0x0000, 0x5A71, 0x5A71, 0x5A71, 0x5A71,   // Linha de pixels
0x9C3C, 0x9C3C, 0x9C3C, 0x9C3C, 0x9C3C, 0x9C3C, 0x9C3C, 0x9C3C, 0x9C3C, 0x9C3C, 0x9C3C, 0x9C3C, 0x9C3C, 0x9C3C, 0x9C3C, 0x9C3C,   // Linha de pixels
0x9C3C, 0x9C3C, 0x9C3C, 0x9C3C, 0x9C3C, 0x9C3C, 0x9C14, 0x9C14, 0x9C14, 0x9C14, 0x9C32, 0x9C32, 0x9C32, 0x9C32, 0x7B30, 0x7B30,   // Linha de pixels
0x7B30, 0x7B30, 0x7B30, 0x18C3, 0x18C3, 0x18C3, 0x18C3, 0x1062, 0x1062, 0x1062, 0x1062, 0x0E80, 0x0E80, 0x0E80, 0x0E80, 0x0E80,   // Linha de pixels
0x0861, 0x0861, 0x0861, 0x0861, 0x0000, 0x0000, 0x0000, 0x0000, 0x0000, 0x0000, 0x0000, 0x0000, 0x0000, 0x0000, 0x0000, 0x0000,   // Linha de pixels
0x0000, 0x0000, 0x0000, 0x0000, 0x0000, 0x0000, 0x0000, 0x0000, 0x0000, 0x0000, 0x0000, 0x0000, 0x0000, 0x0000, 0x0000, 0x0000,   // Linha de pixels
0x0000, 0x0000, 0x0000, 0x0000, 0x0000, 0x0000, 0x0000, 0x0000, 0x0000, 0x0000, 0x0000, 0x0000, 0x0000, 0x0000, 0x0000, 0x0000,   // Linha de pixels
0x0000, 0x0000, 0x0000, 0x0000, 0x0000, 0x0000, 0x0000, 0x0000, 0x0000, 0x0000, 0x0000, 0x0000, 0x0000, 0x0000, 0x0000, 0x0000,   // Linha de pixels
0x0000, 0x0000, 0x0000, 0x0000, 0x0000, 0x0E90, 0x0E90, 0x0E90, 0x0E90, 0x0000, 0x0000, 0x0000, 0x0000, 0x0000, 0x0000, 0x0000,   // Linha de pixels
0x0000, 0x0000, 0x0000, 0x0000, 0x0000, 0x0000, 0x0020, 0x0020, 0x0020, 0x0020, 0x6AD3, 0x6AD3, 0x6AD3, 0x6AD3, 0x6AD3, 0x9C3C,   // Linha de pixels
0x9C3C, 0x9C3C, 0x9C3C, 0x9C3C, 0x9C3C, 0x9C3C, 0x9C3C, 0x9C3C, 0x9C3C, 0x9C3C, 0x9C3C, 0x9C3C, 0x9C3C, 0x9C3C, 0x9C3C, 0x9C3C,   // Linha de pixels
0x9C3C, 0x9C3C, 0x9C3C, 0x9C3C, 0x9C3C, 0x9C3C, 0x9C3C, 0x9C3C, 0x9C3C, 0x9C3C, 0x9C3C, 0x9C3C, 0x9C3C, 0x9C3C, 0x9C3C, 0x9C3C,   // Linha de pixels
0x9C3C, 0x9C3C, 0x9C3C, 0x9C3C, 0x9C3C, 0x9C3C, 0x9C3C, 0x9C3C, 0x9C3C, 0x9C3C, 0x520E, 0x520E, 0x520E, 0x520E, 0x0EA0, 0x0EA0,   // Linha de pixels
0x0EA0, 0x0EA0, 0x0EA0, 0x0000, 0x0000, 0x0000, 0x0000, 0x0000, 0x0000, 0x0000, 0x0000, 0x0000, 0x0000, 0x0000, 0x0000, 0x0000,   // Linha de pixels
0x0000, 0x0000, 0x0000, 0x0000, 0x0000, 0x0000, 0x0000, 0x0000, 0x0000, 0x0000, 0x0000, 0x0000, 0x0000, 0x0000, 0x0000, 0x0000,   // Linha de pixels
0x0000, 0x0000, 0x0000, 0x0000, 0x0000, 0x0000, 0x0000, 0x0000, 0x0000, 0x0000, 0x0000, 0x0000, 0x0000, 0x0000, 0x0000, 0x0000,   // Linha de pixels
0x0000, 0x0000, 0x0000, 0x0000, 0x0000, 0x0000, 0x0000, 0x0000, 0x0000, 0x0000, 0x0000, 0x0000, 0x0000, 0x0000, 0x0000, 0x0000,   // Linha de pixels
0x0000, 0x0000, 0x0000, 0x0000, 0x0000, 0x0000, 0x0000, 0x0000, 0x0EB0, 0x0EB0, 0x0EB0, 0x0EB0, 0x0000, 0x0000, 0x0000, 0x0000,   // Linha de pixels
0xFE3E, 0xFE3E, 0xFE3E, 0xFE3E, 0xFE3E, 0xFE7F, 0xFE7F, 0xFE7F, 0xFE7F, 0xFE7F, 0xFE7F, 0xFE7F, 0xFE7F, 0xFE7F, 0xFE7F, 0xFE7F,   // Linha de pixels
0xFE7F, 0xFE7F, 0x0E70, 0x0E70, 0x0E70, 0x0E70, 0xFE7F, 0xFE7F, 0xFE7F, 0xFE7F, 0xFE7F, 0xFE7F, 0xFE7F, 0xFE7F, 0xFE7F, 0xFE7F,   // Linha de pixels
0xFE7F, 0xFE7F, 0xFE7F, 0xFE7F, 0xFE7F, 0xFE7F, 0xFE7F, 0x0000, 0x0000, 0x0000, 0x0000, 0x0000, 0x5A71, 0x5A71, 0x5A71, 0x5A71,   // Linha de pixels
0x9C3C, 0x9C3C, 0x9C3C, 0x9C3C, 0x9C3C, 0x9C3C, 0x9C3C, 0x9C3C, 0x9C3C, 0x9C3C, 0x9C3C, 0x9C3C, 0x9C3C, 0x9C3C, 0x9C3C, 0x9C3C,   // Linha de pixels
0x9C3C, 0x9C3C, 0x9C3C, 0x9C3C, 0x9C3C, 0x9C3C, 0x9C14, 0x9C14, 0x9C14, 0x9C14, 0x9C32, 0x9C32, 0x9C32, 0x9C32, 0x7B30, 0x7B30,   // Linha de pixels
0x7B30, 0x7B30, 0x7B30, 0x18C3, 0x18C3, 0x18C3, 0x18C3, 0x1062, 0x1062, 0x1062, 0x1062, 0x0E80, 0x0E80, 0x0E80, 0x0E80, 0x0E80,   // Linha de pixels
0x0861, 0x0861, 0x0861, 0x0861, 0x0000, 0x0000, 0x0000, 0x0000, 0x0000, 0x0000, 0x0000, 0x0000, 0x0000, 0x0000, 0x0000, 0x0000,   // Linha de pixels
0x0000, 0x0000, 0x0000, 0x0000, 0x0000, 0x0000, 0x0000, 0x0000, 0x0000, 0x0000, 0x0000, 0x0000, 0x0000, 0x0000, 0x0000, 0x0000,   // Linha de pixels
0x0000, 0x0000, 0x0000, 0x0000, 0x0000, 0x0000, 0x0000, 0x0000, 0x0000, 0x0000, 0x0000, 0x0000, 0x0000, 0x0000, 0x0000, 0x0000,   // Linha de pixels
0x0000, 0x0000, 0x0000, 0x0000, 0x0000, 0x0000, 0x0000, 0x0000, 0x0000, 0x0000, 0x0000, 0x0000, 0x0000, 0x0000, 0x0000, 0x0000,   // Linha de pixels
0x0000, 0x0000, 0x0000, 0x0000, 0x0000, 0x0E90, 0x0E90, 0x0E90, 0x0E90, 0x0000, 0x0000, 0x0000, 0x0000, 0x0000, 0x0000, 0x0000,   // Linha de pixels
0x0000, 0x0000, 0x0000, 0x0000, 0x0000, 0x0000, 0x0020, 0x0020, 0x0020, 0x0020, 0x6AD3, 0x6AD3, 0x6AD3, 0x6AD3, 0x6AD3, 0x9C3C,   // Linha de pixels
0x9C3C, 0x9C3C, 0x9C3C, 0x9C3C, 0x9C3C, 0x9C3C, 0x9C3C, 0x9C3C, 0x9C3C, 0x9C3C, 0x9C3C, 0x9C3C, 0x9C3C, 0x9C3C, 0x9C3C, 0x9C3C,   // Linha de pixels
0x9C3C, 0x9C3C, 0x9C3C, 0x9C3C, 0x9C3C, 0x9C3C, 0x9C3C, 0x9C3C, 0x9C3C, 0x9C3C, 0x9C3C, 0x9C3C, 0x9C3C, 0x9C3C, 0x9C3C, 0x9C3C,   // Linha de pixels
0x9C3C, 0x9C3C, 0x9C3C, 0x9C3C, 0x9C3C, 0x9C3C, 0x9C3C, 0x9C3C, 0x9C3C, 0x9C3C, 0x520E, 0x520E, 0x520E, 0x520E, 0x0EA0, 0x0EA0,   // Linha de pixels
0x0EA0, 0x0EA0, 0x0EA0, 0x0000, 0x0000, 0x0000, 0x0000, 0x0000, 0x0000, 0x0000, 0x0000, 0x0000, 0x0000, 0x0000, 0x0000, 0x0000,   // Linha de pixels
0x0000, 0x0000, 0x0000, 0x0000, 0x0000, 0x0000, 0x0000, 0x0000, 0x0000, 0x0000, 0x0000, 0x0000, 0x0000, 0x0000, 0x0000, 0x0000,   // Linha de pixels
0x0000, 0x0000, 0x0000, 0x0000, 0x0000, 0x0000, 0x0000, 0x0000, 0x0000, 0x0000, 0x0000, 0x0000, 0x0000, 0x0000, 0x0000, 0x0000,   // Linha de pixels
0x0000, 0x0000, 0x0000, 0x0000, 0x0000, 0x0000, 0x0000, 0x0000, 0x0000, 0x0000, 0x0000, 0x0000, 0x0000, 0x0000, 0x0000, 0x0000,   // Linha de pixels
0x0000, 0x0000, 0x0000, 0x0000, 0x0000, 0x0000, 0x0000, 0x0000, 0x0EB0, 0x0EB0, 0x0EB0, 0x0EB0, 0x0000, 0x0000, 0x0000, 0x0000,   // Linha de pixels
0xFE3E, 0xFE3E, 0xFE3E, 0xFE3E, 0xFE3E, 0xFE7F, 0xFE7F, 0xFE7F, 0xFE7F, 0xFE7F, 0xFE7F, 0xFE7F, 0xFE7F, 0xFE7F, 0xFE7F, 0xFE7F,   // Linha de pixels
0xFE7F, 0xFE7F, 0x0E70, 0x0E70, 0x0E70, 0x0E70, 0xFE7F, 0xFE7F, 0xFE7F, 0xFE7F, 0xFE7F, 0xFE7F, 0xFE7F, 0xFE7F, 0xFE7F, 0xFE7F,   // Linha de pixels
0xFE7F, 0xFE7F, 0xFE7F, 0xFE7F, 0xFE7F, 0xFE7F, 0xFE7F, 0x0000, 0x0000, 0x0000, 0x0000, 0x0000, 0x5A71, 0x5A71, 0x5A71, 0x5A71,   // Linha de pixels
0x9C3C, 0x9C3C, 0x9C3C, 0x9C3C, 0x9C3C, 0x9C3C, 0x9C3C, 0x9C3C, 0x9C3C, 0x9C3C, 0x9C3C, 0x9C3C, 0x9C3C, 0x9C3C, 0x9C3C, 0x9C3C,   // Linha de pixels
0x9C3C, 0x9C3C, 0x9C3C, 0x9C3C, 0x9C3C, 0x9C3C, 0x9C14, 0x9C14, 0x9C14, 0x9C14, 0x9C32, 0x9C32, 0x9C32, 0x9C32, 0x7B30, 0x7B30,   // Linha de pixels
0x7B30, 0x7B30, 0x7B30, 0x18C3, 0x18C3, 0x18C3, 0x18C3, 0x1062, 0x1062, 0x1062, 0x1062, 0x0E80, 0x0E80, 0x0E80, 0x0E80, 0x0E80,   // Linha de pixels
0x0861, 0x0861, 0x0861, 0x0861, 0x0000, 0x0000, 0x0000, 0x0000, 0x0000, 0x0000, 0x0000, 0x0000, 0x0000, 0x0000, 0x0000, 0x0000,   // Linha de pixels
0x0000, 0x0000, 0x0000, 0x0000, 0x0000, 0x0000, 0x0000, 0x0000, 0x0000, 0x0000, 0x0000, 0x0000, 0x0000, 0x0000, 0x0000, 0x0000,   // Linha de pixels
0x0000, 0x0000, 0x0000, 0x0000, 0x0000, 0x0000, 0x0000, 0x0000, 0x0000, 0x0000, 0x0000, 0x0000, 0x0000, 0x0000, 0x0000, 0x0000,   // Linha de pixels
0x0000, 0x0000, 0x0000, 0x0000, 0x0000, 0x0000, 0x0000, 0x0000, 0x0000, 0x0000, 0x0000, 0x0000, 0x0000, 0x0000, 0x0000, 0x0000,   // Linha de pixels
0x0000, 0x0000, 0x0000, 0x0000, 0x0000, 0x0E90, 0x0E90, 0x0E90, 0x0E90, 0x0000, 0x0000, 0x0000, 0x0000, 0x0000, 0x0000, 0x0000,   // Linha de pixels
0x0000, 0x0000, 0x0000, 0x0000, 0x0000, 0x0000, 0x0020, 0x0020, 0x0020, 0x0020, 0x6AD3, 0x6AD3, 0x6AD3, 0x6AD3, 0x6AD3, 0x9C3C,   // Linha de pixels
0x9C3C, 0x9C3C, 0x9C3C, 0x9C3C, 0x9C3C, 0x9C3C, 0x9C3C, 0x9C3C, 0x9C3C, 0x9C3C, 0x9C3C, 0x9C3C, 0x9C3C, 0x9C3C, 0x9C3C, 0x9C3C,   // Linha de pixels
0x9C3C, 0x9C3C, 0x9C3C, 0x9C3C, 0x9C3C, 0x9C3C, 0x9C3C, 0x9C3C, 0x9C3C, 0x9C3C, 0x9C3C, 0x9C3C, 0x9C3C, 0x9C3C, 0x9C3C, 0x9C3C,   // Linha de pixels
0x9C3C, 0x9C3C, 0x9C3C, 0x9C3C, 0x9C3C, 0x9C3C, 0x9C3C, 0x9C3C, 0x9C3C, 0x9C3C, 0x520E, 0x520E, 0x520E, 0x520E, 0x0EA0, 0x0EA0,   // Linha de pixels
0x0EA0, 0x0EA0, 0x0EA0, 0x0000, 0x0000, 0x0000, 0x0000, 0x0000, 0x0000, 0x0000, 0x0000, 0x0000, 0x0000, 0x0000, 0x0000, 0x0000,   // Linha de pixels
0x0000, 0x0000, 0x0000, 0x0000, 0x0000, 0x0000, 0x0000, 0x0000, 0x0000, 0x0000, 0x0000, 0x0000, 0x0000, 0x0000, 0x0000, 0x0000,   // Linha de pixels
0x0000, 0x0000, 0x0000, 0x0000, 0x0000, 0x0000, 0x0000, 0x0000, 0x0000, 0x0000, 0x0000, 0x0000, 0x0000, 0x0000, 0x0000, 0x0000,   // Linha de pixels
0x0000, 0x0000, 0x0000, 0x0000, 0x0000, 0x0000, 0x0000, 0x0000, 0x0000, 0x0000, 0x0000, 0x0000, 0x0000, 0x0000, 0x0000, 0x0000,   // Linha de pixels
0x0000, 0x0000, 0x0000, 0x0000, 0x0000, 0x0000, 0x0000, 0x0000, 0x0EB0, 0x0EB0, 0x0EB0, 0x0EB0, 0x0000, 0x0000, 0x0000, 0x0000,   // Linha de pixels
0x0000, 0x0000, 0x0000, 0x0000, 0x0000, 0x0000, 0x0000, 0x0000, 0x0000, 0x0861, 0x0861, 0x0861, 0x0861, 0x1062, 0x1062, 0x1062,   // Linha de pixels
0x1062, 0x1062, 0x2104, 0x2104, 0x2104, 0x2104, 0x83AE, 0x83AE, 0x83AE, 0x83AE, 0x9C32, 0x9C32, 0x9C32, 0x9C32, 0x9C32, 0x9C14,   // Linha de pixels
0x9C14, 0x9C14, 0x9C14, 0x9C3C, 0x9C3C, 0x9C3C, 0x9C3C, 0x9C3C, 0x9C3C, 0x9C3C, 0x9C3C, 0x9C3C, 0x9C3C, 0x9C3C, 0x9C3C, 0x9C3C,   // Linha de pixels
0x9C3C, 0x9C3C, 0x9C3C, 0x9C3C, 0x9C3C, 0x9C3C, 0x9C3C, 0x9C3C, 0x9C3C, 0x0000, 0x0000, 0x0000, 0x0000, 0x0804, 0x0804, 0x0804,   // Linha de pixels
0x0804, 0x0EC0, 0x0EC0, 0x0EC0, 0x0EC0, 0x0EC0, 0x0006, 0x0006, 0x0006, 0x0006, 0x0006, 0x0006, 0x0006, 0x0006, 0x0006, 0x0006,   // Linha de pixels
0x0006, 0x0006, 0x0006, 0x0006, 0x0006, 0x0006, 0x0006, 0x0006, 0x0006, 0x0006, 0x0006, 0x0000, 0x0000, 0x0000, 0x0000, 0x0000,   // Linha de pixels
0x0000, 0x0000, 0x0000, 0x0000, 0x0000, 0x0000, 0x0000, 0x0000, 0x0000, 0x0000, 0x0000, 0x0000, 0x0000, 0x0000, 0x0000, 0x0000,   // Linha de pixels
0x0000, 0x0000, 0x0000, 0x0000, 0x0000, 0x0000, 0x0000, 0x0000, 0x0000, 0x0000, 0x0000, 0x0000, 0x0000, 0x0000, 0x0000, 0x0000,   // Linha de pixels
0x0000, 0x0000, 0x0000, 0x0000, 0x0000, 0x0000, 0x0000, 0x0000, 0x0000, 0x0000, 0x0000, 0x0ED0, 0x0ED0, 0x0ED0, 0x0ED0, 0x0000,   // Linha de pixels
0x0000, 0x0000, 0x0000, 0x0000, 0x0000, 0x0000, 0x0000, 0x0000, 0x0000, 0x0000, 0x0000, 0x0000, 0x0000, 0x0000, 0x0000, 0x0000,   // Linha de pixels
0x0000, 0x0000, 0x0000, 0x0000, 0x0000, 0x0000, 0x0000, 0x0000, 0x0000, 0x0000, 0x0000, 0x0000, 0x0000, 0x0000, 0x0000, 0x0000,   // Linha de pixels
0x0000, 0x0000, 0x0000, 0x0000, 0x0000, 0x0000, 0x0000, 0x0000, 0x0000, 0x0000, 0x0000, 0x0000, 0x0000, 0x0000, 0x0000, 0x0000,   // Linha de pixels
0x0000, 0x0000, 0x0000, 0x0000, 0x0000, 0x0000, 0x0000, 0x0000, 0x0000, 0x0000, 0x0000, 0x0000, 0x0804, 0x0804, 0x0804, 0x0804,   // Linha de pixels
0x0006, 0x0006, 0x0006, 0x0006, 0x0EE0, 0x0EE0, 0x0EE0, 0x0EE0, 0x0EE0, 0x0006, 0x0006, 0x0006, 0x0006, 0x0006, 0x0006, 0x0006,   // Linha de pixels
0x0006, 0x0006, 0x0006, 0x0006, 0x0006, 0x0006, 0x0006, 0x0006, 0x0006, 0x0006, 0x0006, 0x0006, 0x0006, 0x0006, 0x0006, 0x0006,   // Linha de pixels
0x0006, 0x0006, 0x0006, 0x0006, 0x0006, 0x0006, 0x0006, 0x0006, 0x0006, 0x0006, 0x0006, 0x0006, 0x0006, 0x0006, 0x0006, 0x0006,   // Linha de pixels
0x0804, 0x0804, 0x0804, 0x0804, 0x0000, 0x0000, 0x0000, 0x0000, 0x0000, 0x0000, 0x0000, 0x0000, 0x0000, 0x0000, 0x0000, 0x0000,   // Linha de pixels
0x0000, 0x0000, 0x0000, 0x0000, 0x0000, 0x0000, 0x0000, 0x0000, 0x0000, 0x0000, 0x0000, 0x0000, 0x0000, 0x0000, 0x0EF0, 0x0EF0,   // Linha de pixels
0x0EF0, 0x0EF0, 0x0000, 0x0000, 0x0000, 0x0000, 0x0000, 0x0000, 0x0000, 0x0000, 0x0000, 0x0000, 0x0000, 0x0000, 0x0000, 0x0000,   // Linha de pixels
0x0000, 0x0000, 0x0000, 0x0000, 0x0000, 0x0000, 0x0000, 0x0000, 0x0000, 0x0000, 0x0000, 0x0000, 0x0000, 0x0000, 0x0000, 0x0000,   // Linha de pixels
0x0000, 0x0000, 0x0000, 0x0000, 0x0000, 0x0000, 0x0000, 0x0000, 0x0000, 0x0861, 0x0861, 0x0861, 0x0861, 0x1062, 0x1062, 0x1062,   // Linha de pixels
0x1062, 0x1062, 0x2104, 0x2104, 0x2104, 0x2104, 0x83AE, 0x83AE, 0x83AE, 0x83AE, 0x9C32, 0x9C32, 0x9C32, 0x9C32, 0x9C32, 0x9C14,   // Linha de pixels
0x9C14, 0x9C14, 0x9C14, 0x9C3C, 0x9C3C, 0x9C3C, 0x9C3C, 0x9C3C, 0x9C3C, 0x9C3C, 0x9C3C, 0x9C3C, 0x9C3C, 0x9C3C, 0x9C3C, 0x9C3C,   // Linha de pixels
0x9C3C, 0x9C3C, 0x9C3C, 0x9C3C, 0x9C3C, 0x9C3C, 0x9C3C, 0x9C3C, 0x9C3C, 0x0000, 0x0000, 0x0000, 0x0000, 0x0804, 0x0804, 0x0804,   // Linha de pixels
0x0804, 0x0EC0, 0x0EC0, 0x0EC0, 0x0EC0, 0x0EC0, 0x0006, 0x0006, 0x0006, 0x0006, 0x0006, 0x0006, 0x0006, 0x0006, 0x0006, 0x0006,   // Linha de pixels
0x0006, 0x0006, 0x0006, 0x0006, 0x0006, 0x0006, 0x0006, 0x0006, 0x0006, 0x0006, 0x0006, 0x0000, 0x0000, 0x0000, 0x0000, 0x0000,   // Linha de pixels
0x0000, 0x0000, 0x0000, 0x0000, 0x0000, 0x0000, 0x0000, 0x0000, 0x0000, 0x0000, 0x0000, 0x0000, 0x0000, 0x0000, 0x0000, 0x0000,   // Linha de pixels
0x0000, 0x0000, 0x0000, 0x0000, 0x0000, 0x0000, 0x0000, 0x0000, 0x0000, 0x0000, 0x0000, 0x0000, 0x0000, 0x0000, 0x0000, 0x0000,   // Linha de pixels
0x0000, 0x0000, 0x0000, 0x0000, 0x0000, 0x0000, 0x0000, 0x0000, 0x0000, 0x0000, 0x0000, 0x0ED0, 0x0ED0, 0x0ED0, 0x0ED0, 0x0000,   // Linha de pixels
0x0000, 0x0000, 0x0000, 0x0000, 0x0000, 0x0000, 0x0000, 0x0000, 0x0000, 0x0000, 0x0000, 0x0000, 0x0000, 0x0000, 0x0000, 0x0000,   // Linha de pixels
0x0000, 0x0000, 0x0000, 0x0000, 0x0000, 0x0000, 0x0000, 0x0000, 0x0000, 0x0000, 0x0000, 0x0000, 0x0000, 0x0000, 0x0000, 0x0000,   // Linha de pixels
0x0000, 0x0000, 0x0000, 0x0000, 0x0000, 0x0000, 0x0000, 0x0000, 0x0000, 0x0000, 0x0000, 0x0000, 0x0000, 0x0000, 0x0000, 0x0000,   // Linha de pixels
0x0000, 0x0000, 0x0000, 0x0000, 0x0000, 0x0000, 0x0000, 0x0000, 0x0000, 0x0000, 0x0000, 0x0000, 0x0804, 0x0804, 0x0804, 0x0804,   // Linha de pixels
0x0006, 0x0006, 0x0006, 0x0006, 0x0EE0, 0x0EE0, 0x0EE0, 0x0EE0, 0x0EE0, 0x0006, 0x0006, 0x0006, 0x0006, 0x0006, 0x0006, 0x0006,   // Linha de pixels
0x0006, 0x0006, 0x0006, 0x0006, 0x0006, 0x0006, 0x0006, 0x0006, 0x0006, 0x0006, 0x0006, 0x0006, 0x0006, 0x0006, 0x0006, 0x0006,   // Linha de pixels
0x0006, 0x0006, 0x0006, 0x0006, 0x0006, 0x0006, 0x0006, 0x0006, 0x0006, 0x0006, 0x0006, 0x0006, 0x0006, 0x0006, 0x0006, 0x0006,   // Linha de pixels
0x0804, 0x0804, 0x0804, 0x0804, 0x0000, 0x0000, 0x0000, 0x0000, 0x0000, 0x0000, 0x0000, 0x0000, 0x0000, 0x0000, 0x0000, 0x0000,   // Linha de pixels
0x0000, 0x0000, 0x0000, 0x0000, 0x0000, 0x0000, 0x0000, 0x0000, 0x0000, 0x0000, 0x0000, 0x0000, 0x0000, 0x0000, 0x0EF0, 0x0EF0,   // Linha de pixels
0x0EF0, 0x0EF0, 0x0000, 0x0000, 0x0000, 0x0000, 0x0000, 0x0000, 0x0000, 0x0000, 0x0000, 0x0000, 0x0000, 0x0000, 0x0000, 0x0000,   // Linha de pixels
0x0000, 0x0000, 0x0000, 0x0000, 0x0000, 0x0000, 0x0000, 0x0000, 0x0000, 0x0000, 0x0000, 0x0000, 0x0000, 0x0000, 0x0000, 0x0000,   // Linha de pixels
0x0000, 0x0000, 0x0000, 0x0000, 0x0000, 0x0000, 0x0000, 0x0000, 0x0000, 0x0000, 0x0000, 0x0000, 0x0000, 0x0000, 0x0000, 0x0000,   // Linha de pixels
0x0000, 0x0000, 0x0000, 0x0000, 0x0000, 0x0000, 0x0000, 0x0000, 0x0000, 0x0000, 0x0000, 0x0000, 0x0000, 0x0000, 0x0000, 0x0000,   // Linha de pixels
0x0000, 0x0000, 0x0000, 0x0000, 0x0000, 0x0000, 0x0000, 0x0F00, 0x0F00, 0x0F00, 0x0F00, 0x0F00, 0x0000, 0x0000, 0x0000, 0x0000,   // Linha de pixels
0x0000, 0x0000, 0x0000, 0x0000, 0x0000, 0x0000, 0x0000, 0x0000, 0x0000, 0x0006, 0x0006, 0x0006, 0x0006, 0x0006, 0x0006, 0x0006,   // Linha de pixels
0x0006, 0x0006, 0x0006, 0x0006, 0x0006, 0x0006, 0x0006, 0x0006, 0x0006, 0x0006, 0x0006, 0x0006, 0x0006, 0x0006, 0x0000, 0x0000,   // Linha de pixels
0x0000, 0x0000, 0x0000, 0x0000, 0x0000, 0x0000, 0x0000, 0x0000, 0x0000, 0x0000, 0x0000, 0x0000, 0x0000, 0x0000, 0x0000, 0x0000,   // Linha de pixels
0x0000, 0x0000, 0x0000, 0x0000, 0x0000, 0x0000, 0x0000, 0x0000, 0x0000, 0x0000, 0x0000, 0x0000, 0x0000, 0x0000, 0x0000, 0x0000,   // Linha de pixels
0x0000, 0x0F10, 0x0F10, 0x0F10, 0x0F10, 0x0000, 0x0000, 0x0000, 0x0000, 0x0000, 0x0000, 0x0000, 0x0000, 0x0000, 0x0000, 0x0000,   // Linha de pixels
0x0000, 0x0000, 0x0000, 0x0000, 0x0000, 0x0000, 0x0000, 0x0000, 0x0000, 0x0000, 0x0000, 0x0000, 0x0000, 0x0000, 0x0000, 0x0000,   // Linha de pixels
0x0000, 0x0000, 0x0000, 0x0000, 0x0000, 0x0000, 0x0000, 0x0000, 0x0000, 0x0000, 0x0000, 0x0000, 0x0000, 0x0000, 0x0000, 0x0000,   // Linha de pixels
0x0000, 0x0000, 0x0000, 0x0000, 0x0000, 0x0000, 0x0000, 0x0000, 0x0000, 0x0000, 0x0000, 0x0000, 0x0000, 0x0000, 0x0000, 0x0000,   // Linha de pixels
0x0000, 0x0000, 0x0000, 0x0000, 0x0000, 0x0000, 0x0000, 0x0000, 0x0000, 0x0000, 0x0F20, 0x0F20, 0x0F20, 0x0F20, 0x0F20, 0x0000,   // Linha de pixels
0x0000, 0x0000, 0x0000, 0x0000, 0x0000, 0x0000, 0x0000, 0x0000, 0x0000, 0x0000, 0x0000, 0x0000, 0x0000, 0x0000, 0x0000, 0x0000,   // Linha de pixels
0x0000, 0x0000, 0x0000, 0x0000, 0x0000, 0x0000, 0x0000, 0x0000, 0x0000, 0x0000, 0x0000, 0x0000, 0x0000, 0x0000, 0x0000, 0x0000,   // Linha de pixels
0x0000, 0x0000, 0x0000, 0x0000, 0x0000, 0x0000, 0x0000, 0x0000, 0x0000, 0x0000, 0x0000, 0x0000, 0x0000, 0x0000, 0x0000, 0x0000,   // Linha de pixels
0x0000, 0x0000, 0x0000, 0x0000, 0x0000, 0x0000, 0x0000, 0x0000, 0x0000, 0x0000, 0x0000, 0x0000, 0x0000, 0x0000, 0x0000, 0x0000,   // Linha de pixels
0x0000, 0x0000, 0x0000, 0x0000, 0x0F30, 0x0F30, 0x0F30, 0x0F30, 0x0000, 0x0000, 0x0000, 0x0000, 0x0000, 0x0000, 0x0000, 0x0000,   // Linha de pixels
0x0000, 0x0000, 0x0000, 0x0000, 0x0000, 0x0000, 0x0000, 0x0000, 0x0000, 0x0000, 0x0000, 0x0000, 0x0000, 0x0000, 0x0000, 0x0000,   // Linha de pixels
0x0000, 0x0000, 0x0000, 0x0000, 0x0000, 0x0000, 0x0000, 0x0000, 0x0000, 0x0000, 0x0000, 0x0000, 0x0000, 0x0000, 0x0000, 0x0000,   // Linha de pixels
0x0000, 0x0000, 0x0000, 0x0000, 0x0000, 0x0000, 0x0000, 0x0000, 0x0000, 0x0000, 0x0000, 0x0000, 0x0000, 0x0000, 0x0000, 0x0000,   // Linha de pixels
0x0000, 0x0000, 0x0000, 0x0000, 0x0000, 0x0000, 0x0000, 0x0000, 0x0000, 0x0000, 0x0000, 0x0000, 0x0000, 0x0000, 0x0000, 0x0000,   // Linha de pixels
0x0000, 0x0000, 0x0000, 0x0000, 0x0000, 0x0000, 0x0000, 0x0000, 0x0000, 0x0000, 0x0000, 0x0000, 0x0000, 0x0000, 0x0000, 0x0000,   // Linha de pixels
0x0000, 0x0000, 0x0000, 0x0000, 0x0000, 0x0000, 0x0000, 0x0F00, 0x0F00, 0x0F00, 0x0F00, 0x0F00, 0x0000, 0x0000, 0x0000, 0x0000,   // Linha de pixels
0x0000, 0x0000, 0x0000, 0x0000, 0x0000, 0x0000, 0x0000, 0x0000, 0x0000, 0x0006, 0x0006, 0x0006, 0x0006, 0x0006, 0x0006, 0x0006,   // Linha de pixels
0x0006, 0x0006, 0x0006, 0x0006, 0x0006, 0x0006, 0x0006, 0x0006, 0x0006, 0x0006, 0x0006, 0x0006, 0x0006, 0x0006, 0x0000, 0x0000,   // Linha de pixels
0x0000, 0x0000, 0x0000, 0x0000, 0x0000, 0x0000, 0x0000, 0x0000, 0x0000, 0x0000, 0x0000, 0x0000, 0x0000, 0x0000, 0x0000, 0x0000,   // Linha de pixels
0x0000, 0x0000, 0x0000, 0x0000, 0x0000, 0x0000, 0x0000, 0x0000, 0x0000, 0x0000, 0x0000, 0x0000, 0x0000, 0x0000, 0x0000, 0x0000,   // Linha de pixels
0x0000, 0x0F10, 0x0F10, 0x0F10, 0x0F10, 0x0000, 0x0000, 0x0000, 0x0000, 0x0000, 0x0000, 0x0000, 0x0000, 0x0000, 0x0000, 0x0000,   // Linha de pixels
0x0000, 0x0000, 0x0000, 0x0000, 0x0000, 0x0000, 0x0000, 0x0000, 0x0000, 0x0000, 0x0000, 0x0000, 0x0000, 0x0000, 0x0000, 0x0000,   // Linha de pixels
0x0000, 0x0000, 0x0000, 0x0000, 0x0000, 0x0000, 0x0000, 0x0000, 0x0000, 0x0000, 0x0000, 0x0000, 0x0000, 0x0000, 0x0000, 0x0000,   // Linha de pixels
0x0000, 0x0000, 0x0000, 0x0000, 0x0000, 0x0000, 0x0000, 0x0000, 0x0000, 0x0000, 0x0000, 0x0000, 0x0000, 0x0000, 0x0000, 0x0000,   // Linha de pixels
0x0000, 0x0000, 0x0000, 0x0000, 0x0000, 0x0000, 0x0000, 0x0000, 0x0000, 0x0000, 0x0F20, 0x0F20, 0x0F20, 0x0F20, 0x0F20, 0x0000,   // Linha de pixels
0x0000, 0x0000, 0x0000, 0x0000, 0x0000, 0x0000, 0x0000, 0x0000, 0x0000, 0x0000, 0x0000, 0x0000, 0x0000, 0x0000, 0x0000, 0x0000,   // Linha de pixels
0x0000, 0x0000, 0x0000, 0x0000, 0x0000, 0x0000, 0x0000, 0x0000, 0x0000, 0x0000, 0x0000, 0x0000, 0x0000, 0x0000, 0x0000, 0x0000,   // Linha de pixels
0x0000, 0x0000, 0x0000, 0x0000, 0x0000, 0x0000, 0x0000, 0x0000, 0x0000, 0x0000, 0x0000, 0x0000, 0x0000, 0x0000, 0x0000, 0x0000,   // Linha de pixels
0x0000, 0x0000, 0x0000, 0x0000, 0x0000, 0x0000, 0x0000, 0x0000, 0x0000, 0x0000, 0x0000, 0x0000, 0x0000, 0x0000, 0x0000, 0x0000,   // Linha de pixels
0x0000, 0x0000, 0x0000, 0x0000, 0x0F30, 0x0F30, 0x0F30, 0x0F30, 0x0000, 0x0000, 0x0000, 0x0000, 0x0000, 0x0000, 0x0000, 0x0000,   // Linha de pixels
0x0000, 0x0000, 0x0000, 0x0000, 0x0000, 0x0000, 0x0000, 0x0000, 0x0000, 0x0000, 0x0000, 0x0000, 0x0000, 0x0000, 0x0000, 0x0000,   // Linha de pixels
0x0000, 0x0000, 0x0000, 0x0000, 0x0000, 0x0000, 0x0000, 0x0000, 0x0000, 0x0000, 0x0000, 0x0000, 0x0000, 0x0000, 0x0000, 0x0000,   // Linha de pixels
0x0000, 0x0000, 0x0000, 0x0000, 0x0000, 0x0000, 0x0000, 0x0000, 0x0000, 0x0000, 0x0000, 0x0000, 0x0000, 0x0000, 0x0000, 0x0000,   // Linha de pixels
0x0000, 0x0000, 0x0000, 0x0000, 0x0000, 0x0000, 0x0000, 0x0000, 0x0000, 0x0000, 0x0000, 0x0000, 0x0000, 0x0F40, 0x0F40, 0x0F40,   // Linha de pixels
0x0F40, 0x0F40, 0x0000, 0x0000, 0x0000, 0x0000, 0x0000, 0x0000, 0x0000, 0x0000, 0x0000, 0x0000, 0x0000, 0x0000, 0x0000, 0x0000,   // Linha de pixels
0x0000, 0x0000, 0x0000, 0x0000, 0x0000, 0x0000, 0x0000, 0x0000, 0x0000, 0x0000, 0x0000, 0x0000, 0x0000, 0x0000, 0x0000, 0x0000,   // Linha de pixels
0x0000, 0x0000, 0x0000, 0x0000, 0x0000, 0x0000, 0x0000, 0x0000, 0x0000, 0x0000, 0x0000, 0x0000, 0x0000, 0x0000, 0x0000, 0x0000,   // Linha de pixels
0x0000, 0x0000, 0x0000, 0x0000, 0x0000, 0x0000, 0x0000, 0x0000, 0x0000, 0x0000, 0x0000, 0x0000, 0x0000, 0x0000, 0x0000, 0x0000,   // Linha de pixels
0x0000, 0x0000, 0x0000, 0x0000, 0x0000, 0x0000, 0x0000, 0x0F50, 0x0F50, 0x0F50, 0x0F50, 0x0000, 0x0000, 0x0000, 0x0000, 0x0000,   // Linha de pixels
0x0000, 0x0000, 0x0000, 0x0000, 0x0000, 0x0000, 0x0000, 0x0000, 0x0000, 0x0000, 0x0000, 0x0000, 0x0000, 0x0000, 0x0000, 0x0000,   // Linha de pixels
0x0000, 0x0000, 0x0000, 0x0000, 0x0000, 0x0000, 0x0000, 0x0000, 0x0000, 0x0000, 0x0000, 0x0000, 0x0000, 0x0000, 0x0000, 0x0000,   // Linha de pixels
0x0000, 0x0000, 0x0000, 0x0000, 0x0000, 0x0000, 0x0000, 0x0000, 0x0000, 0x0000, 0x0000, 0x0000, 0x0000, 0x0000, 0x0000, 0x0000,   // Linha de pixels
0x0000, 0x0000, 0x0000, 0x0000, 0x0000, 0x0000, 0x0000, 0x0000, 0x0000, 0x0000, 0x0000, 0x0000, 0x0000, 0x0000, 0x0000, 0x0000,   // Linha de pixels
0x0F60, 0x0F60, 0x0F60, 0x0F60, 0x0F60, 0x0000, 0x0000, 0x0000, 0x0000, 0x0000, 0x0000, 0x0000, 0x0000, 0x0000, 0x0000, 0x0000,   // Linha de pixels
0x0000, 0x0000, 0x0000, 0x0000, 0x0000, 0x0000, 0x0000, 0x0000, 0x0000, 0x0000, 0x0000, 0x0000, 0x0000, 0x0000, 0x0000, 0x0000,   // Linha de pixels
0x0000, 0x0000, 0x0000, 0x0000, 0x0000, 0x0000, 0x0000, 0x0000, 0x0000, 0x0000, 0x0000, 0x0000, 0x0000, 0x0000, 0x0000, 0x0000,   // Linha de pixels
0x0000, 0x0000, 0x0000, 0x0000, 0x0000, 0x0000, 0x0000, 0x0000, 0x0000, 0x0000, 0x0000, 0x0000, 0x0000, 0x0000, 0x0000, 0x0000,   // Linha de pixels
0x0000, 0x0000, 0x0000, 0x0000, 0x0000, 0x0000, 0x0000, 0x0000, 0x0000, 0x0000, 0x0F70, 0x0F70, 0x0F70, 0x0F70, 0x0000, 0x0000,   // Linha de pixels
0x0000, 0x0000, 0x0000, 0x0000, 0x0000, 0x0000, 0x0000, 0x0000, 0x0000, 0x0000, 0x0000, 0x0000, 0x0000, 0x0000, 0x0000, 0x0000,   // Linha de pixels
0x0000, 0x0000, 0x0000, 0x0000, 0x0000, 0x0000, 0x0000, 0x0000, 0x0000, 0x0000, 0x0000, 0x0000, 0x0000, 0x0000, 0x0000, 0x0000,   // Linha de pixels
0x0000, 0x0000, 0x0000, 0x0000, 0x0000, 0x0000, 0x0000, 0x0000, 0x0000, 0x0000, 0x0000, 0x0000, 0x0000, 0x0000, 0x0000, 0x0000,   // Linha de pixels
0x0000, 0x0000, 0x0000, 0x0000, 0x0000, 0x0000, 0x0000, 0x0000, 0x0000, 0x0000, 0x0000, 0x0000, 0x0000, 0x0000, 0x0000, 0x0000,   // Linha de pixels
0x0000, 0x0000, 0x0000, 0x0000, 0x0F80, 0x0F80, 0x0F80, 0x0F80, 0x0000, 0x0000, 0x0000, 0x0000, 0x0000, 0x0000, 0x0000, 0x0000,   // Linha de pixels
0x0000, 0x0000, 0x0000, 0x0000, 0x0000, 0x0000, 0x0000, 0x0000, 0x0000, 0x0000, 0x0000, 0x0000, 0x0000, 0x0F40, 0x0F40, 0x0F40,   // Linha de pixels
0x0F40, 0x0F40, 0x0000, 0x0000, 0x0000, 0x0000, 0x0000, 0x0000, 0x0000, 0x0000, 0x0000, 0x0000, 0x0000, 0x0000, 0x0000, 0x0000,   // Linha de pixels
0x0000, 0x0000, 0x0000, 0x0000, 0x0000, 0x0000, 0x0000, 0x0000, 0x0000, 0x0000, 0x0000, 0x0000, 0x0000, 0x0000, 0x0000, 0x0000,   // Linha de pixels
0x0000, 0x0000, 0x0000, 0x0000, 0x0000, 0x0000, 0x0000, 0x0000, 0x0000, 0x0000, 0x0000, 0x0000, 0x0000, 0x0000, 0x0000, 0x0000,   // Linha de pixels
0x0000, 0x0000, 0x0000, 0x0000, 0x0000, 0x0000, 0x0000, 0x0000, 0x0000, 0x0000, 0x0000, 0x0000, 0x0000, 0x0000, 0x0000, 0x0000,   // Linha de pixels
0x0000, 0x0000, 0x0000, 0x0000, 0x0000, 0x0000, 0x0000, 0x0F50, 0x0F50, 0x0F50, 0x0F50, 0x0000, 0x0000, 0x0000, 0x0000, 0x0000,   // Linha de pixels
0x0000, 0x0000, 0x0000, 0x0000, 0x0000, 0x0000, 0x0000, 0x0000, 0x0000, 0x0000, 0x0000, 0x0000, 0x0000, 0x0000, 0x0000, 0x0000,   // Linha de pixels
0x0000, 0x0000, 0x0000, 0x0000, 0x0000, 0x0000, 0x0000, 0x0000, 0x0000, 0x0000, 0x0000, 0x0000, 0x0000, 0x0000, 0x0000, 0x0000,   // Linha de pixels
0x0000, 0x0000, 0x0000, 0x0000, 0x0000, 0x0000, 0x0000, 0x0000, 0x0000, 0x0000, 0x0000, 0x0000, 0x0000, 0x0000, 0x0000, 0x0000,   // Linha de pixels
0x0000, 0x0000, 0x0000, 0x0000, 0x0000, 0x0000, 0x0000, 0x0000, 0x0000, 0x0000, 0x0000, 0x0000, 0x0000, 0x0000, 0x0000, 0x0000,   // Linha de pixels
0x0F60, 0x0F60, 0x0F60, 0x0F60, 0x0F60, 0x0000, 0x0000, 0x0000, 0x0000, 0x0000, 0x0000, 0x0000, 0x0000, 0x0000, 0x0000, 0x0000,   // Linha de pixels
0x0000, 0x0000, 0x0000, 0x0000, 0x0000, 0x0000, 0x0000, 0x0000, 0x0000, 0x0000, 0x0000, 0x0000, 0x0000, 0x0000, 0x0000, 0x0000,   // Linha de pixels
0x0000, 0x0000, 0x0000, 0x0000, 0x0000, 0x0000, 0x0000, 0x0000, 0x0000, 0x0000, 0x0000, 0x0000, 0x0000, 0x0000, 0x0000, 0x0000,   // Linha de pixels
0x0000, 0x0000, 0x0000, 0x0000, 0x0000, 0x0000, 0x0000, 0x0000, 0x0000, 0x0000, 0x0000, 0x0000, 0x0000, 0x0000, 0x0000, 0x0000,   // Linha de pixels
0x0000, 0x0000, 0x0000, 0x0000, 0x0000, 0x0000, 0x0000, 0x0000, 0x0000, 0x0000, 0x0F70, 0x0F70, 0x0F70, 0x0F70, 0x0000, 0x0000,   // Linha de pixels
0x0000, 0x0000, 0x0000, 0x0000, 0x0000, 0x0000, 0x0000, 0x0000, 0x0000, 0x0000, 0x0000, 0x0000, 0x0000, 0x0000, 0x0000, 0x0000,   // Linha de pixels
0x0000, 0x0000, 0x0000, 0x0000, 0x0000, 0x0000, 0x0000, 0x0000, 0x0000, 0x0000, 0x0000, 0x0000, 0x0000, 0x0000, 0x0000, 0x0000,   // Linha de pixels
0x0000, 0x0000, 0x0000, 0x0000, 0x0000, 0x0000, 0x0000, 0x0000, 0x0000, 0x0000, 0x0000, 0x0000, 0x0000, 0x0000, 0x0000, 0x0000,   // Linha de pixels
0x0000, 0x0000, 0x0000, 0x0000, 0x0000, 0x0000, 0x0000, 0x0000, 0x0000, 0x0000, 0x0000, 0x0000, 0x0000, 0x0000, 0x0000, 0x0000,   // Linha de pixels
0x0000, 0x0000, 0x0000, 0x0000, 0x0F80, 0x0F80, 0x0F80, 0x0F80, 0x0000, 0x0000, 0x0000, 0x0000, 0x0000, 0x0000, 0x0000, 0x0000,   // Linha de pixels
0x0000, 0x0000, 0x0000, 0x0000, 0x0000, 0x0000, 0x0000, 0x0000, 0x0000, 0x0000, 0x0000, 0x0000, 0x0000, 0x0000, 0x0000, 0x0000,   // Linha de pixels
0x0000, 0x0000, 0x0000, 0x0000, 0x0000, 0x0000, 0x0000, 0x0000, 0x0000, 0x0000, 0x0000, 0x0000, 0x0000, 0x0000, 0x0000, 0x0000,   // Linha de pixels
0x0000, 0x0000, 0x0000, 0x0000, 0x0000, 0x0000, 0x0000, 0x0000, 0x0000, 0x0000, 0x0000, 0x0000, 0x0000, 0x0000, 0x0000, 0x0000,   // Linha de pixels
0x0000, 0x0000, 0x0000, 0x0000, 0x0000, 0x0000, 0x0000, 0x0000, 0x0000, 0x0000, 0x0000, 0x0000, 0x0000, 0x0F90, 0x0F90, 0x0F90,   // Linha de pixels
0x0F90, 0x0000, 0x0000, 0x0000, 0x0000, 0x0000, 0x0000, 0x0000, 0x0000, 0x0000, 0x0000, 0x0000, 0x0000, 0x0000, 0x0000, 0x0000,   // Linha de pixels
0x0000, 0x0000, 0x0000, 0x0000, 0x0000, 0x0000, 0x0000, 0x0000, 0x0000, 0x0000, 0x0000, 0x0000, 0x0000, 0x0000, 0x0000, 0x0000,   // Linha de pixels
0x0000, 0x0000, 0x0000, 0x0000, 0x0000, 0x0000, 0x0000, 0x0000, 0x0000, 0x0000, 0x0000, 0x0000, 0x0000, 0x0000, 0x0000, 0x0000,   // Linha de pixels
0x0000, 0x0000, 0x0000, 0x0000, 0x0000, 0x0000, 0x0000, 0x0000, 0x0000, 0x0000, 0x0000, 0x0000, 0x0000, 0x0000, 0x0000, 0x0000,   // Linha de pixels
0x0000, 0x0000, 0x0000, 0x0000, 0x0000, 0x0000, 0x0000, 0x0FA0, 0x0FA0, 0x0FA0, 0x0FA0, 0x0000, 0x0000, 0x0000, 0x0000, 0x0000,   // Linha de pixels
0x0000, 0x0000, 0x0000, 0x0000, 0x0000, 0x0000, 0x0000, 0x0000, 0x0000, 0x0000, 0x0000, 0x0000, 0x0000, 0x0000, 0x0000, 0x0000,   // Linha de pixels
0x0000, 0x0000, 0x0000, 0x0000, 0x0000, 0x0000, 0x0000, 0x0000, 0x0000, 0x0000, 0x0000, 0x0000, 0x0000, 0x0000, 0x0000, 0x0000,   // Linha de pixels
0x0000, 0x0000, 0x0000, 0x0000, 0x0000, 0x0000, 0x0000, 0x0000, 0x0000, 0x0000, 0x0000, 0x0000, 0x0000, 0x0000, 0x0000, 0x0000,   // Linha de pixels
0x0000, 0x0000, 0x0000, 0x0000, 0x0000, 0x0000, 0x0000, 0x0000, 0x0000, 0x0000, 0x0000, 0x0000, 0x0000, 0x0000, 0x0000, 0x0000,   // Linha de pixels
0x0FB0, 0x0FB0, 0x0FB0, 0x0FB0, 0x0000, 0x0000, 0x0000, 0x0000, 0x0000, 0x0000, 0x0000, 0x0000, 0x0000, 0x0000, 0x0000, 0x0000,   // Linha de pixels
0x0000, 0x0000, 0x0000, 0x0000, 0x0000, 0x0000, 0x0000, 0x0000, 0x0000, 0x0000, 0x0000, 0x0000, 0x0000, 0x0000, 0x0000, 0x0000,   // Linha de pixels
0x0000, 0x0000, 0x0000, 0x0000, 0x0000, 0x0000, 0x0000, 0x0000, 0x0000, 0x0000, 0x0000, 0x0000, 0x0000, 0x0000, 0x0000, 0x0000,   // Linha de pixels
0x0000, 0x0000, 0x0000, 0x0000, 0x0000, 0x0000, 0x0000, 0x0000, 0x0000, 0x0000, 0x0000, 0x0000, 0x0000, 0x0000, 0x0000, 0x0000,   // Linha de pixels
0x0000, 0x0000, 0x0000, 0x0000, 0x0000, 0x0000, 0x0000, 0x0000, 0x0000, 0x0000, 0x0FC0, 0x0FC0, 0x0FC0, 0x0FC0, 0x0000, 0x0000,   // Linha de pixels
0x0000, 0x0000, 0x0000, 0x0000, 0x0000, 0x0000, 0x0000, 0x0000, 0x0000, 0x0000, 0x0000, 0x0000, 0x0000, 0x0000, 0x0000, 0x0000,   // Linha de pixels
0x0000, 0x0000, 0x0000, 0x0000, 0x0000, 0x0000, 0x0000, 0x0000, 0x0000, 0x0000, 0x0000, 0x0000, 0x0000, 0x0000, 0x0000, 0x0000,   // Linha de pixels
0x0000, 0x0000, 0x0000, 0x0000, 0x0000, 0x0000, 0x0000, 0x0000, 0x0000, 0x0000, 0x0000, 0x0000, 0x0000, 0x0000, 0x0000, 0x0000,   // Linha de pixels
0x0000, 0x0000, 0x0000, 0x0000, 0x0000, 0x0000, 0x0000, 0x0000, 0x0000, 0x0000, 0x0000, 0x0000, 0x0000, 0x0000, 0x0000, 0x0000,   // Linha de pixels
0x0000, 0x0000, 0x0000, 0x0000, 0x0000, 0x0000, 0x0000, 0x0000, 0x0000, 0x0000, 0x0000, 0x0000, 0x0000, 0x0000, 0x0000, 0x0000,   // Linha de pixels
0x0000, 0x0000, 0x0000, 0x0000, 0x0000, 0x0000, 0x0000, 0x0000, 0x0000, 0x0000, 0x0000, 0x0000, 0x0000, 0x0F90, 0x0F90, 0x0F90,   // Linha de pixels
0x0F90, 0x0000, 0x0000, 0x0000, 0x0000, 0x0000, 0x0000, 0x0000, 0x0000, 0x0000, 0x0000, 0x0000, 0x0000, 0x0000, 0x0000, 0x0000,   // Linha de pixels
0x0000, 0x0000, 0x0000, 0x0000, 0x0000, 0x0000, 0x0000, 0x0000, 0x0000, 0x0000, 0x0000, 0x0000, 0x0000, 0x0000, 0x0000, 0x0000,   // Linha de pixels
0x0000, 0x0000, 0x0000, 0x0000, 0x0000, 0x0000, 0x0000, 0x0000, 0x0000, 0x0000, 0x0000, 0x0000, 0x0000, 0x0000, 0x0000, 0x0000,   // Linha de pixels
0x0000, 0x0000, 0x0000, 0x0000, 0x0000, 0x0000, 0x0000, 0x0000, 0x0000, 0x0000, 0x0000, 0x0000, 0x0000, 0x0000, 0x0000, 0x0000,   // Linha de pixels
0x0000, 0x0000, 0x0000, 0x0000, 0x0000, 0x0000, 0x0000, 0x0FA0, 0x0FA0, 0x0FA0, 0x0FA0, 0x0000, 0x0000, 0x0000, 0x0000, 0x0000,   // Linha de pixels
0x0000, 0x0000, 0x0000, 0x0000, 0x0000, 0x0000, 0x0000, 0x0000, 0x0000, 0x0000, 0x0000, 0x0000, 0x0000, 0x0000, 0x0000, 0x0000,   // Linha de pixels
0x0000, 0x0000, 0x0000, 0x0000, 0x0000, 0x0000, 0x0000, 0x0000, 0x0000, 0x0000, 0x0000, 0x0000, 0x0000, 0x0000, 0x0000, 0x0000,   // Linha de pixels
0x0000, 0x0000, 0x0000, 0x0000, 0x0000, 0x0000, 0x0000, 0x0000, 0x0000, 0x0000, 0x0000, 0x0000, 0x0000, 0x0000, 0x0000, 0x0000,   // Linha de pixels
0x0000, 0x0000, 0x0000, 0x0000, 0x0000, 0x0000, 0x0000, 0x0000, 0x0000, 0x0000, 0x0000, 0x0000, 0x0000, 0x0000, 0x0000, 0x0000,   // Linha de pixels
0x0FB0, 0x0FB0, 0x0FB0, 0x0FB0, 0x0000, 0x0000, 0x0000, 0x0000, 0x0000, 0x0000, 0x0000, 0x0000, 0x0000, 0x0000, 0x0000, 0x0000,   // Linha de pixels
0x0000, 0x0000, 0x0000, 0x0000, 0x0000, 0x0000, 0x0000, 0x0000, 0x0000, 0x0000, 0x0000, 0x0000, 0x0000, 0x0000, 0x0000, 0x0000,   // Linha de pixels
0x0000, 0x0000, 0x0000, 0x0000, 0x0000, 0x0000, 0x0000, 0x0000, 0x0000, 0x0000, 0x0000, 0x0000, 0x0000, 0x0000, 0x0000, 0x0000,   // Linha de pixels
0x0000, 0x0000, 0x0000, 0x0000, 0x0000, 0x0000, 0x0000, 0x0000, 0x0000, 0x0000, 0x0000, 0x0000, 0x0000, 0x0000, 0x0000, 0x0000,   // Linha de pixels
0x0000, 0x0000, 0x0000, 0x0000, 0x0000, 0x0000, 0x0000, 0x0000, 0x0000, 0x0000, 0x0FC0, 0x0FC0, 0x0FC0, 0x0FC0, 0x0000, 0x0000,   // Linha de pixels
0x0000, 0x0000, 0x0000, 0x0000, 0x0000, 0x0000, 0x0000, 0x0000, 0x0000, 0x0000, 0x0000, 0x0000, 0x0000, 0x0000, 0x0000, 0x0000,   // Linha de pixels
0x0000, 0x0000, 0x0000, 0x0000, 0x0000, 0x0000, 0x0000, 0x0000, 0x0000, 0x0000, 0x0000, 0x0000, 0x0000, 0x0000, 0x0000, 0x0000,   // Linha de pixels
0x0000, 0x0000, 0x0000, 0x0000, 0x0000, 0x0000, 0x0000, 0x0000, 0x0000, 0x0000, 0x0000, 0x0000, 0x0000, 0x0000, 0x0000, 0x0000,   // Linha de pixels
0x0000, 0x0000, 0x0000, 0x0000, 0x0000, 0x0000, 0x0000, 0x0000, 0x0000, 0x0000, 0x0000, 0x0000, 0x0000, 0x0000, 0x0000, 0x0000,   // Linha de pixels
0x0000, 0x0000, 0x0000, 0x0FD0, 0x0FD0, 0x0FD0, 0x0FD0, 0x0000, 0x0000, 0x0000, 0x0000, 0x0000, 0x0000, 0x0000, 0x0000, 0x0000,   // Linha de pixels
0x0000, 0x0000, 0x0000, 0x0000, 0x0000, 0x0000, 0x0000, 0x0000, 0x0000, 0x0000, 0x0000, 0x0000, 0x0000, 0x0000, 0x0000, 0x0000,   // Linha de pixels
0x0000, 0x0000, 0x0000, 0x0000, 0x0000, 0x0000, 0x0000, 0x0000, 0x0000, 0x0000, 0x0000, 0x0000, 0x0000, 0x0000, 0x0000, 0x0000,   // Linha de pixels
0x0000, 0x0000, 0x0000, 0x0000, 0x0000, 0x0000, 0x0000, 0x0000, 0x0000, 0x0000, 0x0000, 0x0000, 0x0000, 0x0000, 0x0000, 0x0000,   // Linha de pixels
0x0000, 0x0000, 0x0000, 0x0000, 0x0000, 0x0000, 0x0000, 0x0000, 0x0000, 0x0000, 0x0000, 0x0000, 0x0000, 0x0FE0, 0x0FE0, 0x0FE0,   // Linha de pixels
0x0FE0, 0x0000, 0x0000, 0x0000, 0x0000, 0x0000, 0x0000, 0x0000, 0x0000, 0x0000, 0x0000, 0x0000, 0x0000, 0x0000, 0x0000, 0x0000,   // Linha de pixels
0x0000, 0x0000, 0x0000, 0x0000, 0x0000, 0x0000, 0x0000, 0x0000, 0x0000, 0x0000, 0x0000, 0x0000, 0x0000, 0x0000, 0x0000, 0x0000,   // Linha de pixels
0x0000, 0x0000, 0x0000, 0x0000, 0x0000, 0x0000, 0x0000, 0x0000, 0x0000, 0x0000, 0x0000, 0x0000, 0x0000, 0x0000, 0x0000, 0x0000,   // Linha de pixels
0x0000, 0x0000, 0x0000, 0x0000, 0x0000, 0x0000, 0x0000, 0x0000, 0x0000, 0x0000, 0x0000, 0x0000, 0x0000, 0x0000, 0x0000, 0x0000,   // Linha de pixels
0x0000, 0x0000, 0x0000, 0x0000, 0x0000, 0x0000, 0x0FF0, 0x0FF0, 0x0FF0, 0x0FF0, 0x0000, 0x0000, 0x0000, 0x0000, 0x0000, 0x0000,   // Linha de pixels
0x0000, 0x0000, 0x0000, 0x0000, 0x0000, 0x0000, 0x0000, 0x0000, 0x0000, 0x0000, 0x0000, 0x0000, 0x0000, 0x0000, 0x0000, 0x0000,   // Linha de pixels
0x0000, 0x0000, 0x0000, 0x0000, 0x0000, 0x0000, 0x0000, 0x0000, 0x0000, 0x0000, 0x0000, 0x0000, 0x0000, 0x0000, 0x0000, 0x0000,   // Linha de pixels
0x0000, 0x0000, 0x0000, 0x0000, 0x0000, 0x0000, 0x0000, 0x0000, 0x0000, 0x0000, 0x0000, 0x0000, 0x0000, 0x0000, 0x0000, 0x0000,   // Linha de pixels
0x0000, 0x0000, 0x0000, 0x0000, 0x0000, 0x0000, 0x0000, 0x0000, 0x0000, 0x0000, 0x0000, 0x0000, 0x0000, 0x0000, 0x0000, 0x0000,   // Linha de pixels
0x1000, 0x1000, 0x1000, 0x1000, 0x0000, 0x0000, 0x0000, 0x0000, 0x0000, 0x0000, 0x0000, 0x0000, 0x0000, 0x0000, 0x0000, 0x0000,   // Linha de pixels
0x0000, 0x0000, 0x0000, 0x0000, 0x0000, 0x0000, 0x0000, 0x0000, 0x0000, 0x0000, 0x0000, 0x0000, 0x0000, 0x0000, 0x0000, 0x0000,   // Linha de pixels
0x0000, 0x0000, 0x0000, 0x0000, 0x0000, 0x0000, 0x0000, 0x0000, 0x0000, 0x0000, 0x0000, 0x0000, 0x0000, 0x0000, 0x0000, 0x0000,   // Linha de pixels
0x0000, 0x0000, 0x0000, 0x0000, 0x0000, 0x0000, 0x0000, 0x0000, 0x0000, 0x0000, 0x0000, 0x0000, 0x0000, 0x0000, 0x0000, 0x0000,   // Linha de pixels
0x0000, 0x0000, 0x0000, 0x0000, 0x0000, 0x0000, 0x0000, 0x0000, 0x0000, 0x0000, 0x0000, 0x0000, 0x0000, 0x0000, 0x0000, 0x0000,   // Linha de pixels
0x0000, 0x0000, 0x0000, 0x0000, 0x0000, 0x0000, 0x0000, 0x0000, 0x0000, 0x0000, 0x0000, 0x0000, 0x0000, 0x0000, 0x0000, 0x0000,   // Linha de pixels
0x0000, 0x0000, 0x0000, 0x0FD0, 0x0FD0, 0x0FD0, 0x0FD0, 0x0000, 0x0000, 0x0000, 0x0000, 0x0000, 0x0000, 0x0000, 0x0000, 0x0000,   // Linha de pixels
0x0000, 0x0000, 0x0000, 0x0000, 0x0000, 0x0000, 0x0000, 0x0000, 0x0000, 0x0000, 0x0000, 0x0000, 0x0000, 0x0000, 0x0000, 0x0000,   // Linha de pixels
0x0000, 0x0000, 0x0000, 0x0000, 0x0000, 0x0000, 0x0000, 0x0000, 0x0000, 0x0000, 0x0000, 0x0000, 0x0000, 0x0000, 0x0000, 0x0000,   // Linha de pixels
0x0000, 0x0000, 0x0000, 0x0000, 0x0000, 0x0000, 0x0000, 0x0000, 0x0000, 0x0000, 0x0000, 0x0000, 0x0000, 0x0000, 0x0000, 0x0000,   // Linha de pixels
0x0000, 0x0000, 0x0000, 0x0000, 0x0000, 0x0000, 0x0000, 0x0000, 0x0000, 0x0000, 0x0000, 0x0000, 0x0000, 0x0FE0, 0x0FE0, 0x0FE0,   // Linha de pixels
0x0FE0, 0x0000, 0x0000, 0x0000, 0x0000, 0x0000, 0x0000, 0x0000, 0x0000, 0x0000, 0x0000, 0x0000, 0x0000, 0x0000, 0x0000, 0x0000,   // Linha de pixels
0x0000, 0x0000, 0x0000, 0x0000, 0x0000, 0x0000, 0x0000, 0x0000, 0x0000, 0x0000, 0x0000, 0x0000, 0x0000, 0x0000, 0x0000, 0x0000,   // Linha de pixels
0x0000, 0x0000, 0x0000, 0x0000, 0x0000, 0x0000, 0x0000, 0x0000, 0x0000, 0x0000, 0x0000, 0x0000, 0x0000, 0x0000, 0x0000, 0x0000,   // Linha de pixels
0x0000, 0x0000, 0x0000, 0x0000, 0x0000, 0x0000, 0x0000, 0x0000, 0x0000, 0x0000, 0x0000, 0x0000, 0x0000, 0x0000, 0x0000, 0x0000,   // Linha de pixels
0x0000, 0x0000, 0x0000, 0x0000, 0x0000, 0x0000, 0x0FF0, 0x0FF0, 0x0FF0, 0x0FF0, 0x0000, 0x0000, 0x0000, 0x0000, 0x0000, 0x0000,   // Linha de pixels
0x0000, 0x0000, 0x0000, 0x0000, 0x0000, 0x0000, 0x0000, 0x0000, 0x0000, 0x0000, 0x0000, 0x0000, 0x0000, 0x0000, 0x0000, 0x0000,   // Linha de pixels
0x0000, 0x0000, 0x0000, 0x0000, 0x0000, 0x0000, 0x0000, 0x0000, 0x0000, 0x0000, 0x0000, 0x0000, 0x0000, 0x0000, 0x0000, 0x0000,   // Linha de pixels
0x0000, 0x0000, 0x0000, 0x0000, 0x0000, 0x0000, 0x0000, 0x0000, 0x0000, 0x0000, 0x0000, 0x0000, 0x0000, 0x0000, 0x0000, 0x0000,   // Linha de pixels
0x0000, 0x0000, 0x0000, 0x0000, 0x0000, 0x0000, 0x0000, 0x0000, 0x0000, 0x0000, 0x0000, 0x0000, 0x0000, 0x0000, 0x0000, 0x0000,   // Linha de pixels
0x1000, 0x1000, 0x1000, 0x1000, 0x0000, 0x0000, 0x0000, 0x0000, 0x0000, 0x0000, 0x0000, 0x0000, 0x0000, 0x0000, 0x0000, 0x0000,   // Linha de pixels
0x0000, 0x0000, 0x0000, 0x0000, 0x0000, 0x0000, 0x0000, 0x0000, 0x0000, 0x0000, 0x0000, 0x0000, 0x0000, 0x0000, 0x0000, 0x0000,   // Linha de pixels
0x0000, 0x0000, 0x0000, 0x0000, 0x0000, 0x0000, 0x0000, 0x0000, 0x0000, 0x0000, 0x0000, 0x0000, 0x0000, 0x0000, 0x0000, 0x0000,   // Linha de pixels
0x0000, 0x0000, 0x0000, 0x0000, 0x0000, 0x0000, 0x0000, 0x0000, 0x0000, 0x0000, 0x0000, 0x0000, 0x0000, 0x0000, 0x0000, 0x0000,   // Linha de pixels
0x0000, 0x0000, 0x0000, 0x0000, 0x0000, 0x0000, 0x0000, 0x0000, 0x0000, 0x1010, 0x1010, 0x1010, 0x1010, 0x0000, 0x0000, 0x0000,   // Linha de pixels
0x0000, 0x0000, 0x0000, 0x0000, 0x0000, 0x0000, 0x0000, 0x0000, 0x0000, 0x0000, 0x0000, 0x0000, 0x0000, 0x0000, 0x0000, 0x0000,   // Linha de pixels
0x0000, 0x0000, 0x0000, 0x0000, 0x0000, 0x0000, 0x0000, 0x0000, 0x0000, 0x0000, 0x0000, 0x0000, 0x0000, 0x0000, 0x0000, 0x0000,   // Linha de pixels
0x0000, 0x0000, 0x0000, 0x0000, 0x0000, 0x0000, 0x0000, 0x0000, 0x0000, 0x0000, 0x0000, 0x0000, 0x0000, 0x0000, 0x0000, 0x0000,   // Linha de pixels
0x0000, 0x0000, 0x0000, 0x0000, 0x0000, 0x0000, 0x0000, 0x0000, 0x0000, 0x0000, 0x0000, 0x0000, 0x0000, 0x0000, 0x0000, 0x0000,   // Linha de pixels
0x0000, 0x0000, 0x0000, 0x1020, 0x1020, 0x1020, 0x1020, 0x0000, 0x0000, 0x0000, 0x0000, 0x0000, 0x0000, 0x0000, 0x0000, 0x0000,   // Linha de pixels
0x0000, 0x0000, 0x0000, 0x0000, 0x0000, 0x0000, 0x0000, 0x0000, 0x0000, 0x0000, 0x0000, 0x0000, 0x0000, 0x0000, 0x0000, 0x0000,   // Linha de pixels
0x0000, 0x0000, 0x0000, 0x0000, 0x0000, 0x0000, 0x0000, 0x0000, 0x0000, 0x0000, 0x0000, 0x0000, 0x0000, 0x0000, 0x0000, 0x0000,   // Linha de pixels
0x0000, 0x0000, 0x0000, 0x0000, 0x0000, 0x0000, 0x0000, 0x0000, 0x0000, 0x0000, 0x0000, 0x0000, 0x0000, 0x0000, 0x0000, 0x0000,   // Linha de pixels
0x0000, 0x0000, 0x0000, 0x0000, 0x0000, 0x0000, 0x0000, 0x0000, 0x0000, 0x0000, 0x0000, 0x0000, 0x1030, 0x1030, 0x1030, 0x1030,   // Linha de pixels
0x0000, 0x0000, 0x0000, 0x0000, 0x0000, 0x0000, 0x0000, 0x0000, 0x0000, 0x0000, 0x0000, 0x0000, 0x0000, 0x0000, 0x0000, 0x0000,   // Linha de pixels
0x0000, 0x0000, 0x0000, 0x0000, 0x0000, 0x0000, 0x0000, 0x0000, 0x0000, 0x0000, 0x0000, 0x0000, 0x0000, 0x0000, 0x0000, 0x0000,   // Linha de pixels
0x0000, 0x0000, 0x0000, 0x0000, 0x0000, 0x0000, 0x0000, 0x0000, 0x0000, 0x0000, 0x0000, 0x0000, 0x0000, 0x0000, 0x0000, 0x0000,   // Linha de pixels
0x0000, 0x0000, 0x0000, 0x0000, 0x0000, 0x0000, 0x0000, 0x0000, 0x0000, 0x0000, 0x0000, 0x0000, 0x0000, 0x0000, 0x0000, 0x0000,   // Linha de pixels
0x0000, 0x0000, 0x0000, 0x0000, 0x0000, 0x0000, 0x1040, 0x1040, 0x1040, 0x1040, 0x0000, 0x0000, 0x0000, 0x0000, 0x0000, 0x0000,   // Linha de pixels
0x0000, 0x0000, 0x0000, 0x0000, 0x0000, 0x0000, 0x0000, 0x0000, 0x0000, 0x0000, 0x0000, 0x0000, 0x0000, 0x0000, 0x0000, 0x0000,   // Linha de pixels
0x0000, 0x0000, 0x0000, 0x0000, 0x0000, 0x0000, 0x0000, 0x0000, 0x0000, 0x0000, 0x0000, 0x0000, 0x0000, 0x0000, 0x0000, 0x0000,   // Linha de pixels
0x0000, 0x0000, 0x0000, 0x0000, 0x0000, 0x0000, 0x0000, 0x0000, 0x0000, 0x0000, 0x0000, 0x0000, 0x0000, 0x0000, 0x0000, 0x0000,   // Linha de pixels
0x0000, 0x0000, 0x0000, 0x0000, 0x0000, 0x0000, 0x0000, 0x0000, 0x0000, 0x0000, 0x0000, 0x0000, 0x0000, 0x0000, 0x0000, 0x1050,   // Linha de pixels
0x1050, 0x1050, 0x1050, 0x1050, 0x0000, 0x0000, 0x0000, 0x0000, 0x0000, 0x0000, 0x0000, 0x0000, 0x0000, 0x0000, 0x0000, 0x0000,   // Linha de pixels
0x0000, 0x0000, 0x0000, 0x0000, 0x0000, 0x0000, 0x0000, 0x0000, 0x0000, 0x1010, 0x1010, 0x1010, 0x1010, 0x0000, 0x0000, 0x0000,   // Linha de pixels
0x0000, 0x0000, 0x0000, 0x0000, 0x0000, 0x0000, 0x0000, 0x0000, 0x0000, 0x0000, 0x0000, 0x0000, 0x0000, 0x0000, 0x0000, 0x0000,   // Linha de pixels
0x0000, 0x0000, 0x0000, 0x0000, 0x0000, 0x0000, 0x0000, 0x0000, 0x0000, 0x0000, 0x0000, 0x0000, 0x0000, 0x0000, 0x0000, 0x0000,   // Linha de pixels
0x0000, 0x0000, 0x0000, 0x0000, 0x0000, 0x0000, 0x0000, 0x0000, 0x0000, 0x0000, 0x0000, 0x0000, 0x0000, 0x0000, 0x0000, 0x0000,   // Linha de pixels
0x0000, 0x0000, 0x0000, 0x0000, 0x0000, 0x0000, 0x0000, 0x0000, 0x0000, 0x0000, 0x0000, 0x0000, 0x0000, 0x0000, 0x0000, 0x0000,   // Linha de pixels
0x0000, 0x0000, 0x0000, 0x1020, 0x1020, 0x1020, 0x1020, 0x0000, 0x0000, 0x0000, 0x0000, 0x0000, 0x0000, 0x0000, 0x0000, 0x0000,   // Linha de pixels
0x0000, 0x0000, 0x0000, 0x0000, 0x0000, 0x0000, 0x0000, 0x0000, 0x0000, 0x0000, 0x0000, 0x0000, 0x0000, 0x0000, 0x0000, 0x0000,   // Linha de pixels
0x0000, 0x0000, 0x0000, 0x0000, 0x0000, 0x0000, 0x0000, 0x0000, 0x0000, 0x0000, 0x0000, 0x0000, 0x0000, 0x0000, 0x0000, 0x0000,   // Linha de pixels
0x0000, 0x0000, 0x0000, 0x0000, 0x0000, 0x0000, 0x0000, 0x0000, 0x0000, 0x0000, 0x0000, 0x0000, 0x0000, 0x0000, 0x0000, 0x0000,   // Linha de pixels
0x0000, 0x0000, 0x0000, 0x0000, 0x0000, 0x0000, 0x0000, 0x0000, 0x0000, 0x0000, 0x0000, 0x0000, 0x1030, 0x1030, 0x1030, 0x1030,   // Linha de pixels
0x0000, 0x0000, 0x0000, 0x0000, 0x0000, 0x0000, 0x0000, 0x0000, 0x0000, 0x0000, 0x0000, 0x0000, 0x0000, 0x0000, 0x0000, 0x0000,   // Linha de pixels
0x0000, 0x0000, 0x0000, 0x0000, 0x0000, 0x0000, 0x0000, 0x0000, 0x0000, 0x0000, 0x0000, 0x0000, 0x0000, 0x0000, 0x0000, 0x0000,   // Linha de pixels
0x0000, 0x0000, 0x0000, 0x0000, 0x0000, 0x0000, 0x0000, 0x0000, 0x0000, 0x0000, 0x0000, 0x0000, 0x0000, 0x0000, 0x0000, 0x0000,   // Linha de pixels
0x0000, 0x0000, 0x0000, 0x0000, 0x0000, 0x0000, 0x0000, 0x0000, 0x0000, 0x0000, 0x0000, 0x0000, 0x0000, 0x0000, 0x0000, 0x0000,   // Linha de pixels
0x0000, 0x0000, 0x0000, 0x0000, 0x0000, 0x0000, 0x1040, 0x1040, 0x1040, 0x1040, 0x0000, 0x0000, 0x0000, 0x0000, 0x0000, 0x0000,   // Linha de pixels
0x0000, 0x0000, 0x0000, 0x0000, 0x0000, 0x0000, 0x0000, 0x0000, 0x0000, 0x0000, 0x0000, 0x0000, 0x0000, 0x0000, 0x0000, 0x0000,   // Linha de pixels
0x0000, 0x0000, 0x0000, 0x0000, 0x0000, 0x0000, 0x0000, 0x0000, 0x0000, 0x0000, 0x0000, 0x0000, 0x0000, 0x0000, 0x0000, 0x0000,   // Linha de pixels
0x0000, 0x0000, 0x0000, 0x0000, 0x0000, 0x0000, 0x0000, 0x0000, 0x0000, 0x0000, 0x0000, 0x0000, 0x0000, 0x0000, 0x0000, 0x0000,   // Linha de pixels
0x0000, 0x0000, 0x0000, 0x0000, 0x0000, 0x0000, 0x0000, 0x0000, 0x0000, 0x0000, 0x0000, 0x0000, 0x0000, 0x0000, 0x0000, 0x1050,   // Linha de pixels
0x1050, 0x1050, 0x1050, 0x1050, 0x0000, 0x0000, 0x0000, 0x0000, 0x0000, 0x0000, 0x0000, 0x0000, 0x0000, 0x0000, 0x0000, 0x0000,   // Linha de pixels
0x0000, 0x0000, 0x0000, 0x0000, 0x0000, 0x0000, 0x0000, 0x0000, 0x0000, 0x0000, 0x0000, 0x0000, 0x0000, 0x0000, 0x0000, 0x0000,   // Linha de pixels
0x0000, 0x0000, 0x0000, 0x0000, 0x0000, 0x0000, 0x0000, 0x0000, 0x0000, 0x0000, 0x0000, 0x0000, 0x0000, 0x0000, 0x0000, 0x0000,   // Linha de pixels
0x0000, 0x0000, 0x0000, 0x0000, 0x0000, 0x0000, 0x0000, 0x0000, 0x0000, 0x0000, 0x0000, 0x0000, 0x0000, 0x0000, 0x0000, 0x0000,   // Linha de pixels
0x0000, 0x0000, 0x0000, 0x0000, 0x0000, 0x0000, 0x0000, 0x0000, 0x0000, 0x1060, 0x1060, 0x1060, 0x1060, 0x0000, 0x0000, 0x0000,   // Linha de pixels
0x0000, 0x0000, 0x0000, 0x0000, 0x0000, 0x0000, 0x0000, 0x0000, 0x0000, 0x0000, 0x0000, 0x0000, 0x0000, 0x0000, 0x0000, 0x0000,   // Linha de pixels
0x0000, 0x0000, 0x0000, 0x0000, 0x0000, 0x0000, 0x0000, 0x0000, 0x0000, 0x0000, 0x0000, 0x0000, 0x0000, 0x0000, 0x0000, 0x0000,   // Linha de pixels
0x0000, 0x0000, 0x0000, 0x0000, 0x0000, 0x0000, 0x0000, 0x0000, 0x0000, 0x0000, 0x0000, 0x0000, 0x0000, 0x0000, 0x0000, 0x0000,   // Linha de pixels
0x0000, 0x0000, 0x0000, 0x0000, 0x0000, 0x0000, 0x0000, 0x0000, 0x0000, 0x0000, 0x0000, 0x0000, 0x0000, 0x0000, 0x0000, 0x0000,   // Linha de pixels
0x0000, 0x0000, 0x1070, 0x1070, 0x1070, 0x1070, 0x1070, 0x0000, 0x0000, 0x0000, 0x0000, 0x0000, 0x0000, 0x0000, 0x0000, 0x0000,   // Linha de pixels
0x0000, 0x0000, 0x0000, 0x0000, 0x0000, 0x0000, 0x0000, 0x0000, 0x0000, 0x0000, 0x0000, 0x0000, 0x0000, 0x0000, 0x0000, 0x0000,   // Linha de pixels
0x0000, 0x0000, 0x0000, 0x0000, 0x0000, 0x0000, 0x0000, 0x0000, 0x0000, 0x0000, 0x0000, 0x0000, 0x0000, 0x0000, 0x0000, 0x0000,   // Linha de pixels
0x0000, 0x0000, 0x0000, 0x0000, 0x0000, 0x0000, 0x0000, 0x0000, 0x0000, 0x0000, 0x0000, 0x0000, 0x0000, 0x0000, 0x0000, 0x0000,   // Linha de pixels
0x0000, 0x0000, 0x0000, 0x0000, 0x0000, 0x0000, 0x0000, 0x0000, 0x0000, 0x0000, 0x0000, 0x0000, 0x1080, 0x1080, 0x1080, 0x1080,   // Linha de pixels
0x0000, 0x0000, 0x0000, 0x0000, 0x0000, 0x0000, 0x0000, 0x0000, 0x0000, 0x0000, 0x0000, 0x0000, 0x0000, 0x0020, 0x0020, 0x0020,   // Linha de pixels
0x0020, 0x0020, 0x0020, 0x0020, 0x0020, 0x0020, 0x0000, 0x0000, 0x0000, 0x0000, 0x0000, 0x0000, 0x0000, 0x0000, 0x0000, 0x0000,   // Linha de pixels
0x0000, 0x0000, 0x0000, 0x0000, 0x0000, 0x0000, 0x0000, 0x0000, 0x0000, 0x0000, 0x0000, 0x0020, 0x0020, 0x0020, 0x0020, 0x0020,   // Linha de pixels
0x0020, 0x0020, 0x0020, 0x0020, 0x0020, 0x0020, 0x0020, 0x0020, 0x0020, 0x0020, 0x0020, 0x0020, 0x0020, 0x0020, 0x0020, 0x0020,   // Linha de pixels
0x0020, 0x0020, 0x0020, 0x0020, 0x0020, 0x1090, 0x1090, 0x1090, 0x1090, 0x1090, 0x0020, 0x0020, 0x0020, 0x0020, 0x0020, 0x0020,   // Linha de pixels
0x0020, 0x0020, 0x0020, 0x0020, 0x0020, 0x0020, 0x0020, 0x0020, 0x0020, 0x0020, 0x0020, 0x0020, 0x0020, 0x0020, 0x0020, 0x0020,   // Linha de pixels
0x0020, 0x0020, 0x0020, 0x0020, 0x0020, 0x0020, 0x0020, 0x0020, 0x0020, 0x0020, 0x0020, 0x0020, 0x0020, 0x0020, 0x0020, 0x0020,   // Linha de pixels
0x0000, 0x0000, 0x0000, 0x0000, 0x0000, 0x0000, 0x0000, 0x0000, 0x0000, 0x0000, 0x0000, 0x0000, 0x0000, 0x0000, 0x0000, 0x0000,   // Linha de pixels
0x0000, 0x0000, 0x0000, 0x0000, 0x0000, 0x0000, 0x0000, 0x0000, 0x0000, 0x0000, 0x0000, 0x0000, 0x0000, 0x0000, 0x0000, 0x0000,   // Linha de pixels
0x0000, 0x0000, 0x0000, 0x0000, 0x0000, 0x0000, 0x0000, 0x0000, 0x0000, 0x0000, 0x0000, 0x0000, 0x0000, 0x0000, 0x0000, 0x0000,   // Linha de pixels
0x0000, 0x0000, 0x0000, 0x0000, 0x0000, 0x0000, 0x0000, 0x0000, 0x0000, 0x1060, 0x1060, 0x1060, 0x1060, 0x0000, 0x0000, 0x0000,   // Linha de pixels
0x0000, 0x0000, 0x0000, 0x0000, 0x0000, 0x0000, 0x0000, 0x0000, 0x0000, 0x0000, 0x0000, 0x0000, 0x0000, 0x0000, 0x0000, 0x0000,   // Linha de pixels
0x0000, 0x0000, 0x0000, 0x0000, 0x0000, 0x0000, 0x0000, 0x0000, 0x0000, 0x0000, 0x0000, 0x0000, 0x0000, 0x0000, 0x0000, 0x0000,   // Linha de pixels
0x0000, 0x0000, 0x0000, 0x0000, 0x0000, 0x0000, 0x0000, 0x0000, 0x0000, 0x0000, 0x0000, 0x0000, 0x0000, 0x0000, 0x0000, 0x0000,   // Linha de pixels
0x0000, 0x0000, 0x0000, 0x0000, 0x0000, 0x0000, 0x0000, 0x0000, 0x0000, 0x0000, 0x0000, 0x0000, 0x0000, 0x0000, 0x0000, 0x0000,   // Linha de pixels
0x0000, 0x0000, 0x1070, 0x1070, 0x1070, 0x1070, 0x1070, 0x0000, 0x0000, 0x0000, 0x0000, 0x0000, 0x0000, 0x0000, 0x0000, 0x0000,   // Linha de pixels
0x0000, 0x0000, 0x0000, 0x0000, 0x0000, 0x0000, 0x0000, 0x0000, 0x0000, 0x0000, 0x0000, 0x0000, 0x0000, 0x0000, 0x0000, 0x0000,   // Linha de pixels
0x0000, 0x0000, 0x0000, 0x0000, 0x0000, 0x0000, 0x0000, 0x0000, 0x0000, 0x0000, 0x0000, 0x0000, 0x0000, 0x0000, 0x0000, 0x0000,   // Linha de pixels
0x0000, 0x0000, 0x0000, 0x0000, 0x0000, 0x0000, 0x0000, 0x0000, 0x0000, 0x0000, 0x0000, 0x0000, 0x0000, 0x0000, 0x0000, 0x0000,   // Linha de pixels
0x0000, 0x0000, 0x0000, 0x0000, 0x0000, 0x0000, 0x0000, 0x0000, 0x0000, 0x0000, 0x0000, 0x0000, 0x1080, 0x1080, 0x1080, 0x1080,   // Linha de pixels
0x0000, 0x0000, 0x0000, 0x0000, 0x0000, 0x0000, 0x0000, 0x0000, 0x0000, 0x0000, 0x0000, 0x0000, 0x0000, 0x0020, 0x0020, 0x0020,   // Linha de pixels
0x0020, 0x0020, 0x0020, 0x0020, 0x0020, 0x0020, 0x0000, 0x0000, 0x0000, 0x0000, 0x0000, 0x0000, 0x0000, 0x0000, 0x0000, 0x0000,   // Linha de pixels
0x0000, 0x0000, 0x0000, 0x0000, 0x0000, 0x0000, 0x0000, 0x0000, 0x0000, 0x0000, 0x0000, 0x0020, 0x0020, 0x0020, 0x0020, 0x0020,   // Linha de pixels
0x0020, 0x0020, 0x0020, 0x0020, 0x0020, 0x0020, 0x0020, 0x0020, 0x0020, 0x0020, 0x0020, 0x0020, 0x0020, 0x0020, 0x0020, 0x0020,   // Linha de pixels
0x0020, 0x0020, 0x0020, 0x0020, 0x0020, 0x1090, 0x1090, 0x1090, 0x1090, 0x1090, 0x0020, 0x0020, 0x0020, 0x0020, 0x0020, 0x0020,   // Linha de pixels
0x0020, 0x0020, 0x0020, 0x0020, 0x0020, 0x0020, 0x0020, 0x0020, 0x0020, 0x0020, 0x0020, 0x0020, 0x0020, 0x0020, 0x0020, 0x0020,   // Linha de pixels
0x0020, 0x0020, 0x0020, 0x0020, 0x0020, 0x0020, 0x0020, 0x0020, 0x0020, 0x0020, 0x0020, 0x0020, 0x0020, 0x0020, 0x0020, 0x0020,   // Linha de pixels
0x0000, 0x0000, 0x0000, 0x0000, 0x0000, 0x0000, 0x0000, 0x0000, 0x0000, 0x0000, 0x0000, 0x0000, 0x0000, 0x0000, 0x0000, 0x0000,   // Linha de pixels
0x0000, 0x0000, 0x0000, 0x0000, 0x0000, 0x0000, 0x0000, 0x0000, 0x0000, 0x0000, 0x0000, 0x0000, 0x0000, 0x0000, 0x0000, 0x0000,   // Linha de pixels
0x0000, 0x0000, 0x0000, 0x0000, 0x0000, 0x0000, 0x0000, 0x0000, 0x0000, 0x0000, 0x0000, 0x0000, 0x0000, 0x0000, 0x0000, 0x0000,   // Linha de pixels
0x0000, 0x0000, 0x0000, 0x0000, 0x0000, 0x0000, 0x0000, 0x0000, 0x0000, 0x1060, 0x1060, 0x1060, 0x1060, 0x0000, 0x0000, 0x0000,   // Linha de pixels
0x0000, 0x0000, 0x0000, 0x0000, 0x0000, 0x0000, 0x0000, 0x0000, 0x0000, 0x0000, 0x0000, 0x0000, 0x0000, 0x0000, 0x0000, 0x0000,   // Linha de pixels
0x0000, 0x0000, 0x0000, 0x0000, 0x0000, 0x0000, 0x0000, 0x0000, 0x0000, 0x0000, 0x0000, 0x0000, 0x0000, 0x0000, 0x0000, 0x0000,   // Linha de pixels
0x0000, 0x0000, 0x0000, 0x0000, 0x0000, 0x0000, 0x0000, 0x0000, 0x0000, 0x0000, 0x0000, 0x0000, 0x0000, 0x0000, 0x0000, 0x0000,   // Linha de pixels
0x0000, 0x0000, 0x0000, 0x0000, 0x0000, 0x0000, 0x0000, 0x0000, 0x0000, 0x0000, 0x0000, 0x0000, 0x0000, 0x0000, 0x0000, 0x0000,   // Linha de pixels
0x0000, 0x0000, 0x1070, 0x1070, 0x1070, 0x1070, 0x1070, 0x0000, 0x0000, 0x0000, 0x0000, 0x0000, 0x0000, 0x0000, 0x0000, 0x0000,   // Linha de pixels
0x0000, 0x0000, 0x0000, 0x0000, 0x0000, 0x0000, 0x0000, 0x0000, 0x0000, 0x0000, 0x0000, 0x0000, 0x0000, 0x0000, 0x0000, 0x0000,   // Linha de pixels
0x0000, 0x0000, 0x0000, 0x0000, 0x0000, 0x0000, 0x0000, 0x0000, 0x0000, 0x0000, 0x0000, 0x0000, 0x0000, 0x0000, 0x0000, 0x0000,   // Linha de pixels
0x0000, 0x0000, 0x0000, 0x0000, 0x0000, 0x0000, 0x0000, 0x0000, 0x0000, 0x0000, 0x0000, 0x0000, 0x0000, 0x0000, 0x0000, 0x0000,   // Linha de pixels
0x0000, 0x0000, 0x0000, 0x0000, 0x0000, 0x0000, 0x0000, 0x0000, 0x0000, 0x0000, 0x0000, 0x0000, 0x1080, 0x1080, 0x1080, 0x1080,   // Linha de pixels
0x0000, 0x0000, 0x0000, 0x0000, 0x0000, 0x0000, 0x0000, 0x0000, 0x0000, 0x0000, 0x0000, 0x0000, 0x0000, 0x0020, 0x0020, 0x0020,   // Linha de pixels
0x0020, 0x0020, 0x0020, 0x0020, 0x0020, 0x0020, 0x0000, 0x0000, 0x0000, 0x0000, 0x0000, 0x0000, 0x0000, 0x0000, 0x0000, 0x0000,   // Linha de pixels
0x0000, 0x0000, 0x0000, 0x0000, 0x0000, 0x0000, 0x0000, 0x0000, 0x0000, 0x0000, 0x0000, 0x0020, 0x0020, 0x0020, 0x0020, 0x0020,   // Linha de pixels
0x0020, 0x0020, 0x0020, 0x0020, 0x0020, 0x0020, 0x0020, 0x0020, 0x0020, 0x0020, 0x0020, 0x0020, 0x0020, 0x0020, 0x0020, 0x0020,   // Linha de pixels
0x0020, 0x0020, 0x0020, 0x0020, 0x0020, 0x1090, 0x1090, 0x1090, 0x1090, 0x1090, 0x0020, 0x0020, 0x0020, 0x0020, 0x0020, 0x0020,   // Linha de pixels
0x0020, 0x0020, 0x0020, 0x0020, 0x0020, 0x0020, 0x0020, 0x0020, 0x0020, 0x0020, 0x0020, 0x0020, 0x0020, 0x0020, 0x0020, 0x0020,   // Linha de pixels
0x0020, 0x0020, 0x0020, 0x0020, 0x0020, 0x0020, 0x0020, 0x0020, 0x0020, 0x0020, 0x0020, 0x0020, 0x0020, 0x0020, 0x0020, 0x0020,   // Linha de pixels
0x0020, 0x0020, 0x0020, 0x0020, 0x0020, 0x0000, 0x0000, 0x0000, 0x0000, 0x0000, 0x0000, 0x0000, 0x0000, 0x0000, 0x0000, 0x0000,   // Linha de pixels
0x0000, 0x0000, 0x0000, 0x0000, 0x0000, 0x0000, 0x0000, 0x0000, 0x0000, 0x0000, 0x0020, 0x0020, 0x0020, 0x0020, 0x0020, 0x10A0,   // Linha de pixels
0x10A0, 0x10A0, 0x10A0, 0x0020, 0x0020, 0x0020, 0x0020, 0x0000, 0x0000, 0x0000, 0x0000, 0x0000, 0x0000, 0x0000, 0x0000, 0x0000,   // Linha de pixels
0x0000, 0x0000, 0x0000, 0x0000, 0x0000, 0x0000, 0x0000, 0x0000, 0x0000, 0x0000, 0x0000, 0x0000, 0x0000, 0x0000, 0x0000, 0x0000,   // Linha de pixels
0x0000, 0x0000, 0x0000, 0x0000, 0x0000, 0x0000, 0x0000, 0x0000, 0x0000, 0x0000, 0x0000, 0x0000, 0x0000, 0x0000, 0x0000, 0x0000,   // Linha de pixels
0x0000, 0x0000, 0x0000, 0x0000, 0x0000, 0x0000, 0x0000, 0x0000, 0x0000, 0x0000, 0x0000, 0x0020, 0x0020, 0x0020, 0x0020, 0x0020,   // Linha de pixels
0x0020, 0x0020, 0x0020, 0x0020, 0x0020, 0x0020, 0x0020, 0x0020, 0x10B0, 0x10B0, 0x10B0, 0x10B0, 0x10B0, 0x0020, 0x0020, 0x0020,   // Linha de pixels
0x0020, 0x0020, 0x0020, 0x0020, 0x0020, 0x0020, 0x0020, 0x0020, 0x0020, 0x0020, 0x0020, 0x0020, 0x0020, 0x0020, 0x0020, 0x0020,   // Linha de pixels
0x0020, 0x0020, 0x0020, 0x0020, 0x0020, 0x0020, 0x0020, 0x0000, 0x0000, 0x0000, 0x0000, 0x0000, 0x0000, 0x0000, 0x0000, 0x0000,   // Linha de pixels
0x0000, 0x0000, 0x0000, 0x0000, 0x0000, 0x0000, 0x0000, 0x0000, 0x0000, 0x0000, 0x0000, 0x0000, 0x0000, 0x0000, 0x0000, 0x0000,   // Linha de pixels
0x0000, 0x0000, 0x0000, 0x0000, 0x0000, 0x0000, 0x0000, 0x0000, 0x0000, 0x0000, 0x0000, 0x0000, 0x0000, 0x0000, 0x0000, 0x0000,   // Linha de pixels
0x0000, 0x0000, 0x10C0, 0x10C0, 0x10C0, 0x10C0, 0x0020, 0x0020, 0x0020, 0x0020, 0x0020, 0x0020, 0x0020, 0x0020, 0x0020, 0x0020,   // Linha de pixels
0x0020, 0x0020, 0x0020, 0x0020, 0x0020, 0x0020, 0x0020, 0x0000, 0x0000, 0x0000, 0x0000, 0x0000, 0x0000, 0x0000, 0x0000, 0x0000,   // Linha de pixels
0x0000, 0x0000, 0x0000, 0x0000, 0x0000, 0x0000, 0x0000, 0x0000, 0x0000, 0x0000, 0x0000, 0x0000, 0x0000, 0x0000, 0x0000, 0x0000,   // Linha de pixels
0x0000, 0x0020, 0x0020, 0x0020, 0x0020, 0x0020, 0x18C3, 0x18C3, 0x18C3, 0x18C3, 0x736D, 0x736D, 0x736D, 0x736D, 0xA534, 0xA534,   // Linha de pixels
0xA534, 0xA534, 0xA534, 0xA4F3, 0xA4F3, 0xA4F3, 0xA4F3, 0x4208, 0x4208, 0x4208, 0x4208, 0x10D0, 0x10D0, 0x10D0, 0x10D0, 0x10D0,   // Linha de pixels
0x1082, 0x1082, 0x1082, 0x1082, 0x0000, 0x0000, 0x0000, 0x0000, 0x0000, 0x0000, 0x0000, 0x0000, 0x0000, 0x0861, 0x0861, 0x0861,   // Linha de pixels
0x0861, 0x8430, 0x8430, 0x8430, 0x8430, 0xA534, 0xA534, 0xA534, 0xA534, 0xA534, 0xA514, 0xA514, 0xA514, 0xA514, 0xA514, 0xA514,   // Linha de pixels
0xA514, 0xA514, 0xA514, 0xA514, 0xA514, 0xA514, 0xA514, 0xA514, 0xA514, 0xA514, 0xA514, 0xA514, 0xA514, 0xA514, 0xA514, 0xA514,   // Linha de pixels
0xA514, 0xA514, 0xA514, 0xA514, 0xA514, 0xA514, 0xA514, 0xA514, 0xA514, 0xA514, 0xA514, 0xA514, 0xA514, 0xA514, 0xA514, 0xA514,   // Linha de pixels
0x0020, 0x0020, 0x0020, 0x0020, 0x0020, 0x0000, 0x0000, 0x0000, 0x0000, 0x0000, 0x0000, 0x0000, 0x0000, 0x0000, 0x0000, 0x0000,   // Linha de pixels
0x0000, 0x0000, 0x0000, 0x0000, 0x0000, 0x0000, 0x0000, 0x0000, 0x0000, 0x0000, 0x0020, 0x0020, 0x0020, 0x0020, 0x0020, 0x10A0,   // Linha de pixels
0x10A0, 0x10A0, 0x10A0, 0x0020, 0x0020, 0x0020, 0x0020, 0x0000, 0x0000, 0x0000, 0x0000, 0x0000, 0x0000, 0x0000, 0x0000, 0x0000,   // Linha de pixels
0x0000, 0x0000, 0x0000, 0x0000, 0x0000, 0x0000, 0x0000, 0x0000, 0x0000, 0x0000, 0x0000, 0x0000, 0x0000, 0x0000, 0x0000, 0x0000,   // Linha de pixels
0x0000, 0x0000, 0x0000, 0x0000, 0x0000, 0x0000, 0x0000, 0x0000, 0x0000, 0x0000, 0x0000, 0x0000, 0x0000, 0x0000, 0x0000, 0x0000,   // Linha de pixels
0x0000, 0x0000, 0x0000, 0x0000, 0x0000, 0x0000, 0x0000, 0x0000, 0x0000, 0x0000, 0x0000, 0x0020, 0x0020, 0x0020, 0x0020, 0x0020,   // Linha de pixels
0x0020, 0x0020, 0x0020, 0x0020, 0x0020, 0x0020, 0x0020, 0x0020, 0x10B0, 0x10B0, 0x10B0, 0x10B0, 0x10B0, 0x0020, 0x0020, 0x0020,   // Linha de pixels
0x0020, 0x0020, 0x0020, 0x0020, 0x0020, 0x0020, 0x0020, 0x0020, 0x0020, 0x0020, 0x0020, 0x0020, 0x0020, 0x0020, 0x0020, 0x0020,   // Linha de pixels
0x0020, 0x0020, 0x0020, 0x0020, 0x0020, 0x0020, 0x0020, 0x0000, 0x0000, 0x0000, 0x0000, 0x0000, 0x0000, 0x0000, 0x0000, 0x0000,   // Linha de pixels
0x0000, 0x0000, 0x0000, 0x0000, 0x0000, 0x0000, 0x0000, 0x0000, 0x0000, 0x0000, 0x0000, 0x0000, 0x0000, 0x0000, 0x0000, 0x0000,   // Linha de pixels
0x0000, 0x0000, 0x0000, 0x0000, 0x0000, 0x0000, 0x0000, 0x0000, 0x0000, 0x0000, 0x0000, 0x0000, 0x0000, 0x0000, 0x0000, 0x0000,   // Linha de pixels
0x0000, 0x0000, 0x10C0, 0x10C0, 0x10C0, 0x10C0, 0x0020, 0x0020, 0x0020, 0x0020, 0x0020, 0x0020, 0x0020, 0x0020, 0x0020, 0x0020,   // Linha de pixels
0x0020, 0x0020, 0x0020, 0x0020, 0x0020, 0x0020, 0x0020, 0x0000, 0x0000, 0x0000, 0x0000, 0x0000, 0x0000, 0x0000, 0x0000, 0x0000,   // Linha de pixels
0x0000, 0x0000, 0x0000, 0x0000, 0x0000, 0x0000, 0x0000, 0x0000, 0x0000, 0x0000, 0x0000, 0x0000, 0x0000, 0x0000, 0x0000, 0x0000,   // Linha de pixels
0x0000, 0x0020, 0x0020, 0x0020, 0x0020, 0x0020, 0x18C3, 0x18C3, 0x18C3, 0x18C3, 0x736D, 0x736D, 0x736D, 0x736D, 0xA534, 0xA534,   // Linha de pixels
0xA534, 0xA534, 0xA534, 0xA4F3, 0xA4F3, 0xA4F3, 0xA4F3, 0x4208, 0x4208, 0x4208, 0x4208, 0x10D0, 0x10D0, 0x10D0, 0x10D0, 0x10D0,   // Linha de pixels
0x1082, 0x1082, 0x1082, 0x1082, 0x0000, 0x0000, 0x0000, 0x0000, 0x0000, 0x0000, 0x0000, 0x0000, 0x0000, 0x0861, 0x0861, 0x0861,   // Linha de pixels
0x0861, 0x8430, 0x8430, 0x8430, 0x8430, 0xA534, 0xA534, 0xA534, 0xA534, 0xA534, 0xA514, 0xA514, 0xA514, 0xA514, 0xA514, 0xA514,   // Linha de pixels
0xA514, 0xA514, 0xA514, 0xA514, 0xA514, 0xA514, 0xA514, 0xA514, 0xA514, 0xA514, 0xA514, 0xA514, 0xA514, 0xA514, 0xA514, 0xA514,   // Linha de pixels
0xA514, 0xA514, 0xA514, 0xA514, 0xA514, 0xA514, 0xA514, 0xA514, 0xA514, 0xA514, 0xA514, 0xA514, 0xA514, 0xA514, 0xA514, 0xA514,   // Linha de pixels
0xA514, 0xA514, 0xA514, 0xA514, 0xA514, 0x10E0, 0x10E0, 0x10E0, 0x10E0, 0xA514, 0xA514, 0xA514, 0xA514, 0xA514, 0xA514, 0xA514,   // Linha de pixels
0xA514, 0xA514, 0xA534, 0xA534, 0xA534, 0xA534, 0x6B2C, 0x6B2C, 0x6B2C, 0x6B2C, 0x0020, 0x0020, 0x0020, 0x0020, 0x0020, 0x0000,   // Linha de pixels
0x0000, 0x0000, 0x0000, 0x0000, 0x0000, 0x0000, 0x0000, 0x18A2, 0x18A2, 0x18A2, 0x18A2, 0x18A2, 0x5AEB, 0x5AEB, 0x5AEB, 0x5AEB,   // Linha de pixels
0xA514, 0xA514, 0xA514, 0xA514, 0xA514, 0xA514, 0xA514, 0xA514, 0xA514, 0x4A69, 0x4A69, 0x4A69, 0x4A69, 0x1082, 0x1082, 0x1082,   // Linha de pixels
0x1082, 0x0000, 0x0000, 0x0000, 0x0000, 0x0000, 0x0000, 0x0000, 0x0000, 0x0000, 0x0000, 0x0000, 0x0000, 0x0000, 0x10F0, 0x10F0,   // Linha de pixels
0x10F0, 0x10F0, 0x10F0, 0x0000, 0x0000, 0x0000, 0x0000, 0x0000, 0x0000, 0x0000, 0x0000, 0x0000, 0x0000, 0x0000, 0x0000, 0x0000,   // Linha de pixels
0x0000, 0x0000, 0x0000, 0x0000, 0x0000, 0x0000, 0x0000, 0x0000, 0x0020, 0x0020, 0x0020, 0x0020, 0x0020, 0x5AAA, 0x5AAA, 0x5AAA,   // Linha de pixels
0x5AAA, 0xA514, 0xA514, 0xA514, 0xA514, 0xA514, 0xA514, 0xA514, 0xA514, 0xA514, 0xA514, 0xA514, 0xA514, 0xA514, 0xA514, 0xA514,   // Linha de pixels
0xA514, 0xA514, 0xA514, 0xA514, 0xA514, 0xA514, 0xA514, 0xA514, 0xA514, 0xA514, 0xA514, 0xA514, 0xA514, 0xA514, 0xA514, 0xA514,   // Linha de pixels
0xA514, 0xA514, 0xA514, 0xA514, 0xA514, 0xA514, 0xA514, 0xA514, 0x1100, 0x1100, 0x1100, 0x1100, 0x5289, 0x5289, 0x5289, 0x5289,   // Linha de pixels
0x18C3, 0x18C3, 0x18C3, 0x18C3, 0x18C3, 0x0861, 0x0861, 0x0861, 0x0861, 0x0000, 0x0000, 0x0000, 0x0000, 0x0000, 0x0000, 0x0000,   // Linha de pixels
0x0000, 0x0000, 0x0000, 0x0000, 0x0000, 0x0000, 0x0000, 0x0000, 0x0000, 0x0000, 0x0000, 0x0000, 0x0000, 0x0000, 0x0000, 0x0000,   // Linha de pixels
0x0000, 0x0000, 0x0000, 0x5289, 0x5289, 0x5289, 0x5289, 0xA514, 0xA514, 0xA514, 0xA514, 0xA514, 0xA514, 0xA514, 0xA514, 0xA514,   // Linha de pixels
0xA514, 0xA514, 0xA514, 0xA514, 0x8430, 0x8430, 0x8430, 0x8430, 0x8430, 0x0000, 0x0000, 0x0000, 0x0000, 0x0000, 0x0000, 0x0000,   // Linha de pixels
0x0000, 0x1110, 0x1110, 0x1110, 0x1110, 0x1110, 0x0000, 0x0000, 0x0000, 0x0000, 0x0000, 0x0000, 0x0000, 0x0000, 0x0000, 0x0000,   // Linha de pixels
0x0000, 0x0000, 0x0000, 0x0000, 0x0000, 0x0000, 0x0000, 0x4A49, 0x4A49, 0x4A49, 0x4A49, 0xCE59, 0xCE59, 0xCE59, 0xCE59, 0xCE59,   // Linha de pixels
0xF79E, 0xF79E, 0xF79E, 0xF79E, 0xFFFF, 0xFFFF, 0xFFFF, 0xFFFF, 0xFFFF, 0xFFFF, 0xFFFF, 0xFFFF, 0xFFFF, 0xEF5D, 0xEF5D, 0xEF5D,   // Linha de pixels
0xEF5D, 0xA534, 0xA534, 0xA534, 0xA534, 0x2104, 0x2104, 0x2104, 0x2104, 0x2104, 0x0000, 0x0000, 0x0000, 0x0000, 0x1082, 0x1082,   // Linha de pixels
0x1082, 0x1082, 0xCE59, 0xCE59, 0xCE59, 0xCE59, 0xCE59, 0xFFFF, 0xFFFF, 0xFFFF, 0xFFFF, 0x1120, 0x1120, 0x1120, 0x1120, 0xFFFF,   // Linha de pixels
0xFFFF, 0xFFFF, 0xFFFF, 0xFFFF, 0xFFFF, 0xFFFF, 0xFFFF, 0xFFFF, 0xFFFF, 0xFFFF, 0xFFFF, 0xFFFF, 0xFFFF, 0xFFFF, 0xFFFF, 0xFFFF,   // Linha de pixels
0xA514, 0xA514, 0xA514, 0xA514, 0xA514, 0x10E0, 0x10E0, 0x10E0, 0x10E0, 0xA514, 0xA514, 0xA514, 0xA514, 0xA514, 0xA514, 0xA514,   // Linha de pixels
0xA514, 0xA514, 0xA534, 0xA534, 0xA534, 0xA534, 0x6B2C, 0x6B2C, 0x6B2C, 0x6B2C, 0x0020, 0x0020, 0x0020, 0x0020, 0x0020, 0x0000,   // Linha de pixels
0x0000, 0x0000, 0x0000, 0x0000, 0x0000, 0x0000, 0x0000, 0x18A2, 0x18A2, 0x18A2, 0x18A2, 0x18A2, 0x5AEB, 0x5AEB, 0x5AEB, 0x5AEB,   // Linha de pixels
0xA514, 0xA514, 0xA514, 0xA514, 0xA514, 0xA514, 0xA514, 0xA514, 0xA514, 0x4A69, 0x4A69, 0x4A69, 0x4A69, 0x1082, 0x1082, 0x1082,   // Linha de pixels
0x1082, 0x0000, 0x0000, 0x0000, 0x0000, 0x0000, 0x0000, 0x0000, 0x0000, 0x0000, 0x0000, 0x0000, 0x0000, 0x0000, 0x10F0, 0x10F0,   // Linha de pixels
0x10F0, 0x10F0, 0x10F0, 0x0000, 0x0000, 0x0000, 0x0000, 0x0000, 0x0000, 0x0000, 0x0000, 0x0000, 0x0000, 0x0000, 0x0000, 0x0000,   // Linha de pixels
0x0000, 0x0000, 0x0000, 0x0000, 0x0000, 0x0000, 0x0000, 0x0000, 0x0020, 0x0020, 0x0020, 0x0020, 0x0020, 0x5AAA, 0x5AAA, 0x5AAA,   // Linha de pixels
0x5AAA, 0xA514, 0xA514, 0xA514, 0xA514, 0xA514, 0xA514, 0xA514, 0xA514, 0xA514, 0xA514, 0xA514, 0xA514, 0xA514, 0xA514, 0xA514,   // Linha de pixels
0xA514, 0xA514, 0xA514, 0xA514, 0xA514, 0xA514, 0xA514, 0xA514, 0xA514, 0xA514, 0xA514, 0xA514, 0xA514, 0xA514, 0xA514, 0xA514,   // Linha de pixels
0xA514, 0xA514, 0xA514, 0xA514, 0xA514, 0xA514, 0xA514, 0xA514, 0x1100, 0x1100, 0x1100, 0x1100, 0x5289, 0x5289, 0x5289, 0x5289,   // Linha de pixels
0x18C3, 0x18C3, 0x18C3, 0x18C3, 0x18C3, 0x0861, 0x0861, 0x0861, 0x0861, 0x0000, 0x0000, 0x0000, 0x0000, 0x0000, 0x0000, 0x0000,   // Linha de pixels
0x0000, 0x0000, 0x0000, 0x0000, 0x0000, 0x0000, 0x0000, 0x0000, 0x0000, 0x0000, 0x0000, 0x0000, 0x0000, 0x0000, 0x0000, 0x0000,   // Linha de pixels
0x0000, 0x0000, 0x0000, 0x5289, 0x5289, 0x5289, 0x5289, 0xA514, 0xA514, 0xA514, 0xA514, 0xA514, 0xA514, 0xA514, 0xA514, 0xA514,   // Linha de pixels
0xA514, 0xA514, 0xA514, 0xA514, 0x8430, 0x8430, 0x8430, 0x8430, 0x8430, 0x0000, 0x0000, 0x0000, 0x0000, 0x0000, 0x0000, 0x0000,   // Linha de pixels
0x0000, 0x1110, 0x1110, 0x1110, 0x1110, 0x1110, 0x0000, 0x0000, 0x0000, 0x0000, 0x0000, 0x0000, 0x0000, 0x0000, 0x0000, 0x0000,   // Linha de pixels
0x0000, 0x0000, 0x0000, 0x0000, 0x0000, 0x0000, 0x0000, 0x4A49, 0x4A49, 0x4A49, 0x4A49, 0xCE59, 0xCE59, 0xCE59, 0xCE59, 0xCE59,   // Linha de pixels
0xF79E, 0xF79E, 0xF79E, 0xF79E, 0xFFFF, 0xFFFF, 0xFFFF, 0xFFFF, 0xFFFF, 0xFFFF, 0xFFFF, 0xFFFF, 0xFFFF, 0xEF5D, 0xEF5D, 0xEF5D,   // Linha de pixels
0xEF5D, 0xA534, 0xA534, 0xA534, 0xA534, 0x2104, 0x2104, 0x2104, 0x2104, 0x2104, 0x0000, 0x0000, 0x0000, 0x0000, 0x1082, 0x1082,   // Linha de pixels
0x1082, 0x1082, 0xCE59, 0xCE59, 0xCE59, 0xCE59, 0xCE59, 0xFFFF, 0xFFFF, 0xFFFF, 0xFFFF, 0x1120, 0x1120, 0x1120, 0x1120, 0xFFFF,   // Linha de pixels
0xFFFF, 0xFFFF, 0xFFFF, 0xFFFF, 0xFFFF, 0xFFFF, 0xFFFF, 0xFFFF, 0xFFFF, 0xFFFF, 0xFFFF, 0xFFFF, 0xFFFF, 0xFFFF, 0xFFFF, 0xFFFF,   // Linha de pixels
0xFFFF, 0xFFFF, 0xFFFF, 0xFFFF, 0xFFFF, 0xFFFF, 0xFFFF, 0xFFFF, 0xFFFF, 0xFFFF, 0xFFFF, 0xFFFF, 0xFFFF, 0xFFFF, 0xFFFF, 0xFFFF,   // Linha de pixels
0xFFFF, 0xFFFF, 0xFFFF, 0xFFFF, 0xFFFF, 0xFFFF, 0xFFFF, 0xFFFF, 0xFFFF, 0xFFFF, 0xFFFF, 0xFFFF, 0xFFFF, 0xFFFF, 0xFFFF, 0xFFFF,   // Linha de pixels
0xFFFF, 0xFFFF, 0xFFFF, 0xFFFF, 0xFFFF, 0xFFFF, 0xFFFF, 0x9CD3, 0x9CD3, 0x9CD3, 0x9CD3, 0x9CD3, 0x0020, 0x0020, 0x0020, 0x0020,   // Linha de pixels
0x0000, 0x0000, 0x0000, 0x0000, 0x1130, 0x1130, 0x1130, 0x1130, 0x1130, 0x39C7, 0x39C7, 0x39C7, 0x39C7, 0xC618, 0xC618, 0xC618,   // Linha de pixels
0xC618, 0xEF7D, 0xEF7D, 0xEF7D, 0xEF7D, 0xEF7D, 0xFFFF, 0xFFFF, 0xFFFF, 0xFFFF, 0xFFFF, 0xFFFF, 0xFFFF, 0xFFFF, 0xEF7D, 0xEF7D,   // Linha de pixels
0xEF7D, 0xEF7D, 0xEF7D, 0xB5B6, 0xB5B6, 0xB5B6, 0xB5B6, 0x2124, 0x2124, 0x2124, 0x2124, 0x0000, 0x0000, 0x0000, 0x0000, 0x0000,   // Linha de pixels
0x0000, 0x0000, 0x0000, 0x0000, 0x0000, 0x0000, 0x0000, 0x0000, 0x0000, 0x0000, 0x0000, 0x0000, 0x0000, 0x0000, 0x0000, 0x0000,   // Linha de pixels
0x0000, 0x0000, 0x0000, 0x0000, 0x0000, 0x0000, 0x0000, 0x0000, 0x0000, 0x0000, 0x3186, 0x3186, 0x3186, 0x3186, 0x1140, 0x1140,   // Linha de pixels
0x1140, 0x1140, 0xDEFB, 0xDEFB, 0xDEFB, 0xDEFB, 0xDEFB, 0xFFFF, 0xFFFF, 0xFFFF, 0xFFFF, 0xFFFF, 0xFFFF, 0xFFFF, 0xFFFF, 0xFFFF,   // Linha de pixels
0xFFFF, 0xFFFF, 0xFFFF, 0xFFFF, 0xFFFF, 0xFFFF, 0xFFFF, 0xFFFF, 0xFFFF, 0xFFFF, 0xFFFF, 0xFFFF, 0xFFFF, 0xFFFF, 0xFFFF, 0xFFFF,   // Linha de pixels
0xFFFF, 0xFFFF, 0xFFFF, 0xFFFF, 0xFFFF, 0xFFFF, 0xFFFF, 0xFFFF, 0xFFFF, 0xFFFF, 0xFFFF, 0xFFFF, 0xFFFF, 0xEF5D, 0xEF5D, 0xEF5D,   // Linha de pixels
0xEF5D, 0xEF5D, 0xDEFB, 0xDEFB, 0xDEFB, 0xDEFB, 0x9CD3, 0x9CD3, 0x9CD3, 0x9CD3, 0x39C7, 0x39C7, 0x39C7, 0x39C7, 0x39C7, 0x0840,   // Linha de pixels
0x0840, 0x0840, 0x0840, 0x0000, 0x0000, 0x0000, 0x0000, 0x1150, 0x1150, 0x1150, 0x1150, 0x1150, 0x0000, 0x0000, 0x0000, 0x0000,   // Linha de pixels
0x0000, 0x0000, 0x0000, 0x0000, 0x0000, 0x0000, 0x0000, 0x0000, 0x0000, 0x7BCF, 0x7BCF, 0x7BCF, 0x7BCF, 0xFFFF, 0xFFFF, 0xFFFF,   // Linha de pixels
0xFFFF, 0xFFFF, 0xFFFF, 0xFFFF, 0xFFFF, 0xFFFF, 0xFFFF, 0xFFFF, 0xFFFF, 0xFFFF, 0xD69A, 0xD69A, 0xD69A, 0xD69A, 0x0000, 0x0000,   // Linha de pixels
0x0000, 0x0000, 0x0000, 0x0000, 0x0000, 0x0000, 0x0000, 0x0000, 0x0000, 0x0000, 0x0000, 0x0000, 0x0000, 0x0000, 0x0000, 0x0000,   // Linha de pixels
0x0000, 0x0000, 0x0000, 0x0000, 0x0861, 0x0861, 0x0861, 0x0861, 0xAD55, 0xAD55, 0xAD55, 0xAD55, 0xAD55, 0xFFFF, 0xFFFF, 0xFFFF,   // Linha de pixels
0xFFFF, 0x1160, 0x1160, 0x1160, 0x1160, 0xFFFF, 0xFFFF, 0xFFFF, 0xFFFF, 0xFFFF, 0xFFFF, 0xFFFF, 0xFFFF, 0xFFFF, 0xFFFF, 0xFFFF,   // Linha de pixels
0xFFFF, 0xFFFF, 0xFFFF, 0xFFFF, 0xFFFF, 0xFFFF, 0xFFFF, 0xFFDF, 0xFFDF, 0xFFDF, 0xFFDF, 0x5AEB, 0x5AEB, 0x5AEB, 0x5AEB, 0x0000,   // Linha de pixels
0x0000, 0x0000, 0x0000, 0x0000, 0x18A2, 0x18A2, 0x18A2, 0x18A2, 0xCE59, 0xCE59, 0xCE59, 0xCE59, 0xFFFF, 0xFFFF, 0xFFFF, 0xFFFF,   // Linha de pixels
0xFFFF, 0xFFFF, 0xFFFF, 0xFFFF, 0xFFFF, 0xFFFF, 0xFFFF, 0xFFFF, 0xFFFF, 0xFFFF, 0xFFFF, 0xFFFF, 0xFFFF, 0xFFFF, 0xFFFF, 0xFFFF,   // Linha de pixels
0xFFFF, 0xFFFF, 0xFFFF, 0xFFFF, 0xFFFF, 0xFFFF, 0xFFFF, 0xFFFF, 0xFFFF, 0xFFFF, 0xFFFF, 0xFFFF, 0xFFFF, 0xFFFF, 0xFFFF, 0xFFFF,   // Linha de pixels
0xFFFF, 0xFFFF, 0xFFFF, 0xFFFF, 0xFFFF, 0xFFFF, 0xFFFF, 0x9CD3, 0x9CD3, 0x9CD3, 0x9CD3, 0x9CD3, 0x0020, 0x0020, 0x0020, 0x0020,   // Linha de pixels
0x0000, 0x0000, 0x0000, 0x0000, 0x1130, 0x1130, 0x1130, 0x1130, 0x1130, 0x39C7, 0x39C7, 0x39C7, 0x39C7, 0xC618, 0xC618, 0xC618,   // Linha de pixels
0xC618, 0xEF7D, 0xEF7D, 0xEF7D, 0xEF7D, 0xEF7D, 0xFFFF, 0xFFFF, 0xFFFF, 0xFFFF, 0xFFFF, 0xFFFF, 0xFFFF, 0xFFFF, 0xEF7D, 0xEF7D,   // Linha de pixels
0xEF7D, 0xEF7D, 0xEF7D, 0xB5B6, 0xB5B6, 0xB5B6, 0xB5B6, 0x2124, 0x2124, 0x2124, 0x2124, 0x0000, 0x0000, 0x0000, 0x0000, 0x0000,   // Linha de pixels
0x0000, 0x0000, 0x0000, 0x0000, 0x0000, 0x0000, 0x0000, 0x0000, 0x0000, 0x0000, 0x0000, 0x0000, 0x0000, 0x0000, 0x0000, 0x0000,   // Linha de pixels
0x0000, 0x0000, 0x0000, 0x0000, 0x0000, 0x0000, 0x0000, 0x0000, 0x0000, 0x0000, 0x3186, 0x3186, 0x3186, 0x3186, 0x1140, 0x1140,   // Linha de pixels
0x1140, 0x1140, 0xDEFB, 0xDEFB, 0xDEFB, 0xDEFB, 0xDEFB, 0xFFFF, 0xFFFF, 0xFFFF, 0xFFFF, 0xFFFF, 0xFFFF, 0xFFFF, 0xFFFF, 0xFFFF,   // Linha de pixels
0xFFFF, 0xFFFF, 0xFFFF, 0xFFFF, 0xFFFF, 0xFFFF, 0xFFFF, 0xFFFF, 0xFFFF, 0xFFFF, 0xFFFF, 0xFFFF, 0xFFFF, 0xFFFF, 0xFFFF, 0xFFFF,   // Linha de pixels
0xFFFF, 0xFFFF, 0xFFFF, 0xFFFF, 0xFFFF, 0xFFFF, 0xFFFF, 0xFFFF, 0xFFFF, 0xFFFF, 0xFFFF, 0xFFFF, 0xFFFF, 0xEF5D, 0xEF5D, 0xEF5D,   // Linha de pixels
0xEF5D, 0xEF5D, 0xDEFB, 0xDEFB, 0xDEFB, 0xDEFB, 0x9CD3, 0x9CD3, 0x9CD3, 0x9CD3, 0x39C7, 0x39C7, 0x39C7, 0x39C7, 0x39C7, 0x0840,   // Linha de pixels
0x0840, 0x0840, 0x0840, 0x0000, 0x0000, 0x0000, 0x0000, 0x1150, 0x1150, 0x1150, 0x1150, 0x1150, 0x0000, 0x0000, 0x0000, 0x0000,   // Linha de pixels
0x0000, 0x0000, 0x0000, 0x0000, 0x0000, 0x0000, 0x0000, 0x0000, 0x0000, 0x7BCF, 0x7BCF, 0x7BCF, 0x7BCF, 0xFFFF, 0xFFFF, 0xFFFF,   // Linha de pixels
0xFFFF, 0xFFFF, 0xFFFF, 0xFFFF, 0xFFFF, 0xFFFF, 0xFFFF, 0xFFFF, 0xFFFF, 0xFFFF, 0xD69A, 0xD69A, 0xD69A, 0xD69A, 0x0000, 0x0000,   // Linha de pixels
0x0000, 0x0000, 0x0000, 0x0000, 0x0000, 0x0000, 0x0000, 0x0000, 0x0000, 0x0000, 0x0000, 0x0000, 0x0000, 0x0000, 0x0000, 0x0000,   // Linha de pixels
0x0000, 0x0000, 0x0000, 0x0000, 0x0861, 0x0861, 0x0861, 0x0861, 0xAD55, 0xAD55, 0xAD55, 0xAD55, 0xAD55, 0xFFFF, 0xFFFF, 0xFFFF,   // Linha de pixels
0xFFFF, 0x1160, 0x1160, 0x1160, 0x1160, 0xFFFF, 0xFFFF, 0xFFFF, 0xFFFF, 0xFFFF, 0xFFFF, 0xFFFF, 0xFFFF, 0xFFFF, 0xFFFF, 0xFFFF,   // Linha de pixels
0xFFFF, 0xFFFF, 0xFFFF, 0xFFFF, 0xFFFF, 0xFFFF, 0xFFFF, 0xFFDF, 0xFFDF, 0xFFDF, 0xFFDF, 0x5AEB, 0x5AEB, 0x5AEB, 0x5AEB, 0x0000,   // Linha de pixels
0x0000, 0x0000, 0x0000, 0x0000, 0x18A2, 0x18A2, 0x18A2, 0x18A2, 0xCE59, 0xCE59, 0xCE59, 0xCE59, 0xFFFF, 0xFFFF, 0xFFFF, 0xFFFF,   // Linha de pixels
0xFFFF, 0xFFFF, 0xFFFF, 0xFFFF, 0xFFFF, 0xFFFF, 0xFFFF, 0xFFFF, 0xFFFF, 0xFFFF, 0xFFFF, 0xFFFF, 0xFFFF, 0xFFFF, 0xFFFF, 0xFFFF,   // Linha de pixels
0xFFFF, 0xFFFF, 0xFFFF, 0xFFFF, 0xFFFF, 0xFFFF, 0xFFFF, 0xFFFF, 0xFFFF, 0xFFFF, 0x1170, 0x1170, 0x1170, 0x1170, 0x1170, 0xFFFF,   // Linha de pixels
0xFFFF, 0xFFFF, 0xFFFF, 0xFFFF, 0xFFFF, 0xFFFF, 0xFFFF, 0xFFFF, 0xFFFF, 0xFFFF, 0xFFFF, 0xFFFF, 0xFFFF, 0xFFFF, 0xFFFF, 0xFFFF,   // Linha de pixels
0xFFFF, 0xFFFF, 0xFFFF, 0xFFFF, 0xFFFF, 0xFFFF, 0xFFFF, 0xFFFF, 0xFFFF, 0xFFFF, 0xFFFF, 0xFFFF, 0xFFFF, 0x9CD3, 0x9CD3, 0x9CD3,   // Linha de pixels
0x9CD3, 0x0020, 0x0020, 0x0020, 0x0020, 0x0020, 0x0840, 0x0840, 0x0840, 0x0840, 0x9492, 0x9492, 0x9492, 0x9492, 0xFFFF, 0xFFFF,   // Linha de pixels
0xFFFF, 0xFFFF, 0xFFFF, 0xFFFF, 0xFFFF, 0xFFFF, 0xFFFF, 0xFFFF, 0xFFFF, 0xFFFF, 0xFFFF, 0xFFFF, 0xFFFF, 0xFFFF, 0xFFFF, 0xFFFF,   // Linha de pixels
0xFFFF, 0xFFFF, 0xFFFF, 0xFFFF, 0x1180, 0x1180, 0x1180, 0x1180, 0xFFFF, 0xFFFF, 0xFFFF, 0xFFFF, 0xFFFF, 0x73AE, 0x73AE, 0x73AE,   // Linha de pixels
0x73AE, 0x0020, 0x0020, 0x0020, 0x0020, 0x0000, 0x0000, 0x0000, 0x0000, 0x0000, 0x0000, 0x0000, 0x0000, 0x0000, 0x0000, 0x0000,   // Linha de pixels
0x0000, 0x0000, 0x0000, 0x0000, 0x0000, 0x0000, 0x0000, 0x0000, 0x0000, 0x0000, 0x0000, 0x0000, 0x0000, 0x0000, 0x0000, 0x39C7,   // Linha de pixels
0x39C7, 0x39C7, 0x39C7, 0x39C7, 0xEF7D, 0xEF7D, 0xEF7D, 0xEF7D, 0xFFFF, 0xFFFF, 0xFFFF, 0xFFFF, 0xFFFF, 0xFFFF, 0xFFFF, 0xFFFF,   // Linha de pixels
0xFFFF, 0xFFFF, 0xFFFF, 0xFFFF, 0xFFFF, 0xFFFF, 0xFFFF, 0xFFFF, 0xFFFF, 0xFFFF, 0xFFFF, 0xFFFF, 0xFFFF, 0x1190, 0x1190, 0x1190,   // Linha de pixels
0x1190, 0x1190, 0xFFFF, 0xFFFF, 0xFFFF, 0xFFFF, 0xFFFF, 0xFFFF, 0xFFFF, 0xFFFF, 0xFFFF, 0xFFFF, 0xFFFF, 0xFFFF, 0xFFFF, 0xFFFF,   // Linha de pixels
0xFFFF, 0xFFFF, 0xFFFF, 0xFFFF, 0xFFFF, 0xFFFF, 0xFFFF, 0xFFFF, 0xFFFF, 0xFFFF, 0xFFFF, 0xFFFF, 0xFFDF, 0xFFDF, 0xFFDF, 0xFFDF,   // Linha de pixels
0xE71C, 0xE71C, 0xE71C, 0xE71C, 0x6B2C, 0x6B2C, 0x6B2C, 0x6B2C, 0x6B2C, 0x0020, 0x0020, 0x0020, 0x0020, 0x0000, 0x0000, 0x0000,   // Linha de pixels
0x0000, 0x0000, 0x0000, 0x0000, 0x0000, 0x0000, 0x0000, 0x0000, 0x0000, 0x0000, 0x7BCF, 0x7BCF, 0x7BCF, 0x7BCF, 0xFFFF, 0xFFFF,   // Linha de pixels
0xFFFF, 0xFFFF, 0xFFFF, 0xFFFF, 0xFFFF, 0xFFFF, 0xFFFF, 0x11A0, 0x11A0, 0x11A0, 0x11A0, 0xFFFF, 0xFFFF, 0xFFFF, 0xFFFF, 0xFFFF,   // Linha de pixels
0xCE79, 0xCE79, 0xCE79, 0xCE79, 0x0000, 0x0000, 0x0000, 0x0000, 0x0000, 0x0000, 0x0000, 0x0000, 0x0000, 0x0000, 0x0000, 0x0000,   // Linha de pixels
0x0000, 0x0000, 0x0000, 0x0000, 0x0000, 0x0000, 0x0000, 0x0000, 0x0000, 0x0000, 0x5AAA, 0x5AAA, 0x5AAA, 0x5AAA, 0xEF5D, 0xEF5D,   // Linha de pixels
0xEF5D, 0xEF5D, 0xFFFF, 0xFFFF, 0xFFFF, 0xFFFF, 0xFFFF, 0xFFFF, 0xFFFF, 0xFFFF, 0xFFFF, 0xFFFF, 0xFFFF, 0xFFFF, 0xFFFF, 0xFFFF,   // Linha de pixels
0xFFFF, 0xFFFF, 0xFFFF, 0xFFFF, 0xFFFF, 0xFFFF, 0xFFFF, 0xFFFF, 0xFFFF, 0xFFFF, 0xFFFF, 0xFFFF, 0xC618, 0xC618, 0xC618, 0xC618,   // Linha de pixels
0xFFFF, 0xFFFF, 0xFFFF, 0xFFFF, 0xFFFF, 0xFFFF, 0xFFFF, 0xFFFF, 0xFFFF, 0xFFFF, 0xFFFF, 0xFFFF, 0xFFFF, 0xFFFF, 0xFFFF, 0xFFFF,   // Linha de pixels
0xFFFF, 0xFFFF, 0xFFFF, 0xFFFF, 0xFFFF, 0xFFFF, 0xFFFF, 0xFFFF, 0xFFFF, 0xFFFF, 0x1170, 0x1170, 0x1170, 0x1170, 0x1170, 0xFFFF,   // Linha de pixels
0xFFFF, 0xFFFF, 0xFFFF, 0xFFFF, 0xFFFF, 0xFFFF, 0xFFFF, 0xFFFF, 0xFFFF, 0xFFFF, 0xFFFF, 0xFFFF, 0xFFFF, 0xFFFF, 0xFFFF, 0xFFFF,   // Linha de pixels
0xFFFF, 0xFFFF, 0xFFFF, 0xFFFF, 0xFFFF, 0xFFFF, 0xFFFF, 0xFFFF, 0xFFFF, 0xFFFF, 0xFFFF, 0xFFFF, 0xFFFF, 0x9CD3, 0x9CD3, 0x9CD3,   // Linha de pixels
0x9CD3, 0x0020, 0x0020, 0x0020, 0x0020, 0x0020, 0x0840, 0x0840, 0x0840, 0x0840, 0x9492, 0x9492, 0x9492, 0x9492, 0xFFFF, 0xFFFF,   // Linha de pixels
0xFFFF, 0xFFFF, 0xFFFF, 0xFFFF, 0xFFFF, 0xFFFF, 0xFFFF, 0xFFFF, 0xFFFF, 0xFFFF, 0xFFFF, 0xFFFF, 0xFFFF, 0xFFFF, 0xFFFF, 0xFFFF,   // Linha de pixels
0xFFFF, 0xFFFF, 0xFFFF, 0xFFFF, 0x1180, 0x1180, 0x1180, 0x1180, 0xFFFF, 0xFFFF, 0xFFFF, 0xFFFF, 0xFFFF, 0x73AE, 0x73AE, 0x73AE,   // Linha de pixels
0x73AE, 0x0020, 0x0020, 0x0020, 0x0020, 0x0000, 0x0000, 0x0000, 0x0000, 0x0000, 0x0000, 0x0000, 0x0000, 0x0000, 0x0000, 0x0000,   // Linha de pixels
0x0000, 0x0000, 0x0000, 0x0000, 0x0000, 0x0000, 0x0000, 0x0000, 0x0000, 0x0000, 0x0000, 0x0000, 0x0000, 0x0000, 0x0000, 0x39C7,   // Linha de pixels
0x39C7, 0x39C7, 0x39C7, 0x39C7, 0xEF7D, 0xEF7D, 0xEF7D, 0xEF7D, 0xFFFF, 0xFFFF, 0xFFFF, 0xFFFF, 0xFFFF, 0xFFFF, 0xFFFF, 0xFFFF,   // Linha de pixels
0xFFFF, 0xFFFF, 0xFFFF, 0xFFFF, 0xFFFF, 0xFFFF, 0xFFFF, 0xFFFF, 0xFFFF, 0xFFFF, 0xFFFF, 0xFFFF, 0xFFFF, 0x1190, 0x1190, 0x1190,   // Linha de pixels
0x1190, 0x1190, 0xFFFF, 0xFFFF, 0xFFFF, 0xFFFF, 0xFFFF, 0xFFFF, 0xFFFF, 0xFFFF, 0xFFFF, 0xFFFF, 0xFFFF, 0xFFFF, 0xFFFF, 0xFFFF,   // Linha de pixels
0xFFFF, 0xFFFF, 0xFFFF, 0xFFFF, 0xFFFF, 0xFFFF, 0xFFFF, 0xFFFF, 0xFFFF, 0xFFFF, 0xFFFF, 0xFFFF, 0xFFDF, 0xFFDF, 0xFFDF, 0xFFDF,   // Linha de pixels
0xE71C, 0xE71C, 0xE71C, 0xE71C, 0x6B2C, 0x6B2C, 0x6B2C, 0x6B2C, 0x6B2C, 0x0020, 0x0020, 0x0020, 0x0020, 0x0000, 0x0000, 0x0000,   // Linha de pixels
0x0000, 0x0000, 0x0000, 0x0000, 0x0000, 0x0000, 0x0000, 0x0000, 0x0000, 0x0000, 0x7BCF, 0x7BCF, 0x7BCF, 0x7BCF, 0xFFFF, 0xFFFF,   // Linha de pixels
0xFFFF, 0xFFFF, 0xFFFF, 0xFFFF, 0xFFFF, 0xFFFF, 0xFFFF, 0x11A0, 0x11A0, 0x11A0, 0x11A0, 0xFFFF, 0xFFFF, 0xFFFF, 0xFFFF, 0xFFFF,   // Linha de pixels
0xCE79, 0xCE79, 0xCE79, 0xCE79, 0x0000, 0x0000, 0x0000, 0x0000, 0x0000, 0x0000, 0x0000, 0x0000, 0x0000, 0x0000, 0x0000, 0x0000,   // Linha de pixels
0x0000, 0x0000, 0x0000, 0x0000, 0x0000, 0x0000, 0x0000, 0x0000, 0x0000, 0x0000, 0x5AAA, 0x5AAA, 0x5AAA, 0x5AAA, 0xEF5D, 0xEF5D,   // Linha de pixels
0xEF5D, 0xEF5D, 0xFFFF, 0xFFFF, 0xFFFF, 0xFFFF, 0xFFFF, 0xFFFF, 0xFFFF, 0xFFFF, 0xFFFF, 0xFFFF, 0xFFFF, 0xFFFF, 0xFFFF, 0xFFFF,   // Linha de pixels
0xFFFF, 0xFFFF, 0xFFFF, 0xFFFF, 0xFFFF, 0xFFFF, 0xFFFF, 0xFFFF, 0xFFFF, 0xFFFF, 0xFFFF, 0xFFFF, 0xC618, 0xC618, 0xC618, 0xC618,   // Linha de pixels
0x11B0, 0x11B0, 0x11B0, 0x11B0, 0x11B0, 0x18C3, 0x18C3, 0x18C3, 0x18C3, 0x0861, 0x0861, 0x0861, 0x0861, 0x9CD3, 0x9CD3, 0x9CD3,   // Linha de pixels
0x9CD3, 0x9CD3, 0xCE59, 0xCE59, 0xCE59, 0xCE59, 0xC638, 0xC638, 0xC638, 0xC638, 0xC638, 0xC638, 0xC638, 0xC638, 0xC638, 0xC638,   // Linha de pixels
0xC638, 0xC638, 0xC638, 0xD6BA, 0xD6BA, 0xD6BA, 0xD6BA, 0xFFDF, 0xFFDF, 0xFFDF, 0xFFDF, 0xFFDF, 0xFFFF, 0xFFFF, 0xFFFF, 0xFFFF,   // Linha de pixels
0xFFFF, 0xFFFF, 0xFFFF, 0xFFFF, 0xF79E, 0xF79E, 0xF79E, 0xF79E, 0xF79E, 0xCE59, 0xCE59, 0xCE59, 0xCE59, 0xC638, 0xC638, 0xC638,   // Linha de pixels
0xC638, 0xC638, 0xC638, 0xC638, 0xC638, 0xC638, 0xC638, 0xC638, 0xC638, 0xC638, 0x11C0, 0x11C0, 0x11C0, 0x11C0, 0xCE59, 0xCE59,   // Linha de pixels
0xCE59, 0xCE59, 0xCE59, 0x73AE, 0x73AE, 0x73AE, 0x73AE, 0x0000, 0x0000, 0x0000, 0x0000, 0x4208, 0x4208, 0x4208, 0x4208, 0x4208,   // Linha de pixels
0xDEFB, 0xDEFB, 0xDEFB, 0xDEFB, 0xFFFF, 0xFFFF, 0xFFFF, 0xFFFF, 0xFFFF, 0xFFFF, 0xFFFF, 0xFFFF, 0xFFFF, 0xFFFF, 0xFFFF, 0xFFFF,   // Linha de pixels
0xFFFF, 0xFFFF, 0xFFFF, 0xFFFF, 0xFFFF, 0xFFFF, 0xFFFF, 0xFFFF, 0xFFFF, 0xFFFF, 0xFFFF, 0xFFFF, 0xFFFF, 0xFFFF, 0xCE79, 0xCE79,   // Linha de pixels
0xCE79, 0xCE79, 0x2945, 0x2945, 0x2945, 0x2945, 0x2945, 0x0000, 0x0000, 0x0000, 0x0000, 0x0000, 0x0000, 0x0000, 0x0000, 0x0000,   // Linha de pixels
0x0000, 0x0000, 0x0000, 0x0000, 0x11D0, 0x11D0, 0x11D0, 0x11D0, 0x0000, 0x0000, 0x0000, 0x0000, 0x0000, 0x0000, 0x0000, 0x0000,   // Linha de pixels
0x0000, 0x0000, 0x0000, 0x0000, 0x0000, 0x39C7, 0x39C7, 0x39C7, 0x39C7, 0xEF7D, 0xEF7D, 0xEF7D, 0xEF7D, 0xFFFF, 0xFFFF, 0xFFFF,   // Linha de pixels
0xFFFF, 0xFFFF, 0xFFFF, 0xFFFF, 0xFFFF, 0xFFFF, 0xFFDF, 0xFFDF, 0xFFDF, 0xFFDF, 0xCE79, 0xCE79, 0xCE79, 0xCE79, 0xCE79, 0xC638,   // Linha de pixels
0xC638, 0xC638, 0xC638, 0xC638, 0xC638, 0xC638, 0xC638, 0xC638, 0xC638, 0xC638, 0xC638, 0xC638, 0xCE79, 0xCE79, 0xCE79, 0xCE79,   // Linha de pixels
0xFFDF, 0xFFDF, 0xFFDF, 0xFFDF, 0xFFFF, 0xFFFF, 0xFFFF, 0xFFFF, 0xFFFF, 0xFFFF, 0xFFFF, 0xFFFF, 0xFFFF, 0x11E0, 0x11E0, 0x11E0,   // Linha de pixels
0x11E0, 0xFFFF, 0xFFFF, 0xFFFF, 0xFFFF, 0xFFFF, 0xFFFF, 0xFFFF, 0xFFFF, 0xFFFF, 0xE73C, 0xE73C, 0xE73C, 0xE73C, 0x5AEB, 0x5AEB,   // Linha de pixels
0x5AEB, 0x5AEB, 0x5AEB, 0x0840, 0x0840, 0x0840, 0x0840, 0x0000, 0x0000, 0x0000, 0x0000, 0x0000, 0x0000, 0x0000, 0x0000, 0x0000,   // Linha de pixels
0x7BCF, 0x7BCF, 0x7BCF, 0x7BCF, 0xFFFF, 0xFFFF, 0xFFFF, 0xFFFF, 0xFFFF, 0xFFFF, 0xFFFF, 0xFFFF, 0xFFFF, 0xFFFF, 0xFFFF, 0xFFFF,   // Linha de pixels
0xFFFF, 0xCE79, 0xCE79, 0xCE79, 0xCE79, 0x0000, 0x0000, 0x0000, 0x0000, 0x0000, 0x0000, 0x0000, 0x0000, 0x0000, 0x0000, 0x0000,   // Linha de pixels
0x0000, 0x0000, 0x0000, 0x0000, 0x0000, 0x0000, 0x0000, 0x11F0, 0x11F0, 0x11F0, 0x11F0, 0x0000, 0x0000, 0x0000, 0x0000, 0x73AE,   // Linha de pixels
0x73AE, 0x73AE, 0x73AE, 0x73AE, 0xFFFF, 0xFFFF, 0xFFFF, 0xFFFF, 0xFFFF, 0xFFFF, 0xFFFF, 0xFFFF, 0xFFFF, 0xFFFF, 0xFFFF, 0xFFFF,   // Linha de pixels
0x11B0, 0x11B0, 0x11B0, 0x11B0, 0x11B0, 0x18C3, 0x18C3, 0x18C3, 0x18C3, 0x0861, 0x0861, 0x0861, 0x0861, 0x9CD3, 0x9CD3, 0x9CD3,   // Linha de pixels
0x9CD3, 0x9CD3, 0xCE59, 0xCE59, 0xCE59, 0xCE59, 0xC638, 0xC638, 0xC638, 0xC638, 0xC638, 0xC638, 0xC638, 0xC638, 0xC638, 0xC638,   // Linha de pixels
0xC638, 0xC638, 0xC638, 0xD6BA, 0xD6BA, 0xD6BA, 0xD6BA, 0xFFDF, 0xFFDF, 0xFFDF, 0xFFDF, 0xFFDF, 0xFFFF, 0xFFFF, 0xFFFF, 0xFFFF,   // Linha de pixels
0xFFFF, 0xFFFF, 0xFFFF, 0xFFFF, 0xF79E, 0xF79E, 0xF79E, 0xF79E, 0xF79E, 0xCE59, 0xCE59, 0xCE59, 0xCE59, 0xC638, 0xC638, 0xC638,   // Linha de pixels
0xC638, 0xC638, 0xC638, 0xC638, 0xC638, 0xC638, 0xC638, 0xC638, 0xC638, 0xC638, 0x11C0, 0x11C0, 0x11C0, 0x11C0, 0xCE59, 0xCE59,   // Linha de pixels
0xCE59, 0xCE59, 0xCE59, 0x73AE, 0x73AE, 0x73AE, 0x73AE, 0x0000, 0x0000, 0x0000, 0x0000, 0x4208, 0x4208, 0x4208, 0x4208, 0x4208,   // Linha de pixels
0xDEFB, 0xDEFB, 0xDEFB, 0xDEFB, 0xFFFF, 0xFFFF, 0xFFFF, 0xFFFF, 0xFFFF, 0xFFFF, 0xFFFF, 0xFFFF, 0xFFFF, 0xFFFF, 0xFFFF, 0xFFFF,   // Linha de pixels
0xFFFF, 0xFFFF, 0xFFFF, 0xFFFF, 0xFFFF, 0xFFFF, 0xFFFF, 0xFFFF, 0xFFFF, 0xFFFF, 0xFFFF, 0xFFFF, 0xFFFF, 0xFFFF, 0xCE79, 0xCE79,   // Linha de pixels
0xCE79, 0xCE79, 0x2945, 0x2945, 0x2945, 0x2945, 0x2945, 0x0000, 0x0000, 0x0000, 0x0000, 0x0000, 0x0000, 0x0000, 0x0000, 0x0000,   // Linha de pixels
0x0000, 0x0000, 0x0000, 0x0000, 0x11D0, 0x11D0, 0x11D0, 0x11D0, 0x0000, 0x0000, 0x0000, 0x0000, 0x0000, 0x0000, 0x0000, 0x0000,   // Linha de pixels
0x0000, 0x0000, 0x0000, 0x0000, 0x0000, 0x39C7, 0x39C7, 0x39C7, 0x39C7, 0xEF7D, 0xEF7D, 0xEF7D, 0xEF7D, 0xFFFF, 0xFFFF, 0xFFFF,   // Linha de pixels
0xFFFF, 0xFFFF, 0xFFFF, 0xFFFF, 0xFFFF, 0xFFFF, 0xFFDF, 0xFFDF, 0xFFDF, 0xFFDF, 0xCE79, 0xCE79, 0xCE79, 0xCE79, 0xCE79, 0xC638,   // Linha de pixels
0xC638, 0xC638, 0xC638, 0xC638, 0xC638, 0xC638, 0xC638, 0xC638, 0xC638, 0xC638, 0xC638, 0xC638, 0xCE79, 0xCE79, 0xCE79, 0xCE79,   // Linha de pixels
0xFFDF, 0xFFDF, 0xFFDF, 0xFFDF, 0xFFFF, 0xFFFF, 0xFFFF, 0xFFFF, 0xFFFF, 0xFFFF, 0xFFFF, 0xFFFF, 0xFFFF, 0x11E0, 0x11E0, 0x11E0,   // Linha de pixels
0x11E0, 0xFFFF, 0xFFFF, 0xFFFF, 0xFFFF, 0xFFFF, 0xFFFF, 0xFFFF, 0xFFFF, 0xFFFF, 0xE73C, 0xE73C, 0xE73C, 0xE73C, 0x5AEB, 0x5AEB,   // Linha de pixels
0x5AEB, 0x5AEB, 0x5AEB, 0x0840, 0x0840, 0x0840, 0x0840, 0x0000, 0x0000, 0x0000, 0x0000, 0x0000, 0x0000, 0x0000, 0x0000, 0x0000,   // Linha de pixels
0x7BCF, 0x7BCF, 0x7BCF, 0x7BCF, 0xFFFF, 0xFFFF, 0xFFFF, 0xFFFF, 0xFFFF, 0xFFFF, 0xFFFF, 0xFFFF, 0xFFFF, 0xFFFF, 0xFFFF, 0xFFFF,   // Linha de pixels
0xFFFF, 0xCE79, 0xCE79, 0xCE79, 0xCE79, 0x0000, 0x0000, 0x0000, 0x0000, 0x0000, 0x0000, 0x0000, 0x0000, 0x0000, 0x0000, 0x0000,   // Linha de pixels
0x0000, 0x0000, 0x0000, 0x0000, 0x0000, 0x0000, 0x0000, 0x11F0, 0x11F0, 0x11F0, 0x11F0, 0x0000, 0x0000, 0x0000, 0x0000, 0x73AE,   // Linha de pixels
0x73AE, 0x73AE, 0x73AE, 0x73AE, 0xFFFF, 0xFFFF, 0xFFFF, 0xFFFF, 0xFFFF, 0xFFFF, 0xFFFF, 0xFFFF, 0xFFFF, 0xFFFF, 0xFFFF, 0xFFFF,   // Linha de pixels
0xFFFF, 0xFFFF, 0xFFFF, 0xFFFF, 0xFFFF, 0xFFFF, 0xFFFF, 0xFFFF, 0xFFFF, 0xFFFF, 0xFFFF, 0xFFFF, 0xFFFF, 0xFFFF, 0xFFFF, 0xFFFF,   // Linha de pixels
0xFFFF, 0xFFFF, 0xE73C, 0xE73C, 0xE73C, 0xE73C, 0x2945, 0x2945, 0x2945, 0x2945, 0x0000, 0x0000, 0x0000, 0x0000, 0x0000, 0x1082,   // Linha de pixels
0x1082, 0x1082, 0x1082, 0x1082, 0x1082, 0x1082, 0x1082, 0x1082, 0x1082, 0x1082, 0x1082, 0x1082, 0x1082, 0x1082, 0x1082, 0x1082,   // Linha de pixels
0x1200, 0x1200, 0x1200, 0x1200, 0x0861, 0x0861, 0x0861, 0x0861, 0x0861, 0x5289, 0x5289, 0x5289, 0x5289, 0xF7BE, 0xF7BE, 0xF7BE,   // Linha de pixels
0xF7BE, 0xFFFF, 0xFFFF, 0xFFFF, 0xFFFF, 0xFFFF, 0xFFFF, 0xFFFF, 0xFFFF, 0xFFFF, 0xD6BA, 0xD6BA, 0xD6BA, 0xD6BA, 0x2945, 0x2945,   // Linha de pixels
0x2945, 0x2945, 0x2945, 0x1082, 0x1082, 0x1082, 0x1082, 0x1082, 0x1082, 0x1082, 0x1082, 0x1082, 0x1082, 0x1082, 0x1082, 0x1082,   // Linha de pixels
0x1082, 0x1082, 0x1082, 0x1082, 0x0861, 0x0861, 0x0861, 0x0861, 0x0000, 0x0000, 0x0000, 0x0000, 0x0000, 0x5AEB, 0x5AEB, 0x5AEB,   // Linha de pixels
0x5AEB, 0xFFDF, 0xFFDF, 0xFFDF, 0xFFDF, 0xFFFF, 0xFFFF, 0xFFFF, 0xFFFF, 0xFFFF, 0x1210, 0x1210, 0x1210, 0x1210, 0xFFFF, 0xFFFF,   // Linha de pixels
0xFFFF, 0xFFFF, 0xFFFF, 0xFFFF, 0xFFFF, 0xFFFF, 0xFFFF, 0xFFFF, 0xFFFF, 0xFFFF, 0xFFFF, 0xFFFF, 0xFFFF, 0xFFFF, 0xFFFF, 0xFFFF,   // Linha de pixels
0xFFFF, 0xFFFF, 0xFFFF, 0xFFFF, 0xEF7D, 0xEF7D, 0xEF7D, 0xEF7D, 0x39E7, 0x39E7, 0x39E7, 0x39E7, 0x0000, 0x0000, 0x0000, 0x0000,   // Linha de pixels
0x0000, 0x0000, 0x0000, 0x0000, 0x0000, 0x0000, 0x0000, 0x0000, 0x0000, 0x0000, 0x0000, 0x0000, 0x0000, 0x0000, 0x0000, 0x0000,   // Linha de pixels
0x0000, 0x0000, 0x0000, 0x0000, 0x0000, 0x0000, 0x39C7, 0x39C7, 0x39C7, 0x39C7, 0xEF7D, 0xEF7D, 0xEF7D, 0xEF7D, 0xEF7D, 0xFFFF,   // Linha de pixels
0xFFFF, 0xFFFF, 0xFFFF, 0x1220, 0x1220, 0x1220, 0x1220, 0xFFFF, 0xFFFF, 0xFFFF, 0xFFFF, 0xFFFF, 0xE73C, 0xE73C, 0xE73C, 0xE73C,   // Linha de pixels
0x39C7, 0x39C7, 0x39C7, 0x39C7, 0x1082, 0x1082, 0x1082, 0x1082, 0x1082, 0x1082, 0x1082, 0x1082, 0x1082, 0x1082, 0x1082, 0x1082,   // Linha de pixels
0x1082, 0x2124, 0x2124, 0x2124, 0x2124, 0x2124, 0x8430, 0x8430, 0x8430, 0x8430, 0xD69A, 0xD69A, 0xD69A, 0xD69A, 0xFFFF, 0xFFFF,   // Linha de pixels
0xFFFF, 0xFFFF, 0xFFFF, 0xFFFF, 0xFFFF, 0xFFFF, 0xFFFF, 0xFFFF, 0xFFFF, 0xFFFF, 0xFFFF, 0xFFFF, 0xFFFF, 0xFFFF, 0xFFFF, 0xFFFF,   // Linha de pixels
0xD6BA, 0xD6BA, 0xD6BA, 0xD6BA, 0x2124, 0x2124, 0x2124, 0x2124, 0x0000, 0x0000, 0x0000, 0x0000, 0x0000, 0x1230, 0x1230, 0x1230,   // Linha de pixels
0x1230, 0x0000, 0x0000, 0x0000, 0x0000, 0x7BCF, 0x7BCF, 0x7BCF, 0x7BCF, 0x7BCF, 0xFFFF, 0xFFFF, 0xFFFF, 0xFFFF, 0xFFFF, 0xFFFF,   // Linha de pixels
0xFFFF, 0xFFFF, 0xFFFF, 0xFFFF, 0xFFFF, 0xFFFF, 0xFFFF, 0xCE79, 0xCE79, 0xCE79, 0xCE79, 0x0000, 0x0000, 0x0000, 0x0000, 0x0000,   // Linha de pixels
0x0000, 0x0000, 0x0000, 0x0000, 0x0000, 0x0000, 0x0000, 0x0000, 0x0000, 0x0000, 0x0000, 0x0000, 0x2104, 0x2104, 0x2104, 0x2104,   // Linha de pixels
0xFFFF, 0xFFFF, 0xFFFF, 0xFFFF, 0xFFFF, 0xFFFF, 0xFFFF, 0xFFFF, 0xFFFF, 0xFFFF, 0xFFFF, 0xFFFF, 0xFFFF, 0xFFFF, 0xFFFF, 0xFFFF,   // Linha de pixels
0xFFFF, 0xFFFF, 0xE73C, 0xE73C, 0xE73C, 0xE73C, 0x2945, 0x2945, 0x2945, 0x2945, 0x0000, 0x0000, 0x0000, 0x0000, 0x0000, 0x1082,   // Linha de pixels
0x1082, 0x1082, 0x1082, 0x1082, 0x1082, 0x1082, 0x1082, 0x1082, 0x1082, 0x1082, 0x1082, 0x1082, 0x1082, 0x1082, 0x1082, 0x1082,   // Linha de pixels
0x1200, 0x1200, 0x1200, 0x1200, 0x0861, 0x0861, 0x0861, 0x0861, 0x0861, 0x5289, 0x5289, 0x5289, 0x5289, 0xF7BE, 0xF7BE, 0xF7BE,   // Linha de pixels
0xF7BE, 0xFFFF, 0xFFFF, 0xFFFF, 0xFFFF, 0xFFFF, 0xFFFF, 0xFFFF, 0xFFFF, 0xFFFF, 0xD6BA, 0xD6BA, 0xD6BA, 0xD6BA, 0x2945, 0x2945,   // Linha de pixels
0x2945, 0x2945, 0x2945, 0x1082, 0x1082, 0x1082, 0x1082, 0x1082, 0x1082, 0x1082, 0x1082, 0x1082, 0x1082, 0x1082, 0x1082, 0x1082,   // Linha de pixels
0x1082, 0x1082, 0x1082, 0x1082, 0x0861, 0x0861, 0x0861, 0x0861, 0x0000, 0x0000, 0x0000, 0x0000, 0x0000, 0x5AEB, 0x5AEB, 0x5AEB,   // Linha de pixels
0x5AEB, 0xFFDF, 0xFFDF, 0xFFDF, 0xFFDF, 0xFFFF, 0xFFFF, 0xFFFF, 0xFFFF, 0xFFFF, 0x1210, 0x1210, 0x1210, 0x1210, 0xFFFF, 0xFFFF,   // Linha de pixels
0xFFFF, 0xFFFF, 0xFFFF, 0xFFFF, 0xFFFF, 0xFFFF, 0xFFFF, 0xFFFF, 0xFFFF, 0xFFFF, 0xFFFF, 0xFFFF, 0xFFFF, 0xFFFF, 0xFFFF, 0xFFFF,   // Linha de pixels
0xFFFF, 0xFFFF, 0xFFFF, 0xFFFF, 0xEF7D, 0xEF7D, 0xEF7D, 0xEF7D, 0x39E7, 0x39E7, 0x39E7, 0x39E7, 0x0000, 0x0000, 0x0000, 0x0000,   // Linha de pixels
0x0000, 0x0000, 0x0000, 0x0000, 0x0000, 0x0000, 0x0000, 0x0000, 0x0000, 0x0000, 0x0000, 0x0000, 0x0000, 0x0000, 0x0000, 0x0000,   // Linha de pixels
0x0000, 0x0000, 0x0000, 0x0000, 0x0000, 0x0000, 0x39C7, 0x39C7, 0x39C7, 0x39C7, 0xEF7D, 0xEF7D, 0xEF7D, 0xEF7D, 0xEF7D, 0xFFFF,   // Linha de pixels
0xFFFF, 0xFFFF, 0xFFFF, 0x1220, 0x1220, 0x1220, 0x1220, 0xFFFF, 0xFFFF, 0xFFFF, 0xFFFF, 0xFFFF, 0xE73C, 0xE73C, 0xE73C, 0xE73C,   // Linha de pixels
0x39C7, 0x39C7, 0x39C7, 0x39C7, 0x1082, 0x1082, 0x1082, 0x1082, 0x1082, 0x1082, 0x1082, 0x1082, 0x1082, 0x1082, 0x1082, 0x1082,   // Linha de pixels
0x1082, 0x2124, 0x2124, 0x2124, 0x2124, 0x2124, 0x8430, 0x8430, 0x8430, 0x8430, 0xD69A, 0xD69A, 0xD69A, 0xD69A, 0xFFFF, 0xFFFF,   // Linha de pixels
0xFFFF, 0xFFFF, 0xFFFF, 0xFFFF, 0xFFFF, 0xFFFF, 0xFFFF, 0xFFFF, 0xFFFF, 0xFFFF, 0xFFFF, 0xFFFF, 0xFFFF, 0xFFFF, 0xFFFF, 0xFFFF,   // Linha de pixels
0xD6BA, 0xD6BA, 0xD6BA, 0xD6BA, 0x2124, 0x2124, 0x2124, 0x2124, 0x0000, 0x0000, 0x0000, 0x0000, 0x0000, 0x1230, 0x1230, 0x1230,   // Linha de pixels
0x1230, 0x0000, 0x0000, 0x0000, 0x0000, 0x7BCF, 0x7BCF, 0x7BCF, 0x7BCF, 0x7BCF, 0xFFFF, 0xFFFF, 0xFFFF, 0xFFFF, 0xFFFF, 0xFFFF,   // Linha de pixels
0xFFFF, 0xFFFF, 0xFFFF, 0xFFFF, 0xFFFF, 0xFFFF, 0xFFFF, 0xCE79, 0xCE79, 0xCE79, 0xCE79, 0x0000, 0x0000, 0x0000, 0x0000, 0x0000,   // Linha de pixels
0x0000, 0x0000, 0x0000, 0x0000, 0x0000, 0x0000, 0x0000, 0x0000, 0x0000, 0x0000, 0x0000, 0x0000, 0x2104, 0x2104, 0x2104, 0x2104,   // Linha de pixels
0xFFFF, 0xFFFF, 0xFFFF, 0xFFFF, 0xFFFF, 0xFFFF, 0xFFFF, 0xFFFF, 0xFFFF, 0xFFFF, 0xFFFF, 0xFFFF, 0xFFFF, 0xFFFF, 0xFFFF, 0xFFFF,   // Linha de pixels
0xFFFF, 0xFFFF, 0xE73C, 0xE73C, 0xE73C, 0xE73C, 0x2945, 0x2945, 0x2945, 0x2945, 0x0000, 0x0000, 0x0000, 0x0000, 0x0000, 0x1082,   // Linha de pixels
0x1082, 0x1082, 0x1082, 0x1082, 0x1082, 0x1082, 0x1082, 0x1082, 0x1082, 0x1082, 0x1082, 0x1082, 0x1082, 0x1082, 0x1082, 0x1082,   // Linha de pixels
0x1200, 0x1200, 0x1200, 0x1200, 0x0861, 0x0861, 0x0861, 0x0861, 0x0861, 0x5289, 0x5289, 0x5289, 0x5289, 0xF7BE, 0xF7BE, 0xF7BE,   // Linha de pixels
0xF7BE, 0xFFFF, 0xFFFF, 0xFFFF, 0xFFFF, 0xFFFF, 0xFFFF, 0xFFFF, 0xFFFF, 0xFFFF, 0xD6BA, 0xD6BA, 0xD6BA, 0xD6BA, 0x2945, 0x2945,   // Linha de pixels
0x2945, 0x2945, 0x2945, 0x1082, 0x1082, 0x1082, 0x1082, 0x1082, 0x1082, 0x1082, 0x1082, 0x1082, 0x1082, 0x1082, 0x1082, 0x1082,   // Linha de pixels
0x1082, 0x1082, 0x1082, 0x1082, 0x0861, 0x0861, 0x0861, 0x0861, 0x0000, 0x0000, 0x0000, 0x0000, 0x0000, 0x5AEB, 0x5AEB, 0x5AEB,   // Linha de pixels
0x5AEB, 0xFFDF, 0xFFDF, 0xFFDF, 0xFFDF, 0xFFFF, 0xFFFF, 0xFFFF, 0xFFFF, 0xFFFF, 0x1210, 0x1210, 0x1210, 0x1210, 0xFFFF, 0xFFFF,   // Linha de pixels
0xFFFF, 0xFFFF, 0xFFFF, 0xFFFF, 0xFFFF, 0xFFFF, 0xFFFF, 0xFFFF, 0xFFFF, 0xFFFF, 0xFFFF, 0xFFFF, 0xFFFF, 0xFFFF, 0xFFFF, 0xFFFF,   // Linha de pixels
0xFFFF, 0xFFFF, 0xFFFF, 0xFFFF, 0xEF7D, 0xEF7D, 0xEF7D, 0xEF7D, 0x39E7, 0x39E7, 0x39E7, 0x39E7, 0x0000, 0x0000, 0x0000, 0x0000,   // Linha de pixels
0x0000, 0x0000, 0x0000, 0x0000, 0x0000, 0x0000, 0x0000, 0x0000, 0x0000, 0x0000, 0x0000, 0x0000, 0x0000, 0x0000, 0x0000, 0x0000,   // Linha de pixels
0x0000, 0x0000, 0x0000, 0x0000, 0x0000, 0x0000, 0x39C7, 0x39C7, 0x39C7, 0x39C7, 0xEF7D, 0xEF7D, 0xEF7D, 0xEF7D, 0xEF7D, 0xFFFF,   // Linha de pixels
0xFFFF, 0xFFFF, 0xFFFF, 0x1220, 0x1220, 0x1220, 0x1220, 0xFFFF, 0xFFFF, 0xFFFF, 0xFFFF, 0xFFFF, 0xE73C, 0xE73C, 0xE73C, 0xE73C,   // Linha de pixels
0x39C7, 0x39C7, 0x39C7, 0x39C7, 0x1082, 0x1082, 0x1082, 0x1082, 0x1082, 0x1082, 0x1082, 0x1082, 0x1082, 0x1082, 0x1082, 0x1082,   // Linha de pixels
0x1082, 0x2124, 0x2124, 0x2124, 0x2124, 0x2124, 0x8430, 0x8430, 0x8430, 0x8430, 0xD69A, 0xD69A, 0xD69A, 0xD69A, 0xFFFF, 0xFFFF,   // Linha de pixels
0xFFFF, 0xFFFF, 0xFFFF, 0xFFFF, 0xFFFF, 0xFFFF, 0xFFFF, 0xFFFF, 0xFFFF, 0xFFFF, 0xFFFF, 0xFFFF, 0xFFFF, 0xFFFF, 0xFFFF, 0xFFFF,   // Linha de pixels
0xD6BA, 0xD6BA, 0xD6BA, 0xD6BA, 0x2124, 0x2124, 0x2124, 0x2124, 0x0000, 0x0000, 0x0000, 0x0000, 0x0000, 0x1230, 0x1230, 0x1230,   // Linha de pixels
0x1230, 0x0000, 0x0000, 0x0000, 0x0000, 0x7BCF, 0x7BCF, 0x7BCF, 0x7BCF, 0x7BCF, 0xFFFF, 0xFFFF, 0xFFFF, 0xFFFF, 0xFFFF, 0xFFFF,   // Linha de pixels
0xFFFF, 0xFFFF, 0xFFFF, 0xFFFF, 0xFFFF, 0xFFFF, 0xFFFF, 0xCE79, 0xCE79, 0xCE79, 0xCE79, 0x0000, 0x0000, 0x0000, 0x0000, 0x0000,   // Linha de pixels
0x0000, 0x0000, 0x0000, 0x0000, 0x0000, 0x0000, 0x0000, 0x0000, 0x0000, 0x0000, 0x0000, 0x0000, 0x2104, 0x2104, 0x2104, 0x2104,   // Linha de pixels
0xC618, 0xC618, 0xC618, 0xC618, 0xC618, 0xFFFF, 0xFFFF, 0xFFFF, 0xFFFF, 0xFFFF, 0xFFFF, 0xFFFF, 0xFFFF, 0xFFDF, 0xFFDF, 0xFFDF,   // Linha de pixels
0xFFDF, 0xFFDF, 0xE71C, 0xE71C, 0xE71C, 0xE71C, 0x1240, 0x1240, 0x1240, 0x1240, 0xEF5D, 0xEF5D, 0xEF5D, 0xEF5D, 0xEF5D, 0xFFFF,   // Linha de pixels
0xFFFF, 0xFFFF, 0xFFFF, 0xFFFF, 0xFFFF, 0xFFFF, 0xFFFF, 0xFFDF, 0xFFDF, 0xFFDF, 0xFFDF, 0xFFDF, 0x8C51, 0x8C51, 0x8C51, 0x8C51,   // Linha de pixels
0x0840, 0x0840, 0x0840, 0x0840, 0x0000, 0x0000, 0x0000, 0x0000, 0x0000, 0x0000, 0x0000, 0x0000, 0x0000, 0x0000, 0x0000, 0x0000,   // Linha de pixels
0x0000, 0x0000, 0x0000, 0x0000, 0x0000, 0x0000, 0x0000, 0x0000, 0x0000, 0x0000, 0x4A49, 0x4A49, 0x4A49, 0x4A49, 0xF7BE, 0xF7BE,   // Linha de pixels
0xF7BE, 0xF7BE, 0xF7BE, 0xFFFF, 0xFFFF, 0xFFFF, 0xFFFF, 0xFFFF, 0xFFFF, 0xFFFF, 0xFFFF, 0xD6BA, 0xD6BA, 0xD6BA, 0xD6BA, 0xD6BA,   // Linha de pixels
0x1250, 0x1250, 0x1250, 0x1250, 0x18C3, 0x18C3, 0x18C3, 0x18C3, 0x0000, 0x0000, 0x0000, 0x0000, 0x0000, 0x0000, 0x0000, 0x0000,   // Linha de pixels
0x0000, 0x0000, 0x0000, 0x0000, 0x0000, 0x0000, 0x0000, 0x0000, 0x0000, 0x0000, 0x0000, 0x0000, 0x0000, 0x0000, 0x1082, 0x1082,   // Linha de pixels
0x1082, 0x1082, 0xB596, 0xB596, 0xB596, 0xB596, 0xB596, 0xFFFF, 0xFFFF, 0xFFFF, 0xFFFF, 0xFFFF, 0xFFFF, 0xFFFF, 0xFFFF, 0xFFFF,   // Linha de pixels
0xFFFF, 0xFFFF, 0xFFFF, 0xFFFF, 0xE73C, 0xE73C, 0xE73C, 0xE73C, 0xEF5D, 0xEF5D, 0xEF5D, 0xEF5D, 0xFFFF, 0xFFFF, 0xFFFF, 0xFFFF,   // Linha de pixels
0xFFFF, 0xFFFF, 0xFFFF, 0xFFFF, 0xFFFF, 0xFFDF, 0xFFDF, 0xFFDF, 0xFFDF, 0x1260, 0x1260, 0x1260, 0x1260, 0x9CD3, 0x9CD3, 0x9CD3,   // Linha de pixels
0x9CD3, 0x9CD3, 0x0861, 0x0861, 0x0861, 0x0861, 0x0000, 0x0000, 0x0000, 0x0000, 0x0000, 0x0000, 0x0000, 0x0000, 0x0000, 0x0000,   // Linha de pixels
0x0000, 0x0000, 0x0000, 0x0000, 0x0000, 0x0000, 0x0000, 0x0000, 0x0000, 0x0000, 0x0000, 0x0000, 0x39C7, 0x39C7, 0x39C7, 0x39C7,   // Linha de pixels
0xEF7D, 0xEF7D, 0xEF7D, 0xEF7D, 0xFFFF, 0xFFFF, 0xFFFF, 0xFFFF, 0xFFFF, 0xFFFF, 0xFFFF, 0xFFFF, 0xFFFF, 0xE73C, 0xE73C, 0xE73C,   // Linha de pixels
0xE73C, 0x2945, 0x2945, 0x2945, 0x2945, 0x2945, 0x0000, 0x0000, 0x0000, 0x0000, 0x0000, 0x0000, 0x0000, 0x0000, 0x0000, 0x0000,   // Linha de pixels
0x0000, 0x0000, 0x0000, 0x1270, 0x1270, 0x1270, 0x1270, 0x0000, 0x0000, 0x0000, 0x0000, 0x0000, 0x0000, 0x0000, 0x0000, 0x0000,   // Linha de pixels
0x39C7, 0x39C7, 0x39C7, 0x39C7, 0xCE59, 0xCE59, 0xCE59, 0xCE59, 0xFFFF, 0xFFFF, 0xFFFF, 0xFFFF, 0xFFFF, 0xFFFF, 0xFFFF, 0xFFFF,   // Linha de pixels
0xFFFF, 0xFFFF, 0xFFFF, 0xFFFF, 0xFFFF, 0xF7BE, 0xF7BE, 0xF7BE, 0xF7BE, 0xF7BE, 0x8430, 0x8430, 0x8430, 0x8430, 0x0020, 0x0020,   // Linha de pixels
0x0020, 0x0020, 0x0000, 0x0000, 0x0000, 0x0000, 0x0000, 0x7BCF, 0x7BCF, 0x7BCF, 0x7BCF, 0xFFFF, 0xFFFF, 0xFFFF, 0xFFFF, 0xFFFF,   // Linha de pixels
0xFFFF, 0xFFFF, 0xFFFF, 0xFFFF, 0xFFFF, 0xFFFF, 0xFFFF, 0xFFFF, 0xCE79, 0xCE79, 0xCE79, 0xCE79, 0x1280, 0x1280, 0x1280, 0x1280,   // Linha de pixels
0xC618, 0xC618, 0xC618, 0xC618, 0xC618, 0xFFFF, 0xFFFF, 0xFFFF, 0xFFFF, 0xFFFF, 0xFFFF, 0xFFFF, 0xFFFF, 0xFFDF, 0xFFDF, 0xFFDF,   // Linha de pixels
0xFFDF, 0xFFDF, 0xE71C, 0xE71C, 0xE71C, 0xE71C, 0x1240, 0x1240, 0x1240, 0x1240, 0xEF5D, 0xEF5D, 0xEF5D, 0xEF5D, 0xEF5D, 0xFFFF,   // Linha de pixels
0xFFFF, 0xFFFF, 0xFFFF, 0xFFFF, 0xFFFF, 0xFFFF, 0xFFFF, 0xFFDF, 0xFFDF, 0xFFDF, 0xFFDF, 0xFFDF, 0x8C51, 0x8C51, 0x8C51, 0x8C51,   // Linha de pixels
0x0840, 0x0840, 0x0840, 0x0840, 0x0000, 0x0000, 0x0000, 0x0000, 0x0000, 0x0000, 0x0000, 0x0000, 0x0000, 0x0000, 0x0000, 0x0000,   // Linha de pixels
0x0000, 0x0000, 0x0000, 0x0000, 0x0000, 0x0000, 0x0000, 0x0000, 0x0000, 0x0000, 0x4A49, 0x4A49, 0x4A49, 0x4A49, 0xF7BE, 0xF7BE,   // Linha de pixels
0xF7BE, 0xF7BE, 0xF7BE, 0xFFFF, 0xFFFF, 0xFFFF, 0xFFFF, 0xFFFF, 0xFFFF, 0xFFFF, 0xFFFF, 0xD6BA, 0xD6BA, 0xD6BA, 0xD6BA, 0xD6BA,   // Linha de pixels
0x1250, 0x1250, 0x1250, 0x1250, 0x18C3, 0x18C3, 0x18C3, 0x18C3, 0x0000, 0x0000, 0x0000, 0x0000, 0x0000, 0x0000, 0x0000, 0x0000,   // Linha de pixels
0x0000, 0x0000, 0x0000, 0x0000, 0x0000, 0x0000, 0x0000, 0x0000, 0x0000, 0x0000, 0x0000, 0x0000, 0x0000, 0x0000, 0x1082, 0x1082,   // Linha de pixels
0x1082, 0x1082, 0xB596, 0xB596, 0xB596, 0xB596, 0xB596, 0xFFFF, 0xFFFF, 0xFFFF, 0xFFFF, 0xFFFF, 0xFFFF, 0xFFFF, 0xFFFF, 0xFFFF,   // Linha de pixels
0xFFFF, 0xFFFF, 0xFFFF, 0xFFFF, 0xE73C, 0xE73C, 0xE73C, 0xE73C, 0xEF5D, 0xEF5D, 0xEF5D, 0xEF5D, 0xFFFF, 0xFFFF, 0xFFFF, 0xFFFF,   // Linha de pixels
0xFFFF, 0xFFFF, 0xFFFF, 0xFFFF, 0xFFFF, 0xFFDF, 0xFFDF, 0xFFDF, 0xFFDF, 0x1260, 0x1260, 0x1260, 0x1260, 0x9CD3, 0x9CD3, 0x9CD3,   // Linha de pixels
0x9CD3, 0x9CD3, 0x0861, 0x0861, 0x0861, 0x0861, 0x0000, 0x0000, 0x0000, 0x0000, 0x0000, 0x0000, 0x0000, 0x0000, 0x0000, 0x0000,   // Linha de pixels
0x0000, 0x0000, 0x0000, 0x0000, 0x0000, 0x0000, 0x0000, 0x0000, 0x0000, 0x0000, 0x0000, 0x0000, 0x39C7, 0x39C7, 0x39C7, 0x39C7,   // Linha de pixels
0xEF7D, 0xEF7D, 0xEF7D, 0xEF7D, 0xFFFF, 0xFFFF, 0xFFFF, 0xFFFF, 0xFFFF, 0xFFFF, 0xFFFF, 0xFFFF, 0xFFFF, 0xE73C, 0xE73C, 0xE73C,   // Linha de pixels
0xE73C, 0x2945, 0x2945, 0x2945, 0x2945, 0x2945, 0x0000, 0x0000, 0x0000, 0x0000, 0x0000, 0x0000, 0x0000, 0x0000, 0x0000, 0x0000,   // Linha de pixels
0x0000, 0x0000, 0x0000, 0x1270, 0x1270, 0x1270, 0x1270, 0x0000, 0x0000, 0x0000, 0x0000, 0x0000, 0x0000, 0x0000, 0x0000, 0x0000,   // Linha de pixels
0x39C7, 0x39C7, 0x39C7, 0x39C7, 0xCE59, 0xCE59, 0xCE59, 0xCE59, 0xFFFF, 0xFFFF, 0xFFFF, 0xFFFF, 0xFFFF, 0xFFFF, 0xFFFF, 0xFFFF,   // Linha de pixels
0xFFFF, 0xFFFF, 0xFFFF, 0xFFFF, 0xFFFF, 0xF7BE, 0xF7BE, 0xF7BE, 0xF7BE, 0xF7BE, 0x8430, 0x8430, 0x8430, 0x8430, 0x0020, 0x0020,   // Linha de pixels
0x0020, 0x0020, 0x0000, 0x0000, 0x0000, 0x0000, 0x0000, 0x7BCF, 0x7BCF, 0x7BCF, 0x7BCF, 0xFFFF, 0xFFFF, 0xFFFF, 0xFFFF, 0xFFFF,   // Linha de pixels
0xFFFF, 0xFFFF, 0xFFFF, 0xFFFF, 0xFFFF, 0xFFFF, 0xFFFF, 0xFFFF, 0xCE79, 0xCE79, 0xCE79, 0xCE79, 0x1280, 0x1280, 0x1280, 0x1280,   // Linha de pixels
0x0000, 0x0000, 0x0000, 0x0000, 0x0000, 0x0000, 0x0000, 0x0000, 0x0000, 0x0000, 0x0000, 0x0000, 0x0000, 0x0000, 0x0000, 0x0000,   // Linha de pixels
0x0000, 0x0000, 0x3186, 0x3186, 0x3186, 0x3186, 0xE73C, 0xE73C, 0xE73C, 0xE73C, 0xFFFF, 0xFFFF, 0xFFFF, 0xFFFF, 0xFFFF, 0xFFFF,   // Linha de pixels
0xFFFF, 0xFFFF, 0xFFFF, 0xEF7D, 0xEF7D, 0xEF7D, 0xEF7D, 0x5289, 0x5289, 0x5289, 0x5289, 0x5289, 0x8C51, 0x8C51, 0x8C51, 0x8C51,   // Linha de pixels
0xFFFF, 0xFFFF, 0xFFFF, 0xFFFF, 0xFFFF, 0xFFFF, 0xFFFF, 0xFFFF, 0xFFFF, 0xFFFF, 0xFFFF, 0xFFFF, 0xFFFF, 0xB5B6, 0xB5B6, 0xB5B6,   // Linha de pixels
0xB5B6, 0x0861, 0x0861, 0x0861, 0x0861, 0x0861, 0x1290, 0x1290, 0x1290, 0x1290, 0x0000, 0x0000, 0x0000, 0x0000, 0x0000, 0x0000,   // Linha de pixels
0x0000, 0x0000, 0x0000, 0x0000, 0x0000, 0x0000, 0x0000, 0x0000, 0x0000, 0x0000, 0x0000, 0x0000, 0x0000, 0x0000, 0x0000, 0x0000,   // Linha de pixels
0x4A49, 0x4A49, 0x4A49, 0x4A49, 0xF7BE, 0xF7BE, 0xF7BE, 0xF7BE, 0xFFFF, 0xFFFF, 0xFFFF, 0xFFFF, 0xFFFF, 0xFFFF, 0xFFFF, 0xFFFF,   // Linha de pixels
0xFFFF, 0xD6BA, 0xD6BA, 0xD6BA, 0xD6BA, 0x18C3, 0x18C3, 0x18C3, 0x18C3, 0x18C3, 0x0000, 0x0000, 0x0000, 0x0000, 0x0000, 0x0000,   // Linha de pixels
0x0000, 0x0000, 0x0000, 0x0000, 0x0000, 0x0000, 0x0000, 0x0000, 0x0000, 0x0000, 0x0000, 0x0000, 0x0000, 0x0000, 0x0000, 0x12A0,   // Linha de pixels
0x12A0, 0x12A0, 0x12A0, 0x12A0, 0x2104, 0x2104, 0x2104, 0x2104, 0xDEDB, 0xDEDB, 0xDEDB, 0xDEDB, 0xFFFF, 0xFFFF, 0xFFFF, 0xFFFF,   // Linha de pixels
0xFFFF, 0xFFFF, 0xFFFF, 0xFFFF, 0xFFFF, 0xF7BE, 0xF7BE, 0xF7BE, 0xF7BE, 0x5AEB, 0x5AEB, 0x5AEB, 0x5AEB, 0x73AE, 0x73AE, 0x73AE,   // Linha de pixels
0x73AE, 0x73AE, 0xFFFF, 0xFFFF, 0xFFFF, 0xFFFF, 0xFFFF, 0xFFFF, 0xFFFF, 0xFFFF, 0xFFFF, 0xFFFF, 0xFFFF, 0xFFFF, 0xFFFF, 0xC638,   // Linha de pixels
0xC638, 0xC638, 0xC638, 0x1082, 0x1082, 0x1082, 0x1082, 0x0000, 0x0000, 0x0000, 0x0000, 0x0000, 0x0000, 0x0000, 0x0000, 0x0000,   // Linha de pixels
0x0000, 0x0000, 0x0000, 0x0000, 0x0000, 0x0000, 0x0000, 0x0000, 0x0000, 0x12B0, 0x12B0, 0x12B0, 0x12B0, 0x0000, 0x0000, 0x0000,   // Linha de pixels
0x0000, 0x39C7, 0x39C7, 0x39C7, 0x39C7, 0x39C7, 0xEF7D, 0xEF7D, 0xEF7D, 0xEF7D, 0xFFFF, 0xFFFF, 0xFFFF, 0xFFFF, 0xFFFF, 0xFFFF,   // Linha de pixels
0xFFFF, 0xFFFF, 0xFFFF, 0xE73C, 0xE73C, 0xE73C, 0xE73C, 0x2945, 0x2945, 0x2945, 0x2945, 0x0000, 0x0000, 0x0000, 0x0000, 0x0000,   // Linha de pixels
0x0000, 0x0000, 0x0000, 0x0000, 0x0000, 0x0000, 0x0000, 0x0000, 0x0000, 0x0000, 0x0000, 0x0000, 0x0000, 0x0000, 0x0000, 0x0000,   // Linha de pixels
0x0000, 0x0000, 0x0000, 0x0000, 0x0000, 0x5AAA, 0x5AAA, 0x5AAA, 0x5AAA, 0x5AAA, 0xF79E, 0xF79E, 0xF79E, 0xF79E, 0xFFFF, 0xFFFF,   // Linha de pixels
0xFFFF, 0xFFFF, 0x12C0, 0x12C0, 0x12C0, 0x12C0, 0x12C0, 0xFFFF, 0xFFFF, 0xFFFF, 0xFFFF, 0xFFFF, 0xFFFF, 0xFFFF, 0xFFFF, 0xB596,   // Linha de pixels
0xB596, 0xB596, 0xB596, 0xB596, 0x0020, 0x0020, 0x0020, 0x0020, 0x0000, 0x0000, 0x0000, 0x0000, 0x7BCF, 0x7BCF, 0x7BCF, 0x7BCF,   // Linha de pixels
0x0000, 0x0000, 0x0000, 0x0000, 0x0000, 0x0000, 0x0000, 0x0000, 0x0000, 0x0000, 0x0000, 0x0000, 0x0000, 0x0000, 0x0000, 0x0000,   // Linha de pixels
0x0000, 0x0000, 0x3186, 0x3186, 0x3186, 0x3186, 0xE73C, 0xE73C, 0xE73C, 0xE73C, 0xFFFF, 0xFFFF, 0xFFFF, 0xFFFF, 0xFFFF, 0xFFFF,   // Linha de pixels
0xFFFF, 0xFFFF, 0xFFFF, 0xEF7D, 0xEF7D, 0xEF7D, 0xEF7D, 0x5289, 0x5289, 0x5289, 0x5289, 0x5289, 0x8C51, 0x8C51, 0x8C51, 0x8C51,   // Linha de pixels
0xFFFF, 0xFFFF, 0xFFFF, 0xFFFF, 0xFFFF, 0xFFFF, 0xFFFF, 0xFFFF, 0xFFFF, 0xFFFF, 0xFFFF, 0xFFFF, 0xFFFF, 0xB5B6, 0xB5B6, 0xB5B6,   // Linha de pixels
0xB5B6, 0x0861, 0x0861, 0x0861, 0x0861, 0x0861, 0x1290, 0x1290, 0x1290, 0x1290, 0x0000, 0x0000, 0x0000, 0x0000, 0x0000, 0x0000,   // Linha de pixels
0x0000, 0x0000, 0x0000, 0x0000, 0x0000, 0x0000, 0x0000, 0x0000, 0x0000, 0x0000, 0x0000, 0x0000, 0x0000, 0x0000, 0x0000, 0x0000,   // Linha de pixels
0x4A49, 0x4A49, 0x4A49, 0x4A49, 0xF7BE, 0xF7BE, 0xF7BE, 0xF7BE, 0xFFFF, 0xFFFF, 0xFFFF, 0xFFFF, 0xFFFF, 0xFFFF, 0xFFFF, 0xFFFF,   // Linha de pixels
0xFFFF, 0xD6BA, 0xD6BA, 0xD6BA, 0xD6BA, 0x18C3, 0x18C3, 0x18C3, 0x18C3, 0x18C3, 0x0000, 0x0000, 0x0000, 0x0000, 0x0000, 0x0000,   // Linha de pixels
0x0000, 0x0000, 0x0000, 0x0000, 0x0000, 0x0000, 0x0000, 0x0000, 0x0000, 0x0000, 0x0000, 0x0000, 0x0000, 0x0000, 0x0000, 0x12A0,   // Linha de pixels
0x12A0, 0x12A0, 0x12A0, 0x12A0, 0x2104, 0x2104, 0x2104, 0x2104, 0xDEDB, 0xDEDB, 0xDEDB, 0xDEDB, 0xFFFF, 0xFFFF, 0xFFFF, 0xFFFF,   // Linha de pixels
0xFFFF, 0xFFFF, 0xFFFF, 0xFFFF, 0xFFFF, 0xF7BE, 0xF7BE, 0xF7BE, 0xF7BE, 0x5AEB, 0x5AEB, 0x5AEB, 0x5AEB, 0x73AE, 0x73AE, 0x73AE,   // Linha de pixels
0x73AE, 0x73AE, 0xFFFF, 0xFFFF, 0xFFFF, 0xFFFF, 0xFFFF, 0xFFFF, 0xFFFF, 0xFFFF, 0xFFFF, 0xFFFF, 0xFFFF, 0xFFFF, 0xFFFF, 0xC638,   // Linha de pixels
0xC638, 0xC638, 0xC638, 0x1082, 0x1082, 0x1082, 0x1082, 0x0000, 0x0000, 0x0000, 0x0000, 0x0000, 0x0000, 0x0000, 0x0000, 0x0000,   // Linha de pixels
0x0000, 0x0000, 0x0000, 0x0000, 0x0000, 0x0000, 0x0000, 0x0000, 0x0000, 0x12B0, 0x12B0, 0x12B0, 0x12B0, 0x0000, 0x0000, 0x0000,   // Linha de pixels
0x0000, 0x39C7, 0x39C7, 0x39C7, 0x39C7, 0x39C7, 0xEF7D, 0xEF7D, 0xEF7D, 0xEF7D, 0xFFFF, 0xFFFF, 0xFFFF, 0xFFFF, 0xFFFF, 0xFFFF,   // Linha de pixels
0xFFFF, 0xFFFF, 0xFFFF, 0xE73C, 0xE73C, 0xE73C, 0xE73C, 0x2945, 0x2945, 0x2945, 0x2945, 0x0000, 0x0000, 0x0000, 0x0000, 0x0000,   // Linha de pixels
0x0000, 0x0000, 0x0000, 0x0000, 0x0000, 0x0000, 0x0000, 0x0000, 0x0000, 0x0000, 0x0000, 0x0000, 0x0000, 0x0000, 0x0000, 0x0000,   // Linha de pixels
0x0000, 0x0000, 0x0000, 0x0000, 0x0000, 0x5AAA, 0x5AAA, 0x5AAA, 0x5AAA, 0x5AAA, 0xF79E, 0xF79E, 0xF79E, 0xF79E, 0xFFFF, 0xFFFF,   // Linha de pixels
0xFFFF, 0xFFFF, 0x12C0, 0x12C0, 0x12C0, 0x12C0, 0x12C0, 0xFFFF, 0xFFFF, 0xFFFF, 0xFFFF, 0xFFFF, 0xFFFF, 0xFFFF, 0xFFFF, 0xB596,   // Linha de pixels
0xB596, 0xB596, 0xB596, 0xB596, 0x0020, 0x0020, 0x0020, 0x0020, 0x0000, 0x0000, 0x0000, 0x0000, 0x7BCF, 0x7BCF, 0x7BCF, 0x7BCF,   // Linha de pixels
0xFFFF, 0xFFFF, 0xFFFF, 0xFFFF, 0xFFFF, 0xFFFF, 0xFFFF, 0xFFFF, 0xFFFF, 0xFFFF, 0xFFFF, 0xFFFF, 0xFFFF, 0xCE79, 0xCE79, 0xCE79,   // Linha de pixels
0xCE79, 0xCE79, 0x0000, 0x0000, 0x0000, 0x0000, 0x0000, 0x0000, 0x0000, 0x0000, 0x0000, 0x0000, 0x0000, 0x0000, 0x0000, 0x0840,   // Linha de pixels
0x0840, 0x0840, 0x0840, 0x8C51, 0x8C51, 0x8C51, 0x8C51, 0xF7BE, 0xF7BE, 0xF7BE, 0xF7BE, 0xF7BE, 0x12D0, 0x12D0, 0x12D0, 0x12D0,   // Linha de pixels
0xFFFF, 0xFFFF, 0xFFFF, 0xFFFF, 0xFFFF, 0xFFFF, 0xFFFF, 0xFFFF, 0xFFFF, 0xA514, 0xA514, 0xA514, 0xA514, 0x18A2, 0x18A2, 0x18A2,   // Linha de pixels
0x18A2, 0x39C7, 0x39C7, 0x39C7, 0x39C7, 0x39C7, 0xD69A, 0xD69A, 0xD69A, 0xD69A, 0xFFFF, 0xFFFF, 0xFFFF, 0xFFFF, 0xFFFF, 0xFFFF,   // Linha de pixels
0xFFFF, 0xFFFF, 0xFFFF, 0xDEFB, 0xDEFB, 0xDEFB, 0xDEFB, 0x4A69, 0x4A69, 0x4A69, 0x4A69, 0x0000, 0x0000, 0x0000, 0x0000, 0x0000,   // Linha de pixels
0x0000, 0x0000, 0x0000, 0x0000, 0x0000, 0x0000, 0x0000, 0x0000, 0x0000, 0x0000, 0x0000, 0x0000, 0x0000, 0x0000, 0x0000, 0x0000,   // Linha de pixels
0x0000, 0x4A49, 0x4A49, 0x4A49, 0x4A49, 0x12E0, 0x12E0, 0x12E0, 0x12E0, 0x12E0, 0xF7BE, 0xF7BE, 0xF7BE, 0xF7BE, 0xFFFF, 0xFFFF,   // Linha de pixels
0xFFFF, 0xFFFF, 0xFFFF, 0xFFFF, 0xFFFF, 0xFFFF, 0xFFFF, 0xD6BA, 0xD6BA, 0xD6BA, 0xD6BA, 0x18C3, 0x18C3, 0x18C3, 0x18C3, 0x0000,   // Linha de pixels
0x0000, 0x0000, 0x0000, 0x0000, 0x0000, 0x0000, 0x0000, 0x0000, 0x0000, 0x0000, 0x0000, 0x0000, 0x0000, 0x0000, 0x0000, 0x0000,   // Linha de pixels
0x0020, 0x0020, 0x0020, 0x0020, 0x0020, 0x7BCF, 0x7BCF, 0x7BCF, 0x7BCF, 0xEF7D, 0xEF7D, 0xEF7D, 0xEF7D, 0xFFFF, 0xFFFF, 0xFFFF,   // Linha de pixels
0xFFFF, 0xFFFF, 0xFFFF, 0xFFFF, 0xFFFF, 0xFFFF, 0xB596, 0xB596, 0xB596, 0xB596, 0x18C3, 0x18C3, 0x18C3, 0x18C3, 0x18C3, 0x12F0,   // Linha de pixels
0x12F0, 0x12F0, 0x12F0, 0x2945, 0x2945, 0x2945, 0x2945, 0xCE59, 0xCE59, 0xCE59, 0xCE59, 0xCE59, 0xFFFF, 0xFFFF, 0xFFFF, 0xFFFF,   // Linha de pixels
0xFFFF, 0xFFFF, 0xFFFF, 0xFFFF, 0xEF5D, 0xEF5D, 0xEF5D, 0xEF5D, 0xEF5D, 0x5AAA, 0x5AAA, 0x5AAA, 0x5AAA, 0x0000, 0x0000, 0x0000,   // Linha de pixels
0x0000, 0x0000, 0x0000, 0x0000, 0x0000, 0x0000, 0x0000, 0x0000, 0x0000, 0x0000, 0x0000, 0x0000, 0x0000, 0x0000, 0x0000, 0x0000,   // Linha de pixels
0x0000, 0x0000, 0x0000, 0x39C7, 0x39C7, 0x39C7, 0x39C7, 0xEF7D, 0xEF7D, 0xEF7D, 0xEF7D, 0xFFFF, 0xFFFF, 0xFFFF, 0xFFFF, 0xFFFF,   // Linha de pixels
0xFFFF, 0xFFFF, 0xFFFF, 0xFFFF, 0xE73C, 0xE73C, 0xE73C, 0xE73C, 0x1300, 0x1300, 0x1300, 0x1300, 0x1300, 0x2945, 0x2945, 0x2945,   // Linha de pixels
0x2945, 0x0000, 0x0000, 0x0000, 0x0000, 0x0000, 0x0000, 0x0000, 0x0000, 0x0000, 0x0000, 0x0000, 0x0000, 0x0000, 0x0000, 0x0000,   // Linha de pixels
0x0000, 0x0000, 0x0000, 0x0000, 0x0000, 0x0000, 0x0000, 0x0000, 0x0000, 0x0000, 0x0000, 0x4208, 0x4208, 0x4208, 0x4208, 0xEF7D,   // Linha de pixels
0xEF7D, 0xEF7D, 0xEF7D, 0xEF7D, 0xFFFF, 0xFFFF, 0xFFFF, 0xFFFF, 0xFFFF, 0xFFFF, 0xFFFF, 0xFFFF, 0xFFFF, 0xFFFF, 0xFFFF, 0xFFFF,   // Linha de pixels
0xFFFF, 0xFFFF, 0xFFFF, 0xFFFF, 0xFFFF, 0xFFFF, 0xFFFF, 0xFFFF, 0xFFFF, 0xFFFF, 0xFFFF, 0xFFFF, 0xFFFF, 0xCE79, 0xCE79, 0xCE79,   // Linha de pixels
0xCE79, 0xCE79, 0x0000, 0x0000, 0x0000, 0x0000, 0x0000, 0x0000, 0x0000, 0x0000, 0x0000, 0x0000, 0x0000, 0x0000, 0x0000, 0x0840,   // Linha de pixels
0x0840, 0x0840, 0x0840, 0x8C51, 0x8C51, 0x8C51, 0x8C51, 0xF7BE, 0xF7BE, 0xF7BE, 0xF7BE, 0xF7BE, 0x12D0, 0x12D0, 0x12D0, 0x12D0,   // Linha de pixels
0xFFFF, 0xFFFF, 0xFFFF, 0xFFFF, 0xFFFF, 0xFFFF, 0xFFFF, 0xFFFF, 0xFFFF, 0xA514, 0xA514, 0xA514, 0xA514, 0x18A2, 0x18A2, 0x18A2,   // Linha de pixels
0x18A2, 0x39C7, 0x39C7, 0x39C7, 0x39C7, 0x39C7, 0xD69A, 0xD69A, 0xD69A, 0xD69A, 0xFFFF, 0xFFFF, 0xFFFF, 0xFFFF, 0xFFFF, 0xFFFF,   // Linha de pixels
0xFFFF, 0xFFFF, 0xFFFF, 0xDEFB, 0xDEFB, 0xDEFB, 0xDEFB, 0x4A69, 0x4A69, 0x4A69, 0x4A69, 0x0000, 0x0000, 0x0000, 0x0000, 0x0000,   // Linha de pixels
0x0000, 0x0000, 0x0000, 0x0000, 0x0000, 0x0000, 0x0000, 0x0000, 0x0000, 0x0000, 0x0000, 0x0000, 0x0000, 0x0000, 0x0000, 0x0000,   // Linha de pixels
0x0000, 0x4A49, 0x4A49, 0x4A49, 0x4A49, 0x12E0, 0x12E0, 0x12E0, 0x12E0, 0x12E0, 0xF7BE, 0xF7BE, 0xF7BE, 0xF7BE, 0xFFFF, 0xFFFF,   // Linha de pixels
0xFFFF, 0xFFFF, 0xFFFF, 0xFFFF, 0xFFFF, 0xFFFF, 0xFFFF, 0xD6BA, 0xD6BA, 0xD6BA, 0xD6BA, 0x18C3, 0x18C3, 0x18C3, 0x18C3, 0x0000,   // Linha de pixels
0x0000, 0x0000, 0x0000, 0x0000, 0x0000, 0x0000, 0x0000, 0x0000, 0x0000, 0x0000, 0x0000, 0x0000, 0x0000, 0x0000, 0x0000, 0x0000,   // Linha de pixels
0x0020, 0x0020, 0x0020, 0x0020, 0x0020, 0x7BCF, 0x7BCF, 0x7BCF, 0x7BCF, 0xEF7D, 0xEF7D, 0xEF7D, 0xEF7D, 0xFFFF, 0xFFFF, 0xFFFF,   // Linha de pixels
0xFFFF, 0xFFFF, 0xFFFF, 0xFFFF, 0xFFFF, 0xFFFF, 0xB596, 0xB596, 0xB596, 0xB596, 0x18C3, 0x18C3, 0x18C3, 0x18C3, 0x18C3, 0x12F0,   // Linha de pixels
0x12F0, 0x12F0, 0x12F0, 0x2945, 0x2945, 0x2945, 0x2945, 0xCE59, 0xCE59, 0xCE59, 0xCE59, 0xCE59, 0xFFFF, 0xFFFF, 0xFFFF, 0xFFFF,   // Linha de pixels
0xFFFF, 0xFFFF, 0xFFFF, 0xFFFF, 0xEF5D, 0xEF5D, 0xEF5D, 0xEF5D, 0xEF5D, 0x5AAA, 0x5AAA, 0x5AAA, 0x5AAA, 0x0000, 0x0000, 0x0000,   // Linha de pixels
0x0000, 0x0000, 0x0000, 0x0000, 0x0000, 0x0000, 0x0000, 0x0000, 0x0000, 0x0000, 0x0000, 0x0000, 0x0000, 0x0000, 0x0000, 0x0000,   // Linha de pixels
0x0000, 0x0000, 0x0000, 0x39C7, 0x39C7, 0x39C7, 0x39C7, 0xEF7D, 0xEF7D, 0xEF7D, 0xEF7D, 0xFFFF, 0xFFFF, 0xFFFF, 0xFFFF, 0xFFFF,   // Linha de pixels
0xFFFF, 0xFFFF, 0xFFFF, 0xFFFF, 0xE73C, 0xE73C, 0xE73C, 0xE73C, 0x1300, 0x1300, 0x1300, 0x1300, 0x1300, 0x2945, 0x2945, 0x2945,   // Linha de pixels
0x2945, 0x0000, 0x0000, 0x0000, 0x0000, 0x0000, 0x0000, 0x0000, 0x0000, 0x0000, 0x0000, 0x0000, 0x0000, 0x0000, 0x0000, 0x0000,   // Linha de pixels
0x0000, 0x0000, 0x0000, 0x0000, 0x0000, 0x0000, 0x0000, 0x0000, 0x0000, 0x0000, 0x0000, 0x4208, 0x4208, 0x4208, 0x4208, 0xEF7D,   // Linha de pixels
0xEF7D, 0xEF7D, 0xEF7D, 0xEF7D, 0xFFFF, 0xFFFF, 0xFFFF, 0xFFFF, 0xFFFF, 0xFFFF, 0xFFFF, 0xFFFF, 0xFFFF, 0xFFFF, 0xFFFF, 0xFFFF,   // Linha de pixels
0xB596, 0xB596, 0xB596, 0xB596, 0xB596, 0x0840, 0x0840, 0x0840, 0x0840, 0x0000, 0x0000, 0x0000, 0x0000, 0x7BCF, 0x7BCF, 0x7BCF,   // Linha de pixels
0x7BCF, 0x7BCF, 0x1310, 0x1310, 0x1310, 0x1310, 0xFFFF, 0xFFFF, 0xFFFF, 0xFFFF, 0xFFFF, 0xFFFF, 0xFFFF, 0xFFFF, 0xFFFF, 0xFFFF,   // Linha de pixels
0xFFFF, 0xFFFF, 0xFFFF, 0xCE79, 0xCE79, 0xCE79, 0xCE79, 0x0000, 0x0000, 0x0000, 0x0000, 0x0000, 0x0000, 0x0000, 0x0000, 0x0000,   // Linha de pixels
0x0000, 0x0000, 0x0000, 0x0000, 0x0861, 0x0861, 0x0861, 0x0861, 0x0861, 0xC638, 0xC638, 0xC638, 0xC638, 0xFFFF, 0xFFFF, 0xFFFF,   // Linha de pixels
0xFFFF, 0xFFFF, 0xFFFF, 0xFFFF, 0xFFFF, 0xFFFF, 0xFFFF, 0xFFFF, 0xFFFF, 0xFFFF, 0x736D, 0x736D, 0x736D, 0x736D, 0x0000, 0x0000,   // Linha de pixels
0x0000, 0x0000, 0x0000, 0x0861, 0x0861, 0x0861, 0x0861, 0xB5B6, 0xB5B6, 0xB5B6, 0xB5B6, 0x1320, 0x1320, 0x1320, 0x1320, 0x1320,   // Linha de pixels
0xFFFF, 0xFFFF, 0xFFFF, 0xFFFF, 0xFFFF, 0xFFFF, 0xFFFF, 0xFFFF, 0xFFFF, 0xFFFF, 0xFFFF, 0xFFFF, 0xFFFF, 0x73AE, 0x73AE, 0x73AE,   // Linha de pixels
0x73AE, 0x0000, 0x0000, 0x0000, 0x0000, 0x0000, 0x0000, 0x0000, 0x0000, 0x0000, 0x0000, 0x0000, 0x0000, 0x0000, 0x0000, 0x0000,   // Linha de pixels
0x0000, 0x0000, 0x0000, 0x0000, 0x0000, 0x0000, 0x0000, 0x4A49, 0x4A49, 0x4A49, 0x4A49, 0xF7BE, 0xF7BE, 0xF7BE, 0xF7BE, 0xFFFF,   // Linha de pixels
0xFFFF, 0xFFFF, 0xFFFF, 0xFFFF, 0xFFFF, 0xFFFF, 0xFFFF, 0xFFFF, 0xD6BA, 0xD6BA, 0xD6BA, 0xD6BA, 0x18C3, 0x18C3, 0x18C3, 0x18C3,   // Linha de pixels
0x0000, 0x0000, 0x0000, 0x0000, 0x0000, 0x1330, 0x1330, 0x1330, 0x1330, 0x0000, 0x0000, 0x0000, 0x0000, 0x0000, 0x0000, 0x0000,   // Linha de pixels
0x0000, 0x0000, 0x0000, 0x0000, 0x0000, 0x0000, 0x0840, 0x0840, 0x0840, 0x0840, 0xB5B6, 0xB5B6, 0xB5B6, 0xB5B6, 0xB5B6, 0xFFFF,   // Linha de pixels
0xFFFF, 0xFFFF, 0xFFFF, 0xFFFF, 0xFFFF, 0xFFFF, 0xFFFF, 0xFFFF, 0xFFFF, 0xFFFF, 0xFFFF, 0xFFFF, 0x8430, 0x8430, 0x8430, 0x8430,   // Linha de pixels
0x0000, 0x0000, 0x0000, 0x0000, 0x0020, 0x0020, 0x0020, 0x0020, 0x0020, 0xA514, 0xA514, 0xA514, 0xA514, 0xFFFF, 0xFFFF, 0xFFFF,   // Linha de pixels
0xFFFF, 0xFFFF, 0xFFFF, 0xFFFF, 0xFFFF, 0xFFFF, 0xFFFF, 0xFFFF, 0xFFFF, 0xFFFF, 0x8C51, 0x8C51, 0x8C51, 0x8C51, 0x1340, 0x1340,   // Linha de pixels
0x1340, 0x1340, 0x1340, 0x0000, 0x0000, 0x0000, 0x0000, 0x0000, 0x0000, 0x0000, 0x0000, 0x0000, 0x0000, 0x0000, 0x0000, 0x0000,   // Linha de pixels
0x0000, 0x0000, 0x0000, 0x0000, 0x0000, 0x0000, 0x0000, 0x0000, 0x39C7, 0x39C7, 0x39C7, 0x39C7, 0x39C7, 0xEF7D, 0xEF7D, 0xEF7D,   // Linha de pixels
0xEF7D, 0xFFFF, 0xFFFF, 0xFFFF, 0xFFFF, 0xFFFF, 0xFFFF, 0xFFFF, 0xFFFF, 0xFFFF, 0xE73C, 0xE73C, 0xE73C, 0xE73C, 0x2945, 0x2945,   // Linha de pixels
0x2945, 0x2945, 0x0000, 0x0000, 0x0000, 0x0000, 0x0000, 0x0000, 0x0000, 0x0000, 0x0000, 0x0000, 0x0000, 0x0000, 0x0000, 0x0000,   // Linha de pixels
0x0000, 0x0000, 0x0000, 0x0000, 0x0000, 0x0000, 0x0000, 0x0000, 0x1350, 0x1350, 0x1350, 0x1350, 0x0000, 0x0000, 0x0000, 0x0000,   // Linha de pixels
0xB596, 0xB596, 0xB596, 0xB596, 0xB596, 0x0840, 0x0840, 0x0840, 0x0840, 0x0000, 0x0000, 0x0000, 0x0000, 0x7BCF, 0x7BCF, 0x7BCF,   // Linha de pixels
0x7BCF, 0x7BCF, 0x1310, 0x1310, 0x1310, 0x1310, 0xFFFF, 0xFFFF, 0xFFFF, 0xFFFF, 0xFFFF, 0xFFFF, 0xFFFF, 0xFFFF, 0xFFFF, 0xFFFF,   // Linha de pixels
0xFFFF, 0xFFFF, 0xFFFF, 0xCE79, 0xCE79, 0xCE79, 0xCE79, 0x0000, 0x0000, 0x0000, 0x0000, 0x0000, 0x0000, 0x0000, 0x0000, 0x0000,   // Linha de pixels
0x0000, 0x0000, 0x0000, 0x0000, 0x0861, 0x0861, 0x0861, 0x0861, 0x0861, 0xC638, 0xC638, 0xC638, 0xC638, 0xFFFF, 0xFFFF, 0xFFFF,   // Linha de pixels
0xFFFF, 0xFFFF, 0xFFFF, 0xFFFF, 0xFFFF, 0xFFFF, 0xFFFF, 0xFFFF, 0xFFFF, 0xFFFF, 0x736D, 0x736D, 0x736D, 0x736D, 0x0000, 0x0000,   // Linha de pixels
0x0000, 0x0000, 0x0000, 0x0861, 0x0861, 0x0861, 0x0861, 0xB5B6, 0xB5B6, 0xB5B6, 0xB5B6, 0x1320, 0x1320, 0x1320, 0x1320, 0x1320,   // Linha de pixels
0xFFFF, 0xFFFF, 0xFFFF, 0xFFFF, 0xFFFF, 0xFFFF, 0xFFFF, 0xFFFF, 0xFFFF, 0xFFFF, 0xFFFF, 0xFFFF, 0xFFFF, 0x73AE, 0x73AE, 0x73AE,   // Linha de pixels
0x73AE, 0x0000, 0x0000, 0x0000, 0x0000, 0x0000, 0x0000, 0x0000, 0x0000, 0x0000, 0x0000, 0x0000, 0x0000, 0x0000, 0x0000, 0x0000,   // Linha de pixels
0x0000, 0x0000, 0x0000, 0x0000, 0x0000, 0x0000, 0x0000, 0x4A49, 0x4A49, 0x4A49, 0x4A49, 0xF7BE, 0xF7BE, 0xF7BE, 0xF7BE, 0xFFFF,   // Linha de pixels
0xFFFF, 0xFFFF, 0xFFFF, 0xFFFF, 0xFFFF, 0xFFFF, 0xFFFF, 0xFFFF, 0xD6BA, 0xD6BA, 0xD6BA, 0xD6BA, 0x18C3, 0x18C3, 0x18C3, 0x18C3,   // Linha de pixels
0x0000, 0x0000, 0x0000, 0x0000, 0x0000, 0x1330, 0x1330, 0x1330, 0x1330, 0x0000, 0x0000, 0x0000, 0x0000, 0x0000, 0x0000, 0x0000,   // Linha de pixels
0x0000, 0x0000, 0x0000, 0x0000, 0x0000, 0x0000, 0x0840, 0x0840, 0x0840, 0x0840, 0xB5B6, 0xB5B6, 0xB5B6, 0xB5B6, 0xB5B6, 0xFFFF,   // Linha de pixels
0xFFFF, 0xFFFF, 0xFFFF, 0xFFFF, 0xFFFF, 0xFFFF, 0xFFFF, 0xFFFF, 0xFFFF, 0xFFFF, 0xFFFF, 0xFFFF, 0x8430, 0x8430, 0x8430, 0x8430,   // Linha de pixels
0x0000, 0x0000, 0x0000, 0x0000, 0x0020, 0x0020, 0x0020, 0x0020, 0x0020, 0xA514, 0xA514, 0xA514, 0xA514, 0xFFFF, 0xFFFF, 0xFFFF,   // Linha de pixels
0xFFFF, 0xFFFF, 0xFFFF, 0xFFFF, 0xFFFF, 0xFFFF, 0xFFFF, 0xFFFF, 0xFFFF, 0xFFFF, 0x8C51, 0x8C51, 0x8C51, 0x8C51, 0x1340, 0x1340,   // Linha de pixels
0x1340, 0x1340, 0x1340, 0x0000, 0x0000, 0x0000, 0x0000, 0x0000, 0x0000, 0x0000, 0x0000, 0x0000, 0x0000, 0x0000, 0x0000, 0x0000,   // Linha de pixels
0x0000, 0x0000, 0x0000, 0x0000, 0x0000, 0x0000, 0x0000, 0x0000, 0x39C7, 0x39C7, 0x39C7, 0x39C7, 0x39C7, 0xEF7D, 0xEF7D, 0xEF7D,   // Linha de pixels
0xEF7D, 0xFFFF, 0xFFFF, 0xFFFF, 0xFFFF, 0xFFFF, 0xFFFF, 0xFFFF, 0xFFFF, 0xFFFF, 0xE73C, 0xE73C, 0xE73C, 0xE73C, 0x2945, 0x2945,   // Linha de pixels
0x2945, 0x2945, 0x0000, 0x0000, 0x0000, 0x0000, 0x0000, 0x0000, 0x0000, 0x0000, 0x0000, 0x0000, 0x0000, 0x0000, 0x0000, 0x0000,   // Linha de pixels
0x0000, 0x0000, 0x0000, 0x0000, 0x0000, 0x0000, 0x0000, 0x0000, 0x1350, 0x1350, 0x1350, 0x1350, 0x0000, 0x0000, 0x0000, 0x0000,   // Linha de pixels
0x736D, 0x736D, 0x736D, 0x736D, 0x736D, 0xF79E, 0xF79E, 0xF79E, 0xF79E, 0xFFFF, 0xFFFF, 0xFFFF, 0xFFFF, 0xFFFF, 0xFFFF, 0xFFFF,   // Linha de pixels
0xFFFF, 0xFFFF, 0xF7BE, 0xF7BE, 0xF7BE, 0xF7BE, 0x8C51, 0x8C51, 0x8C51, 0x8C51, 0x0020, 0x0020, 0x0020, 0x0020, 0x0020, 0x0000,   // Linha de pixels
0x0000, 0x0000, 0x0000, 0x7BCF, 0x7BCF, 0x7BCF, 0x7BCF, 0xFFFF, 0xFFFF, 0xFFFF, 0xFFFF, 0xFFFF, 0xFFFF, 0xFFFF, 0xFFFF, 0xFFFF,   // Linha de pixels
0xFFFF, 0xFFFF, 0xFFFF, 0xFFFF, 0xCE79, 0xCE79, 0xCE79, 0xCE79, 0xCE79, 0x0000, 0x0000, 0x0000, 0x0000, 0x0000, 0x0000, 0x0000,   // Linha de pixels
0x0000, 0x1360, 0x1360, 0x1360, 0x1360, 0x1360, 0x0000, 0x0000, 0x0000, 0x0000, 0x4A49, 0x4A49, 0x4A49, 0x4A49, 0xDEFB, 0xDEFB,   // Linha de pixels
0xDEFB, 0xDEFB, 0xDEFB, 0xFFFF, 0xFFFF, 0xFFFF, 0xFFFF, 0xFFFF, 0xFFFF, 0xFFFF, 0xFFFF, 0xDEDB, 0xDEDB, 0xDEDB, 0xDEDB, 0xDEDB,   // Linha de pixels
0x39E7, 0x39E7, 0x39E7, 0x39E7, 0x0000, 0x0000, 0x0000, 0x0000, 0x0840, 0x0840, 0x0840, 0x0840, 0x0840, 0x73AE, 0x73AE, 0x73AE,   // Linha de pixels
0x73AE, 0xF79E, 0xF79E, 0xF79E, 0xF79E, 0xFFFF, 0xFFFF, 0xFFFF, 0xFFFF, 0xFFFF, 0xFFFF, 0xFFFF, 0xFFFF, 0xFFFF, 0xB596, 0xB596,   // Linha de pixels
0xB596, 0xB596, 0x18C3, 0x18C3, 0x18C3, 0x18C3, 0x18C3, 0x0000, 0x0000, 0x0000, 0x0000, 0x1370, 0x1370, 0x1370, 0x1370, 0x0000,   // Linha de pixels
0x0000, 0x0000, 0x0000, 0x0000, 0x0000, 0x0000, 0x0000, 0x0000, 0x0000, 0x0000, 0x0000, 0x0000, 0x4A49, 0x4A49, 0x4A49, 0x4A49,   // Linha de pixels
0xF7BE, 0xF7BE, 0xF7BE, 0xF7BE, 0xF7BE, 0xFFFF, 0xFFFF, 0xFFFF, 0xFFFF, 0xFFFF, 0xFFFF, 0xFFFF, 0xFFFF, 0xD6BA, 0xD6BA, 0xD6BA,   // Linha de pixels
0xD6BA, 0xD6BA, 0x18C3, 0x18C3, 0x18C3, 0x18C3, 0x0000, 0x0000, 0x0000, 0x0000, 0x0000, 0x0000, 0x0000, 0x0000, 0x0000, 0x0000,   // Linha de pixels
0x0000, 0x0000, 0x0000, 0x0000, 0x0000, 0x0000, 0x0000, 0x39C7, 0x39C7, 0x39C7, 0x39C7, 0x39C7, 0xD69A, 0xD69A, 0xD69A, 0xD69A,   // Linha de pixels
0xFFFF, 0xFFFF, 0xFFFF, 0xFFFF, 0x1380, 0x1380, 0x1380, 0x1380, 0x1380, 0xFFFF, 0xFFFF, 0xFFFF, 0xFFFF, 0xE71C, 0xE71C, 0xE71C,   // Linha de pixels
0xE71C, 0x4A69, 0x4A69, 0x4A69, 0x4A69, 0x4A69, 0x0000, 0x0000, 0x0000, 0x0000, 0x0000, 0x0000, 0x0000, 0x0000, 0x6B2C, 0x6B2C,   // Linha de pixels
0x6B2C, 0x6B2C, 0x6B2C, 0xEF7D, 0xEF7D, 0xEF7D, 0xEF7D, 0xFFFF, 0xFFFF, 0xFFFF, 0xFFFF, 0xFFFF, 0xFFFF, 0xFFFF, 0xFFFF, 0xFFFF,   // Linha de pixels
0xC618, 0xC618, 0xC618, 0xC618, 0x2124, 0x2124, 0x2124, 0x2124, 0x0000, 0x0000, 0x0000, 0x0000, 0x0000, 0x0000, 0x0000, 0x0000,   // Linha de pixels
0x0000, 0x0000, 0x0000, 0x0000, 0x0000, 0x0000, 0x0000, 0x0000, 0x0000, 0x0000, 0x39C7, 0x39C7, 0x39C7, 0x39C7, 0x1390, 0x1390,   // Linha de pixels
0x1390, 0x1390, 0xEF7D, 0xEF7D, 0xEF7D, 0xEF7D, 0xEF7D, 0xFFFF, 0xFFFF, 0xFFFF, 0xFFFF, 0xFFFF, 0xFFFF, 0xFFFF, 0xFFFF, 0xE73C,   // Linha de pixels
0xE73C, 0xE73C, 0xE73C, 0xE73C, 0x2945, 0x2945, 0x2945, 0x2945, 0x0000, 0x0000, 0x0000, 0x0000, 0x0000, 0x0000, 0x0000, 0x0000,   // Linha de pixels
0x736D, 0x736D, 0x736D, 0x736D, 0x736D, 0xF79E, 0xF79E, 0xF79E, 0xF79E, 0xFFFF, 0xFFFF, 0xFFFF, 0xFFFF, 0xFFFF, 0xFFFF, 0xFFFF,   // Linha de pixels
0xFFFF, 0xFFFF, 0xF7BE, 0xF7BE, 0xF7BE, 0xF7BE, 0x8C51, 0x8C51, 0x8C51, 0x8C51, 0x0020, 0x0020, 0x0020, 0x0020, 0x0020, 0x0000,   // Linha de pixels
0x0000, 0x0000, 0x0000, 0x7BCF, 0x7BCF, 0x7BCF, 0x7BCF, 0xFFFF, 0xFFFF, 0xFFFF, 0xFFFF, 0xFFFF, 0xFFFF, 0xFFFF, 0xFFFF, 0xFFFF,   // Linha de pixels
0xFFFF, 0xFFFF, 0xFFFF, 0xFFFF, 0xCE79, 0xCE79, 0xCE79, 0xCE79, 0xCE79, 0x0000, 0x0000, 0x0000, 0x0000, 0x0000, 0x0000, 0x0000,   // Linha de pixels
0x0000, 0x1360, 0x1360, 0x1360, 0x1360, 0x1360, 0x0000, 0x0000, 0x0000, 0x0000, 0x4A49, 0x4A49, 0x4A49, 0x4A49, 0xDEFB, 0xDEFB,   // Linha de pixels
0xDEFB, 0xDEFB, 0xDEFB, 0xFFFF, 0xFFFF, 0xFFFF, 0xFFFF, 0xFFFF, 0xFFFF, 0xFFFF, 0xFFFF, 0xDEDB, 0xDEDB, 0xDEDB, 0xDEDB, 0xDEDB,   // Linha de pixels
0x39E7, 0x39E7, 0x39E7, 0x39E7, 0x0000, 0x0000, 0x0000, 0x0000, 0x0840, 0x0840, 0x0840, 0x0840, 0x0840, 0x73AE, 0x73AE, 0x73AE,   // Linha de pixels
0x73AE, 0xF79E, 0xF79E, 0xF79E, 0xF79E, 0xFFFF, 0xFFFF, 0xFFFF, 0xFFFF, 0xFFFF, 0xFFFF, 0xFFFF, 0xFFFF, 0xFFFF, 0xB596, 0xB596,   // Linha de pixels
0xB596, 0xB596, 0x18C3, 0x18C3, 0x18C3, 0x18C3, 0x18C3, 0x0000, 0x0000, 0x0000, 0x0000, 0x1370, 0x1370, 0x1370, 0x1370, 0x0000,   // Linha de pixels
0x0000, 0x0000, 0x0000, 0x0000, 0x0000, 0x0000, 0x0000, 0x0000, 0x0000, 0x0000, 0x0000, 0x0000, 0x4A49, 0x4A49, 0x4A49, 0x4A49,   // Linha de pixels
0xF7BE, 0xF7BE, 0xF7BE, 0xF7BE, 0xF7BE, 0xFFFF, 0xFFFF, 0xFFFF, 0xFFFF, 0xFFFF, 0xFFFF, 0xFFFF, 0xFFFF, 0xD6BA, 0xD6BA, 0xD6BA,   // Linha de pixels
0xD6BA, 0xD6BA, 0x18C3, 0x18C3, 0x18C3, 0x18C3, 0x0000, 0x0000, 0x0000, 0x0000, 0x0000, 0x0000, 0x0000, 0x0000, 0x0000, 0x0000,   // Linha de pixels
0x0000, 0x0000, 0x0000, 0x0000, 0x0000, 0x0000, 0x0000, 0x39C7, 0x39C7, 0x39C7, 0x39C7, 0x39C7, 0xD69A, 0xD69A, 0xD69A, 0xD69A,   // Linha de pixels
0xFFFF, 0xFFFF, 0xFFFF, 0xFFFF, 0x1380, 0x1380, 0x1380, 0x1380, 0x1380, 0xFFFF, 0xFFFF, 0xFFFF, 0xFFFF, 0xE71C, 0xE71C, 0xE71C,   // Linha de pixels
0xE71C, 0x4A69, 0x4A69, 0x4A69, 0x4A69, 0x4A69, 0x0000, 0x0000, 0x0000, 0x0000, 0x0000, 0x0000, 0x0000, 0x0000, 0x6B2C, 0x6B2C,   // Linha de pixels
0x6B2C, 0x6B2C, 0x6B2C, 0xEF7D, 0xEF7D, 0xEF7D, 0xEF7D, 0xFFFF, 0xFFFF, 0xFFFF, 0xFFFF, 0xFFFF, 0xFFFF, 0xFFFF, 0xFFFF, 0xFFFF,   // Linha de pixels
0xC618, 0xC618, 0xC618, 0xC618, 0x2124, 0x2124, 0x2124, 0x2124, 0x0000, 0x0000, 0x0000, 0x0000, 0x0000, 0x0000, 0x0000, 0x0000,   // Linha de pixels
0x0000, 0x0000, 0x0000, 0x0000, 0x0000, 0x0000, 0x0000, 0x0000, 0x0000, 0x0000, 0x39C7, 0x39C7, 0x39C7, 0x39C7, 0x1390, 0x1390,   // Linha de pixels
0x1390, 0x1390, 0xEF7D, 0xEF7D, 0xEF7D, 0xEF7D, 0xEF7D, 0xFFFF, 0xFFFF, 0xFFFF, 0xFFFF, 0xFFFF, 0xFFFF, 0xFFFF, 0xFFFF, 0xE73C,   // Linha de pixels
0xE73C, 0xE73C, 0xE73C, 0xE73C, 0x2945, 0x2945, 0x2945, 0x2945, 0x0000, 0x0000, 0x0000, 0x0000, 0x0000, 0x0000, 0x0000, 0x0000,   // Linha de pixels
0x0000, 0x0000, 0x0000, 0x0000, 0x0000, 0x0000, 0x0000, 0x0000, 0x0000, 0x0861, 0x0861, 0x0861, 0x0861, 0x5AAA, 0x5AAA, 0x5AAA,   // Linha de pixels
0x5AAA, 0x5AAA, 0xDEFB, 0xDEFB, 0xDEFB, 0xDEFB, 0xFFFF, 0xFFFF, 0xFFFF, 0xFFFF, 0xFFFF, 0xFFFF, 0xFFFF, 0xFFFF, 0xFFFF, 0xFFFF,   // Linha de pixels
0xFFFF, 0xFFFF, 0xFFFF, 0xDEDB, 0xDEDB, 0xDEDB, 0xDEDB, 0x13A0, 0x13A0, 0x13A0, 0x13A0, 0x13A0, 0x2945, 0x2945, 0x2945, 0x2945,   // Linha de pixels
0x0000, 0x0000, 0x0000, 0x0000, 0x0000, 0x0000, 0x0000, 0x0000, 0x0000, 0x7BCF, 0x7BCF, 0x7BCF, 0x7BCF, 0xFFFF, 0xFFFF, 0xFFFF,   // Linha de pixels
0xFFFF, 0xFFFF, 0xFFFF, 0xFFFF, 0xFFFF, 0xFFFF, 0xFFFF, 0xFFFF, 0xFFFF, 0xFFFF, 0xCE79, 0xCE79, 0xCE79, 0xCE79, 0x0000, 0x0000,   // Linha de pixels
0x0000, 0x0000, 0x0000, 0x0000, 0x0000, 0x0000, 0x0000, 0x0000, 0x0000, 0x0000, 0x0000, 0x8430, 0x8430, 0x8430, 0x8430, 0x8430,   // Linha de pixels
0xFFFF, 0xFFFF, 0xFFFF, 0xFFFF, 0xFFFF, 0xFFFF, 0xFFFF, 0xFFFF, 0xFFFF, 0xFFFF, 0xFFFF, 0xFFFF, 0xFFFF, 0xB596, 0xB596, 0xB596,   // Linha de pixels
0xB596, 0x13B0, 0x13B0, 0x13B0, 0x13B0, 0x0840, 0x0840, 0x0840, 0x0840, 0x0840, 0x0000, 0x0000, 0x0000, 0x0000, 0x0000, 0x0000,   // Linha de pixels
0x0000, 0x0000, 0x3186, 0x3186, 0x3186, 0x3186, 0x3186, 0xEF5D, 0xEF5D, 0xEF5D, 0xEF5D, 0xFFFF, 0xFFFF, 0xFFFF, 0xFFFF, 0xFFFF,   // Linha de pixels
0xFFFF, 0xFFFF, 0xFFFF, 0xFFFF, 0xEF7D, 0xEF7D, 0xEF7D, 0xEF7D, 0x39C7, 0x39C7, 0x39C7, 0x39C7, 0x0000, 0x0000, 0x0000, 0x0000,   // Linha de pixels
0x0000, 0x0000, 0x0000, 0x0000, 0x0000, 0x0000, 0x0000, 0x0000, 0x0000, 0x0000, 0x0000, 0x0000, 0x0000, 0x4A49, 0x4A49, 0x4A49,   // Linha de pixels
0x4A49, 0x4A49, 0xF7BE, 0xF7BE, 0xF7BE, 0xF7BE, 0xFFFF, 0xFFFF, 0xFFFF, 0xFFFF, 0x13C0, 0x13C0, 0x13C0, 0x13C0, 0x13C0, 0xFFFF,   // Linha de pixels
0xFFFF, 0xFFFF, 0xFFFF, 0xD6BA, 0xD6BA, 0xD6BA, 0xD6BA, 0x18C3, 0x18C3, 0x18C3, 0x18C3, 0x18C3, 0x0000, 0x0000, 0x0000, 0x0000,   // Linha de pixels
0x0000, 0x0000, 0x0000, 0x0000, 0x0000, 0x0000, 0x0000, 0x0000, 0x0000, 0x0000, 0x0000, 0x0000, 0x0000, 0x6B2C, 0x6B2C, 0x6B2C,   // Linha de pixels
0x6B2C, 0xFFDF, 0xFFDF, 0xFFDF, 0xFFDF, 0xFFDF, 0xFFFF, 0xFFFF, 0xFFFF, 0xFFFF, 0xFFFF, 0xFFFF, 0xFFFF, 0xFFFF, 0xC618, 0xC618,   // Linha de pixels
0xC618, 0xC618, 0xC618, 0x1082, 0x1082, 0x1082, 0x1082, 0x0000, 0x0000, 0x0000, 0x0000, 0x0000, 0x0000, 0x0000, 0x0000, 0x0000,   // Linha de pixels
0x2104, 0x2104, 0x2104, 0x2104, 0x13D0, 0x13D0, 0x13D0, 0x13D0, 0xDEDB, 0xDEDB, 0xDEDB, 0xDEDB, 0xDEDB, 0xFFFF, 0xFFFF, 0xFFFF,   // Linha de pixels
0xFFFF, 0xFFFF, 0xFFFF, 0xFFFF, 0xFFFF, 0xF79E, 0xF79E, 0xF79E, 0xF79E, 0xF79E, 0x4A49, 0x4A49, 0x4A49, 0x4A49, 0x0000, 0x0000,   // Linha de pixels
0x0000, 0x0000, 0x0000, 0x0000, 0x0000, 0x0000, 0x0000, 0x0000, 0x0000, 0x0000, 0x0000, 0x0000, 0x0000, 0x0000, 0x0000, 0x39C7,   // Linha de pixels
0x39C7, 0x39C7, 0x39C7, 0x39C7, 0xEF7D, 0xEF7D, 0xEF7D, 0xEF7D, 0xFFFF, 0xFFFF, 0xFFFF, 0xFFFF, 0xFFFF, 0xFFFF, 0xFFFF, 0xFFFF,   // Linha de pixels
0x0000, 0x0000, 0x0000, 0x0000, 0x0000, 0x0000, 0x0000, 0x0000, 0x0000, 0x0861, 0x0861, 0x0861, 0x0861, 0x5AAA, 0x5AAA, 0x5AAA,   // Linha de pixels
0x5AAA, 0x5AAA, 0xDEFB, 0xDEFB, 0xDEFB, 0xDEFB, 0xFFFF, 0xFFFF, 0xFFFF, 0xFFFF, 0xFFFF, 0xFFFF, 0xFFFF, 0xFFFF, 0xFFFF, 0xFFFF,   // Linha de pixels
0xFFFF, 0xFFFF, 0xFFFF, 0xDEDB, 0xDEDB, 0xDEDB, 0xDEDB, 0x13A0, 0x13A0, 0x13A0, 0x13A0, 0x13A0, 0x2945, 0x2945, 0x2945, 0x2945,   // Linha de pixels
0x0000, 0x0000, 0x0000, 0x0000, 0x0000, 0x0000, 0x0000, 0x0000, 0x0000, 0x7BCF, 0x7BCF, 0x7BCF, 0x7BCF, 0xFFFF, 0xFFFF, 0xFFFF,   // Linha de pixels
0xFFFF, 0xFFFF, 0xFFFF, 0xFFFF, 0xFFFF, 0xFFFF, 0xFFFF, 0xFFFF, 0xFFFF, 0xFFFF, 0xCE79, 0xCE79, 0xCE79, 0xCE79, 0x0000, 0x0000,   // Linha de pixels
0x0000, 0x0000, 0x0000, 0x0000, 0x0000, 0x0000, 0x0000, 0x0000, 0x0000, 0x0000, 0x0000, 0x8430, 0x8430, 0x8430, 0x8430, 0x8430,   // Linha de pixels
0xFFFF, 0xFFFF, 0xFFFF, 0xFFFF, 0xFFFF, 0xFFFF, 0xFFFF, 0xFFFF, 0xFFFF, 0xFFFF, 0xFFFF, 0xFFFF, 0xFFFF, 0xB596, 0xB596, 0xB596,   // Linha de pixels
0xB596, 0x13B0, 0x13B0, 0x13B0, 0x13B0, 0x0840, 0x0840, 0x0840, 0x0840, 0x0840, 0x0000, 0x0000, 0x0000, 0x0000, 0x0000, 0x0000,   // Linha de pixels
0x0000, 0x0000, 0x3186, 0x3186, 0x3186, 0x3186, 0x3186, 0xEF5D, 0xEF5D, 0xEF5D, 0xEF5D, 0xFFFF, 0xFFFF, 0xFFFF, 0xFFFF, 0xFFFF,   // Linha de pixels
0xFFFF, 0xFFFF, 0xFFFF, 0xFFFF, 0xEF7D, 0xEF7D, 0xEF7D, 0xEF7D, 0x39C7, 0x39C7, 0x39C7, 0x39C7, 0x0000, 0x0000, 0x0000, 0x0000,   // Linha de pixels
0x0000, 0x0000, 0x0000, 0x0000, 0x0000, 0x0000, 0x0000, 0x0000, 0x0000, 0x0000, 0x0000, 0x0000, 0x0000, 0x4A49, 0x4A49, 0x4A49,   // Linha de pixels
0x4A49, 0x4A49, 0xF7BE, 0xF7BE, 0xF7BE, 0xF7BE, 0xFFFF, 0xFFFF, 0xFFFF, 0xFFFF, 0x13C0, 0x13C0, 0x13C0, 0x13C0, 0x13C0, 0xFFFF,   // Linha de pixels
0xFFFF, 0xFFFF, 0xFFFF, 0xD6BA, 0xD6BA, 0xD6BA, 0xD6BA, 0x18C3, 0x18C3, 0x18C3, 0x18C3, 0x18C3, 0x0000, 0x0000, 0x0000, 0x0000,   // Linha de pixels
0x0000, 0x0000, 0x0000, 0x0000, 0x0000, 0x0000, 0x0000, 0x0000, 0x0000, 0x0000, 0x0000, 0x0000, 0x0000, 0x6B2C, 0x6B2C, 0x6B2C,   // Linha de pixels
0x6B2C, 0xFFDF, 0xFFDF, 0xFFDF, 0xFFDF, 0xFFDF, 0xFFFF, 0xFFFF, 0xFFFF, 0xFFFF, 0xFFFF, 0xFFFF, 0xFFFF, 0xFFFF, 0xC618, 0xC618,   // Linha de pixels
0xC618, 0xC618, 0xC618, 0x1082, 0x1082, 0x1082, 0x1082, 0x0000, 0x0000, 0x0000, 0x0000, 0x0000, 0x0000, 0x0000, 0x0000, 0x0000,   // Linha de pixels
0x2104, 0x2104, 0x2104, 0x2104, 0x13D0, 0x13D0, 0x13D0, 0x13D0, 0xDEDB, 0xDEDB, 0xDEDB, 0xDEDB, 0xDEDB, 0xFFFF, 0xFFFF, 0xFFFF,   // Linha de pixels
0xFFFF, 0xFFFF, 0xFFFF, 0xFFFF, 0xFFFF, 0xF79E, 0xF79E, 0xF79E, 0xF79E, 0xF79E, 0x4A49, 0x4A49, 0x4A49, 0x4A49, 0x0000, 0x0000,   // Linha de pixels
0x0000, 0x0000, 0x0000, 0x0000, 0x0000, 0x0000, 0x0000, 0x0000, 0x0000, 0x0000, 0x0000, 0x0000, 0x0000, 0x0000, 0x0000, 0x39C7,   // Linha de pixels
0x39C7, 0x39C7, 0x39C7, 0x39C7, 0xEF7D, 0xEF7D, 0xEF7D, 0xEF7D, 0xFFFF, 0xFFFF, 0xFFFF, 0xFFFF, 0xFFFF, 0xFFFF, 0xFFFF, 0xFFFF,   // Linha de pixels
0xE73C, 0xE73C, 0xE73C, 0xE73C, 0xE73C, 0x2945, 0x2945, 0x2945, 0x2945, 0x0000, 0x0000, 0x0000, 0x0000, 0x13E0, 0x13E0, 0x13E0,   // Linha de pixels
0x13E0, 0x13E0, 0x0000, 0x0000, 0x0000, 0x0000, 0x1082, 0x1082, 0x1082, 0x1082, 0x4208, 0x4208, 0x4208, 0x4208, 0x4208, 0xB596,   // Linha de pixels
0xB596, 0xB596, 0xB596, 0xEF5D, 0xEF5D, 0xEF5D, 0xEF5D, 0xFFFF, 0xFFFF, 0xFFFF, 0xFFFF, 0xFFFF, 0xFFFF, 0xFFFF, 0xFFFF, 0xFFFF,   // Linha de pixels
0xFFFF, 0xFFFF, 0xFFFF, 0xFFFF, 0xEF7D, 0xEF7D, 0xEF7D, 0xEF7D, 0xEF7D, 0x736D, 0x736D, 0x736D, 0x736D, 0x0840, 0x0840, 0x0840,   // Linha de pixels
0x0840, 0x0000, 0x0000, 0x0000, 0x0000, 0x0000, 0x0000, 0x0000, 0x0000, 0x0000, 0x7BCF, 0x7BCF, 0x7BCF, 0x7BCF, 0xFFFF, 0xFFFF,   // Linha de pixels
0xFFFF, 0xFFFF, 0xFFFF, 0xFFFF, 0xFFFF, 0xFFFF, 0xFFFF, 0x13F0, 0x13F0, 0x13F0, 0x13F0, 0xFFFF, 0xFFFF, 0xFFFF, 0xFFFF, 0xFFFF,   // Linha de pixels
0xCE79, 0xCE79, 0xCE79, 0xCE79, 0x0000, 0x0000, 0x0000, 0x0000, 0x0000, 0x0000, 0x0000, 0x0000, 0x0000, 0x18C3, 0x18C3, 0x18C3,   // Linha de pixels
0x18C3, 0xB596, 0xB596, 0xB596, 0xB596, 0xFFFF, 0xFFFF, 0xFFFF, 0xFFFF, 0xFFFF, 0xFFFF, 0xFFFF, 0xFFFF, 0xFFFF, 0xF79E, 0xF79E,   // Linha de pixels
0xF79E, 0xF79E, 0x73AE, 0x73AE, 0x73AE, 0x73AE, 0x73AE, 0x0000, 0x0000, 0x0000, 0x0000, 0x0000, 0x0000, 0x0000, 0x0000, 0x0000,   // Linha de pixels
0x0000, 0x0000, 0x0000, 0x0000, 0x18C3, 0x18C3, 0x18C3, 0x18C3, 0xB596, 0xB596, 0xB596, 0xB596, 0xFFFF, 0xFFFF, 0xFFFF, 0xFFFF,   // Linha de pixels
0x1400, 0x1400, 0x1400, 0x1400, 0x1400, 0xFFFF, 0xFFFF, 0xFFFF, 0xFFFF, 0xF79E, 0xF79E, 0xF79E, 0xF79E, 0x73AE, 0x73AE, 0x73AE,   // Linha de pixels
0x73AE, 0x73AE, 0x0840, 0x0840, 0x0840, 0x0840, 0x0000, 0x0000, 0x0000, 0x0000, 0x0000, 0x0000, 0x0000, 0x0000, 0x0000, 0x0000,   // Linha de pixels
0x0000, 0x0000, 0x0000, 0x4A49, 0x4A49, 0x4A49, 0x4A49, 0xF7BE, 0xF7BE, 0xF7BE, 0xF7BE, 0xF7BE, 0xFFFF, 0xFFFF, 0xFFFF, 0xFFFF,   // Linha de pixels
0xFFFF, 0xFFFF, 0xFFFF, 0xFFFF, 0xD6BA, 0xD6BA, 0xD6BA, 0xD6BA, 0xD6BA, 0x18C3, 0x18C3, 0x18C3, 0x18C3, 0x0000, 0x0000, 0x0000,   // Linha de pixels
0x0000, 0x0000, 0x0000, 0x0000, 0x0000, 0x0000, 0x0000, 0x0000, 0x0000, 0x0000, 0x1410, 0x1410, 0x1410, 0x1410, 0x18A2, 0x18A2,   // Linha de pixels
0x18A2, 0x18A2, 0x18A2, 0xA514, 0xA514, 0xA514, 0xA514, 0xFFFF, 0xFFFF, 0xFFFF, 0xFFFF, 0xFFFF, 0xFFFF, 0xFFFF, 0xFFFF, 0xFFFF,   // Linha de pixels
0xF7BE, 0xF7BE, 0xF7BE, 0xF7BE, 0x8430, 0x8430, 0x8430, 0x8430, 0x0840, 0x0840, 0x0840, 0x0840, 0x0840, 0x0000, 0x0000, 0x0000,   // Linha de pixels
0x0000, 0x0000, 0x0000, 0x0000, 0x0000, 0x1082, 0x1082, 0x1082, 0x1082, 0x1082, 0xA4F3, 0xA4F3, 0xA4F3, 0xA4F3, 0xFFFF, 0xFFFF,   // Linha de pixels
0xFFFF, 0xFFFF, 0xFFFF, 0xFFFF, 0xFFFF, 0xFFFF, 0xFFFF, 0xFFDF, 0xFFDF, 0xFFDF, 0xFFDF, 0x8430, 0x8430, 0x8430, 0x8430, 0x0840,   // Linha de pixels
0x0840, 0x0840, 0x0840, 0x0840, 0x1420, 0x1420, 0x1420, 0x1420, 0x0000, 0x0000, 0x0000, 0x0000, 0x0000, 0x0000, 0x0000, 0x0000,   // Linha de pixels
0xE73C, 0xE73C, 0xE73C, 0xE73C, 0xE73C, 0x2945, 0x2945, 0x2945, 0x2945, 0x0000, 0x0000, 0x0000, 0x0000, 0x13E0, 0x13E0, 0x13E0,   // Linha de pixels
0x13E0, 0x13E0, 0x0000, 0x0000, 0x0000, 0x0000, 0x1082, 0x1082, 0x1082, 0x1082, 0x4208, 0x4208, 0x4208, 0x4208, 0x4208, 0xB596,   // Linha de pixels
0xB596, 0xB596, 0xB596, 0xEF5D, 0xEF5D, 0xEF5D, 0xEF5D, 0xFFFF, 0xFFFF, 0xFFFF, 0xFFFF, 0xFFFF, 0xFFFF, 0xFFFF, 0xFFFF, 0xFFFF,   // Linha de pixels
0xFFFF, 0xFFFF, 0xFFFF, 0xFFFF, 0xEF7D, 0xEF7D, 0xEF7D, 0xEF7D, 0xEF7D, 0x736D, 0x736D, 0x736D, 0x736D, 0x0840, 0x0840, 0x0840,   // Linha de pixels
0x0840, 0x0000, 0x0000, 0x0000, 0x0000, 0x0000, 0x0000, 0x0000, 0x0000, 0x0000, 0x7BCF, 0x7BCF, 0x7BCF, 0x7BCF, 0xFFFF, 0xFFFF,   // Linha de pixels
0xFFFF, 0xFFFF, 0xFFFF, 0xFFFF, 0xFFFF, 0xFFFF, 0xFFFF, 0x13F0, 0x13F0, 0x13F0, 0x13F0, 0xFFFF, 0xFFFF, 0xFFFF, 0xFFFF, 0xFFFF,   // Linha de pixels
0xCE79, 0xCE79, 0xCE79, 0xCE79, 0x0000, 0x0000, 0x0000, 0x0000, 0x0000, 0x0000, 0x0000, 0x0000, 0x0000, 0x18C3, 0x18C3, 0x18C3,   // Linha de pixels
0x18C3, 0xB596, 0xB596, 0xB596, 0xB596, 0xFFFF, 0xFFFF, 0xFFFF, 0xFFFF, 0xFFFF, 0xFFFF, 0xFFFF, 0xFFFF, 0xFFFF, 0xF79E, 0xF79E,   // Linha de pixels
0xF79E, 0xF79E, 0x73AE, 0x73AE, 0x73AE, 0x73AE, 0x73AE, 0x0000, 0x0000, 0x0000, 0x0000, 0x0000, 0x0000, 0x0000, 0x0000, 0x0000,   // Linha de pixels
0x0000, 0x0000, 0x0000, 0x0000, 0x18C3, 0x18C3, 0x18C3, 0x18C3, 0xB596, 0xB596, 0xB596, 0xB596, 0xFFFF, 0xFFFF, 0xFFFF, 0xFFFF,   // Linha de pixels
0x1400, 0x1400, 0x1400, 0x1400, 0x1400, 0xFFFF, 0xFFFF, 0xFFFF, 0xFFFF, 0xF79E, 0xF79E, 0xF79E, 0xF79E, 0x73AE, 0x73AE, 0x73AE,   // Linha de pixels
0x73AE, 0x73AE, 0x0840, 0x0840, 0x0840, 0x0840, 0x0000, 0x0000, 0x0000, 0x0000, 0x0000, 0x0000, 0x0000, 0x0000, 0x0000, 0x0000,   // Linha de pixels
0x0000, 0x0000, 0x0000, 0x4A49, 0x4A49, 0x4A49, 0x4A49, 0xF7BE, 0xF7BE, 0xF7BE, 0xF7BE, 0xF7BE, 0xFFFF, 0xFFFF, 0xFFFF, 0xFFFF,   // Linha de pixels
0xFFFF, 0xFFFF, 0xFFFF, 0xFFFF, 0xD6BA, 0xD6BA, 0xD6BA, 0xD6BA, 0xD6BA, 0x18C3, 0x18C3, 0x18C3, 0x18C3, 0x0000, 0x0000, 0x0000,   // Linha de pixels
0x0000, 0x0000, 0x0000, 0x0000, 0x0000, 0x0000, 0x0000, 0x0000, 0x0000, 0x0000, 0x1410, 0x1410, 0x1410, 0x1410, 0x18A2, 0x18A2,   // Linha de pixels
0x18A2, 0x18A2, 0x18A2, 0xA514, 0xA514, 0xA514, 0xA514, 0xFFFF, 0xFFFF, 0xFFFF, 0xFFFF, 0xFFFF, 0xFFFF, 0xFFFF, 0xFFFF, 0xFFFF,   // Linha de pixels
0xF7BE, 0xF7BE, 0xF7BE, 0xF7BE, 0x8430, 0x8430, 0x8430, 0x8430, 0x0840, 0x0840, 0x0840, 0x0840, 0x0840, 0x0000, 0x0000, 0x0000,   // Linha de pixels
0x0000, 0x0000, 0x0000, 0x0000, 0x0000, 0x1082, 0x1082, 0x1082, 0x1082, 0x1082, 0xA4F3, 0xA4F3, 0xA4F3, 0xA4F3, 0xFFFF, 0xFFFF,   // Linha de pixels
0xFFFF, 0xFFFF, 0xFFFF, 0xFFFF, 0xFFFF, 0xFFFF, 0xFFFF, 0xFFDF, 0xFFDF, 0xFFDF, 0xFFDF, 0x8430, 0x8430, 0x8430, 0x8430, 0x0840,   // Linha de pixels
0x0840, 0x0840, 0x0840, 0x0840, 0x1420, 0x1420, 0x1420, 0x1420, 0x0000, 0x0000, 0x0000, 0x0000, 0x0000, 0x0000, 0x0000, 0x0000,   // Linha de pixels
0xE73C, 0xE73C, 0xE73C, 0xE73C, 0xE73C, 0x2945, 0x2945, 0x2945, 0x2945, 0x0000, 0x0000, 0x0000, 0x0000, 0x13E0, 0x13E0, 0x13E0,   // Linha de pixels
0x13E0, 0x13E0, 0x0000, 0x0000, 0x0000, 0x0000, 0x1082, 0x1082, 0x1082, 0x1082, 0x4208, 0x4208, 0x4208, 0x4208, 0x4208, 0xB596,   // Linha de pixels
0xB596, 0xB596, 0xB596, 0xEF5D, 0xEF5D, 0xEF5D, 0xEF5D, 0xFFFF, 0xFFFF, 0xFFFF, 0xFFFF, 0xFFFF, 0xFFFF, 0xFFFF, 0xFFFF, 0xFFFF,   // Linha de pixels
0xFFFF, 0xFFFF, 0xFFFF, 0xFFFF, 0xEF7D, 0xEF7D, 0xEF7D, 0xEF7D, 0xEF7D, 0x736D, 0x736D, 0x736D, 0x736D, 0x0840, 0x0840, 0x0840,   // Linha de pixels
0x0840, 0x0000, 0x0000, 0x0000, 0x0000, 0x0000, 0x0000, 0x0000, 0x0000, 0x0000, 0x7BCF, 0x7BCF, 0x7BCF, 0x7BCF, 0xFFFF, 0xFFFF,   // Linha de pixels
0xFFFF, 0xFFFF, 0xFFFF, 0xFFFF, 0xFFFF, 0xFFFF, 0xFFFF, 0x13F0, 0x13F0, 0x13F0, 0x13F0, 0xFFFF, 0xFFFF, 0xFFFF, 0xFFFF, 0xFFFF,   // Linha de pixels
0xCE79, 0xCE79, 0xCE79, 0xCE79, 0x0000, 0x0000, 0x0000, 0x0000, 0x0000, 0x0000, 0x0000, 0x0000, 0x0000, 0x18C3, 0x18C3, 0x18C3,   // Linha de pixels
0x18C3, 0xB596, 0xB596, 0xB596, 0xB596, 0xFFFF, 0xFFFF, 0xFFFF, 0xFFFF, 0xFFFF, 0xFFFF, 0xFFFF, 0xFFFF, 0xFFFF, 0xF79E, 0xF79E,   // Linha de pixels
0xF79E, 0xF79E, 0x73AE, 0x73AE, 0x73AE, 0x73AE, 0x73AE, 0x0000, 0x0000, 0x0000, 0x0000, 0x0000, 0x0000, 0x0000, 0x0000, 0x0000,   // Linha de pixels
0x0000, 0x0000, 0x0000, 0x0000, 0x18C3, 0x18C3, 0x18C3, 0x18C3, 0xB596, 0xB596, 0xB596, 0xB596, 0xFFFF, 0xFFFF, 0xFFFF, 0xFFFF,   // Linha de pixels
0x1400, 0x1400, 0x1400, 0x1400, 0x1400, 0xFFFF, 0xFFFF, 0xFFFF, 0xFFFF, 0xF79E, 0xF79E, 0xF79E, 0xF79E, 0x73AE, 0x73AE, 0x73AE,   // Linha de pixels
0x73AE, 0x73AE, 0x0840, 0x0840, 0x0840, 0x0840, 0x0000, 0x0000, 0x0000, 0x0000, 0x0000, 0x0000, 0x0000, 0x0000, 0x0000, 0x0000,   // Linha de pixels
0x0000, 0x0000, 0x0000, 0x4A49, 0x4A49, 0x4A49, 0x4A49, 0xF7BE, 0xF7BE, 0xF7BE, 0xF7BE, 0xF7BE, 0xFFFF, 0xFFFF, 0xFFFF, 0xFFFF,   // Linha de pixels
0xFFFF, 0xFFFF, 0xFFFF, 0xFFFF, 0xD6BA, 0xD6BA, 0xD6BA, 0xD6BA, 0xD6BA, 0x18C3, 0x18C3, 0x18C3, 0x18C3, 0x0000, 0x0000, 0x0000,   // Linha de pixels
0x0000, 0x0000, 0x0000, 0x0000, 0x0000, 0x0000, 0x0000, 0x0000, 0x0000, 0x0000, 0x1410, 0x1410, 0x1410, 0x1410, 0x18A2, 0x18A2,   // Linha de pixels
0x18A2, 0x18A2, 0x18A2, 0xA514, 0xA514, 0xA514, 0xA514, 0xFFFF, 0xFFFF, 0xFFFF, 0xFFFF, 0xFFFF, 0xFFFF, 0xFFFF, 0xFFFF, 0xFFFF,   // Linha de pixels
0xF7BE, 0xF7BE, 0xF7BE, 0xF7BE, 0x8430, 0x8430, 0x8430, 0x8430, 0x0840, 0x0840, 0x0840, 0x0840, 0x0840, 0x0000, 0x0000, 0x0000,   // Linha de pixels
0x0000, 0x0000, 0x0000, 0x0000, 0x0000, 0x1082, 0x1082, 0x1082, 0x1082, 0x1082, 0xA4F3, 0xA4F3, 0xA4F3, 0xA4F3, 0xFFFF, 0xFFFF,   // Linha de pixels
0xFFFF, 0xFFFF, 0xFFFF, 0xFFFF, 0xFFFF, 0xFFFF, 0xFFFF, 0xFFDF, 0xFFDF, 0xFFDF, 0xFFDF, 0x8430, 0x8430, 0x8430, 0x8430, 0x0840,   // Linha de pixels
0x0840, 0x0840, 0x0840, 0x0840, 0x1420, 0x1420, 0x1420, 0x1420, 0x0000, 0x0000, 0x0000, 0x0000, 0x0000, 0x0000, 0x0000, 0x0000,   // Linha de pixels
0x0000, 0x0000, 0x0000, 0x0000, 0x0000, 0x39C7, 0x39C7, 0x39C7, 0x39C7, 0xEF7D, 0xEF7D, 0xEF7D, 0xEF7D, 0xFFFF, 0xFFFF, 0xFFFF,   // Linha de pixels
0xFFFF, 0xFFFF, 0xFFFF, 0xFFFF, 0xFFFF, 0xFFFF, 0xE73C, 0xE73C, 0xE73C, 0xE73C, 0x2945, 0x2945, 0x2945, 0x2945, 0x2945, 0x0840,   // Linha de pixels
0x0840, 0x0840, 0x0840, 0x5289, 0x5289, 0x5289, 0x5289, 0xA514, 0xA514, 0xA514, 0xA514, 0xA514, 0xEF5D, 0xEF5D, 0xEF5D, 0xEF5D,   // Linha de pixels
0xFFFF, 0xFFFF, 0xFFFF, 0xFFFF, 0xFFFF, 0xFFFF, 0xFFFF, 0xFFFF, 0xFFFF, 0xFFFF, 0xFFFF, 0xFFFF, 0xFFFF, 0x1430, 0x1430, 0x1430,   // Linha de pixels
0x1430, 0xFFFF, 0xFFFF, 0xFFFF, 0xFFFF, 0xFFFF, 0xEF5D, 0xEF5D, 0xEF5D, 0xEF5D, 0x736D, 0x736D, 0x736D, 0x736D, 0x0840, 0x0840,   // Linha de pixels
0x0840, 0x0840, 0x0840, 0x0000, 0x0000, 0x0000, 0x0000, 0x0000, 0x0000, 0x0000, 0x0000, 0x0000, 0x0000, 0x0000, 0x0000, 0x0000,   // Linha de pixels
0x7BCF, 0x7BCF, 0x7BCF, 0x7BCF, 0xFFFF, 0xFFFF, 0xFFFF, 0xFFFF, 0xFFFF, 0xFFFF, 0xFFFF, 0xFFFF, 0xFFFF, 0xFFFF, 0xFFFF, 0xFFFF,   // Linha de pixels
0xFFFF, 0xCE79, 0xCE79, 0xCE79, 0xCE79, 0x0000, 0x0000, 0x0000, 0x0000, 0x0000, 0x0000, 0x0000, 0x0000, 0x0000, 0x39C7, 0x39C7,   // Linha de pixels
0x39C7, 0x39C7, 0xEF7D, 0xEF7D, 0xEF7D, 0xEF7D, 0xEF7D, 0x1440, 0x1440, 0x1440, 0x1440, 0xFFFF, 0xFFFF, 0xFFFF, 0xFFFF, 0xFFFF,   // Linha de pixels
0xFFFF, 0xFFFF, 0xFFFF, 0xFFFF, 0xE71C, 0xE71C, 0xE71C, 0xE71C, 0x4208, 0x4208, 0x4208, 0x4208, 0x2104, 0x2104, 0x2104, 0x2104,   // Linha de pixels
0x2104, 0x2104, 0x2104, 0x2104, 0x2104, 0x2104, 0x2104, 0x2104, 0x2104, 0x2104, 0x2104, 0x2104, 0x2104, 0x73AE, 0x73AE, 0x73AE,   // Linha de pixels
0x73AE, 0x73AE, 0xFFDF, 0xFFDF, 0xFFDF, 0xFFDF, 0xFFFF, 0xFFFF, 0xFFFF, 0xFFFF, 0xFFFF, 0xFFFF, 0xFFFF, 0xFFFF, 0xFFFF, 0xCE59,   // Linha de pixels
0xCE59, 0xCE59, 0xCE59, 0x1082, 0x1082, 0x1082, 0x1082, 0x0000, 0x0000, 0x0000, 0x0000, 0x0000, 0x0000, 0x0000, 0x0000, 0x0000,   // Linha de pixels
0x1450, 0x1450, 0x1450, 0x1450, 0x0000, 0x0000, 0x0000, 0x0000, 0x0000, 0x4A49, 0x4A49, 0x4A49, 0x4A49, 0xF7BE, 0xF7BE, 0xF7BE,   // Linha de pixels
0xF7BE, 0xFFFF, 0xFFFF, 0xFFFF, 0xFFFF, 0xFFFF, 0xFFFF, 0xFFFF, 0xFFFF, 0xFFFF, 0xD6BA, 0xD6BA, 0xD6BA, 0xD6BA, 0x18C3, 0x18C3,   // Linha de pixels
0x18C3, 0x18C3, 0x18C3, 0x0000, 0x0000, 0x0000, 0x0000, 0x0000, 0x0000, 0x0000, 0x0000, 0x0000, 0x0000, 0x0000, 0x0000, 0x0000,   // Linha de pixels
0x2945, 0x2945, 0x2945, 0x2945, 0xEF5D, 0xEF5D, 0xEF5D, 0xEF5D, 0xFFFF, 0xFFFF, 0xFFFF, 0xFFFF, 0xFFFF, 0xFFFF, 0xFFFF, 0xFFFF,   // Linha de pixels
0xFFFF, 0xEF7D, 0xEF7D, 0xEF7D, 0xEF7D, 0x5289, 0x5289, 0x5289, 0x5289, 0x5289, 0x1460, 0x1460, 0x1460, 0x1460, 0x2104, 0x2104,   // Linha de pixels
0x2104, 0x2104, 0x2104, 0x2104, 0x2104, 0x2104, 0x2104, 0x2104, 0x2104, 0x2104, 0x2104, 0x2104, 0x2104, 0x2104, 0x2104, 0x5AEB,   // Linha de pixels
0x5AEB, 0x5AEB, 0x5AEB, 0x5AEB, 0xF7BE, 0xF7BE, 0xF7BE, 0xF7BE, 0xFFFF, 0xFFFF, 0xFFFF, 0xFFFF, 0xFFFF, 0xFFFF, 0xFFFF, 0xFFFF,   // Linha de pixels
0x0000, 0x0000, 0x0000, 0x0000, 0x0000, 0x39C7, 0x39C7, 0x39C7, 0x39C7, 0xEF7D, 0xEF7D, 0xEF7D, 0xEF7D, 0xFFFF, 0xFFFF, 0xFFFF,   // Linha de pixels
0xFFFF, 0xFFFF, 0xFFFF, 0xFFFF, 0xFFFF, 0xFFFF, 0xE73C, 0xE73C, 0xE73C, 0xE73C, 0x2945, 0x2945, 0x2945, 0x2945, 0x2945, 0x0840,   // Linha de pixels
0x0840, 0x0840, 0x0840, 0x5289, 0x5289, 0x5289, 0x5289, 0xA514, 0xA514, 0xA514, 0xA514, 0xA514, 0xEF5D, 0xEF5D, 0xEF5D, 0xEF5D,   // Linha de pixels
0xFFFF, 0xFFFF, 0xFFFF, 0xFFFF, 0xFFFF, 0xFFFF, 0xFFFF, 0xFFFF, 0xFFFF, 0xFFFF, 0xFFFF, 0xFFFF, 0xFFFF, 0x1430, 0x1430, 0x1430,   // Linha de pixels
0x1430, 0xFFFF, 0xFFFF, 0xFFFF, 0xFFFF, 0xFFFF, 0xEF5D, 0xEF5D, 0xEF5D, 0xEF5D, 0x736D, 0x736D, 0x736D, 0x736D, 0x0840, 0x0840,   // Linha de pixels
0x0840, 0x0840, 0x0840, 0x0000, 0x0000, 0x0000, 0x0000, 0x0000, 0x0000, 0x0000, 0x0000, 0x0000, 0x0000, 0x0000, 0x0000, 0x0000,   // Linha de pixels
0x7BCF, 0x7BCF, 0x7BCF, 0x7BCF, 0xFFFF, 0xFFFF, 0xFFFF, 0xFFFF, 0xFFFF, 0xFFFF, 0xFFFF, 0xFFFF, 0xFFFF, 0xFFFF, 0xFFFF, 0xFFFF,   // Linha de pixels
0xFFFF, 0xCE79, 0xCE79, 0xCE79, 0xCE79, 0x0000, 0x0000, 0x0000, 0x0000, 0x0000, 0x0000, 0x0000, 0x0000, 0x0000, 0x39C7, 0x39C7,   // Linha de pixels
0x39C7, 0x39C7, 0xEF7D, 0xEF7D, 0xEF7D, 0xEF7D, 0xEF7D, 0x1440, 0x1440, 0x1440, 0x1440, 0xFFFF, 0xFFFF, 0xFFFF, 0xFFFF, 0xFFFF,   // Linha de pixels
0xFFFF, 0xFFFF, 0xFFFF, 0xFFFF, 0xE71C, 0xE71C, 0xE71C, 0xE71C, 0x4208, 0x4208, 0x4208, 0x4208, 0x2104, 0x2104, 0x2104, 0x2104,   // Linha de pixels
0x2104, 0x2104, 0x2104, 0x2104, 0x2104, 0x2104, 0x2104, 0x2104, 0x2104, 0x2104, 0x2104, 0x2104, 0x2104, 0x73AE, 0x73AE, 0x73AE,   // Linha de pixels
0x73AE, 0x73AE, 0xFFDF, 0xFFDF, 0xFFDF, 0xFFDF, 0xFFFF, 0xFFFF, 0xFFFF, 0xFFFF, 0xFFFF, 0xFFFF, 0xFFFF, 0xFFFF, 0xFFFF, 0xCE59,   // Linha de pixels
0xCE59, 0xCE59, 0xCE59, 0x1082, 0x1082, 0x1082, 0x1082, 0x0000, 0x0000, 0x0000, 0x0000, 0x0000, 0x0000, 0x0000, 0x0000, 0x0000,   // Linha de pixels
0x1450, 0x1450, 0x1450, 0x1450, 0x0000, 0x0000, 0x0000, 0x0000, 0x0000, 0x4A49, 0x4A49, 0x4A49, 0x4A49, 0xF7BE, 0xF7BE, 0xF7BE,   // Linha de pixels
0xF7BE, 0xFFFF, 0xFFFF, 0xFFFF, 0xFFFF, 0xFFFF, 0xFFFF, 0xFFFF, 0xFFFF, 0xFFFF, 0xD6BA, 0xD6BA, 0xD6BA, 0xD6BA, 0x18C3, 0x18C3,   // Linha de pixels
0x18C3, 0x18C3, 0x18C3, 0x0000, 0x0000, 0x0000, 0x0000, 0x0000, 0x0000, 0x0000, 0x0000, 0x0000, 0x0000, 0x0000, 0x0000, 0x0000,   // Linha de pixels
0x2945, 0x2945, 0x2945, 0x2945, 0xEF5D, 0xEF5D, 0xEF5D, 0xEF5D, 0xFFFF, 0xFFFF, 0xFFFF, 0xFFFF, 0xFFFF, 0xFFFF, 0xFFFF, 0xFFFF,   // Linha de pixels
0xFFFF, 0xEF7D, 0xEF7D, 0xEF7D, 0xEF7D, 0x5289, 0x5289, 0x5289, 0x5289, 0x5289, 0x1460, 0x1460, 0x1460, 0x1460, 0x2104, 0x2104,   // Linha de pixels
0x2104, 0x2104, 0x2104, 0x2104, 0x2104, 0x2104, 0x2104, 0x2104, 0x2104, 0x2104, 0x2104, 0x2104, 0x2104, 0x2104, 0x2104, 0x5AEB,   // Linha de pixels
0x5AEB, 0x5AEB, 0x5AEB, 0x5AEB, 0xF7BE, 0xF7BE, 0xF7BE, 0xF7BE, 0xFFFF, 0xFFFF, 0xFFFF, 0xFFFF, 0xFFFF, 0xFFFF, 0xFFFF, 0xFFFF,   // Linha de pixels
0xD69A, 0xD69A, 0xD69A, 0xD69A, 0xD69A, 0x18A2, 0x18A2, 0x18A2, 0x18A2, 0x0000, 0x0000, 0x0000, 0x0000, 0x0000, 0x0000, 0x0000,   // Linha de pixels
0x0000, 0x0000, 0x0000, 0x0000, 0x0000, 0x0000, 0x39C7, 0x39C7, 0x39C7, 0x39C7, 0xEF7D, 0xEF7D, 0xEF7D, 0xEF7D, 0xEF7D, 0xFFFF,   // Linha de pixels
0xFFFF, 0xFFFF, 0xFFFF, 0x1470, 0x1470, 0x1470, 0x1470, 0xFFFF, 0xFFFF, 0xFFFF, 0xFFFF, 0xFFFF, 0xE73C, 0xE73C, 0xE73C, 0xE73C,   // Linha de pixels
0x2945, 0x2945, 0x2945, 0x2945, 0x5AAA, 0x5AAA, 0x5AAA, 0x5AAA, 0x5AAA, 0xEF7D, 0xEF7D, 0xEF7D, 0xEF7D, 0xFFFF, 0xFFFF, 0xFFFF,   // Linha de pixels
0xFFFF, 0xFFFF, 0xFFFF, 0xFFFF, 0xFFFF, 0xFFFF, 0xFFFF, 0xFFFF, 0xFFFF, 0xFFFF, 0xFFFF, 0xFFFF, 0xFFFF, 0xFFFF, 0xE73C, 0xE73C,   // Linha de pixels
0xE73C, 0xE73C, 0xE73C, 0xA514, 0xA514, 0xA514, 0xA514, 0x4A69, 0x4A69, 0x4A69, 0x4A69, 0x0840, 0x0840, 0x0840, 0x0840, 0x0840,   // Linha de pixels
0x0000, 0x0000, 0x0000, 0x0000, 0x0000, 0x0000, 0x0000, 0x0000, 0x0000, 0x0000, 0x0000, 0x0000, 0x0000, 0x1480, 0x1480, 0x1480,   // Linha de pixels
0x1480, 0x0000, 0x0000, 0x0000, 0x0000, 0x7BCF, 0x7BCF, 0x7BCF, 0x7BCF, 0x7BCF, 0xFFFF, 0xFFFF, 0xFFFF, 0xFFFF, 0xFFFF, 0xFFFF,   // Linha de pixels
0xFFFF, 0xFFFF, 0xFFFF, 0xFFFF, 0xFFFF, 0xFFFF, 0xFFFF, 0xCE79, 0xCE79, 0xCE79, 0xCE79, 0x0000, 0x0000, 0x0000, 0x0000, 0x0840,   // Linha de pixels
0x0840, 0x0840, 0x0840, 0x0840, 0x6B2C, 0x6B2C, 0x6B2C, 0x6B2C, 0xF7BE, 0xF7BE, 0xF7BE, 0xF7BE, 0xFFFF, 0xFFFF, 0xFFFF, 0xFFFF,   // Linha de pixels
0xFFFF, 0xFFFF, 0xFFFF, 0xFFFF, 0xFFFF, 0xFFDF, 0xFFDF, 0xFFDF, 0xFFDF, 0xE71C, 0xE71C, 0xE71C, 0xE71C, 0xDEDB, 0xDEDB, 0xDEDB,   // Linha de pixels
0xDEDB, 0xDEDB, 0xDEDB, 0xDEDB, 0xDEDB, 0xDEDB, 0x1490, 0x1490, 0x1490, 0x1490, 0xDEDB, 0xDEDB, 0xDEDB, 0xDEDB, 0xDEDB, 0xDEDB,   // Linha de pixels
0xDEDB, 0xDEDB, 0xDEDB, 0xEF5D, 0xEF5D, 0xEF5D, 0xEF5D, 0xFFFF, 0xFFFF, 0xFFFF, 0xFFFF, 0xFFFF, 0xFFFF, 0xFFFF, 0xFFFF, 0xFFFF,   // Linha de pixels
0xFFFF, 0xFFFF, 0xFFFF, 0xFFFF, 0xDEDB, 0xDEDB, 0xDEDB, 0xDEDB, 0xDEDB, 0x39C7, 0x39C7, 0x39C7, 0x39C7, 0x0000, 0x0000, 0x0000,   // Linha de pixels
0x0000, 0x0000, 0x0000, 0x0000, 0x0000, 0x0000, 0x0000, 0x0000, 0x0000, 0x0000, 0x4A49, 0x4A49, 0x4A49, 0x4A49, 0xF7BE, 0xF7BE,   // Linha de pixels
0xF7BE, 0xF7BE, 0xF7BE, 0xFFFF, 0xFFFF, 0xFFFF, 0xFFFF, 0xFFFF, 0xFFFF, 0xFFFF, 0xFFFF, 0xD6BA, 0xD6BA, 0xD6BA, 0xD6BA, 0xD6BA,   // Linha de pixels
0x14A0, 0x14A0, 0x14A0, 0x14A0, 0x18C3, 0x18C3, 0x18C3, 0x18C3, 0x0000, 0x0000, 0x0000, 0x0000, 0x0000, 0x0000, 0x0000, 0x0000,   // Linha de pixels
0x0000, 0x0020, 0x0020, 0x0020, 0x0020, 0x5AEB, 0x5AEB, 0x5AEB, 0x5AEB, 0x5AEB, 0xF79E, 0xF79E, 0xF79E, 0xF79E, 0xFFFF, 0xFFFF,   // Linha de pixels
0xFFFF, 0xFFFF, 0xFFFF, 0xFFFF, 0xFFFF, 0xFFFF, 0xFFFF, 0xFFDF, 0xFFDF, 0xFFDF, 0xFFDF, 0xE71C, 0xE71C, 0xE71C, 0xE71C, 0xDEDB,   // Linha de pixels
0xDEDB, 0xDEDB, 0xDEDB, 0xDEDB, 0xDEDB, 0xDEDB, 0xDEDB, 0xDEDB, 0xDEDB, 0xDEDB, 0xDEDB, 0xDEDB, 0xDEDB, 0xDEDB, 0xDEDB, 0xDEDB,   // Linha de pixels
0xD69A, 0xD69A, 0xD69A, 0xD69A, 0xD69A, 0x18A2, 0x18A2, 0x18A2, 0x18A2, 0x0000, 0x0000, 0x0000, 0x0000, 0x0000, 0x0000, 0x0000,   // Linha de pixels
0x0000, 0x0000, 0x0000, 0x0000, 0x0000, 0x0000, 0x39C7, 0x39C7, 0x39C7, 0x39C7, 0xEF7D, 0xEF7D, 0xEF7D, 0xEF7D, 0xEF7D, 0xFFFF,   // Linha de pixels
0xFFFF, 0xFFFF, 0xFFFF, 0x1470, 0x1470, 0x1470, 0x1470, 0xFFFF, 0xFFFF, 0xFFFF, 0xFFFF, 0xFFFF, 0xE73C, 0xE73C, 0xE73C, 0xE73C,   // Linha de pixels
0x2945, 0x2945, 0x2945, 0x2945, 0x5AAA, 0x5AAA, 0x5AAA, 0x5AAA, 0x5AAA, 0xEF7D, 0xEF7D, 0xEF7D, 0xEF7D, 0xFFFF, 0xFFFF, 0xFFFF,   // Linha de pixels
0xFFFF, 0xFFFF, 0xFFFF, 0xFFFF, 0xFFFF, 0xFFFF, 0xFFFF, 0xFFFF, 0xFFFF, 0xFFFF, 0xFFFF, 0xFFFF, 0xFFFF, 0xFFFF, 0xE73C, 0xE73C,   // Linha de pixels
0xE73C, 0xE73C, 0xE73C, 0xA514, 0xA514, 0xA514, 0xA514, 0x4A69, 0x4A69, 0x4A69, 0x4A69, 0x0840, 0x0840, 0x0840, 0x0840, 0x0840,   // Linha de pixels
0x0000, 0x0000, 0x0000, 0x0000, 0x0000, 0x0000, 0x0000, 0x0000, 0x0000, 0x0000, 0x0000, 0x0000, 0x0000, 0x1480, 0x1480, 0x1480,   // Linha de pixels
0x1480, 0x0000, 0x0000, 0x0000, 0x0000, 0x7BCF, 0x7BCF, 0x7BCF, 0x7BCF, 0x7BCF, 0xFFFF, 0xFFFF, 0xFFFF, 0xFFFF, 0xFFFF, 0xFFFF,   // Linha de pixels
0xFFFF, 0xFFFF, 0xFFFF, 0xFFFF, 0xFFFF, 0xFFFF, 0xFFFF, 0xCE79, 0xCE79, 0xCE79, 0xCE79, 0x0000, 0x0000, 0x0000, 0x0000, 0x0840,   // Linha de pixels
0x0840, 0x0840, 0x0840, 0x0840, 0x6B2C, 0x6B2C, 0x6B2C, 0x6B2C, 0xF7BE, 0xF7BE, 0xF7BE, 0xF7BE, 0xFFFF, 0xFFFF, 0xFFFF, 0xFFFF,   // Linha de pixels
0xFFFF, 0xFFFF, 0xFFFF, 0xFFFF, 0xFFFF, 0xFFDF, 0xFFDF, 0xFFDF, 0xFFDF, 0xE71C, 0xE71C, 0xE71C, 0xE71C, 0xDEDB, 0xDEDB, 0xDEDB,   // Linha de pixels
0xDEDB, 0xDEDB, 0xDEDB, 0xDEDB, 0xDEDB, 0xDEDB, 0x1490, 0x1490, 0x1490, 0x1490, 0xDEDB, 0xDEDB, 0xDEDB, 0xDEDB, 0xDEDB, 0xDEDB,   // Linha de pixels
0xDEDB, 0xDEDB, 0xDEDB, 0xEF5D, 0xEF5D, 0xEF5D, 0xEF5D, 0xFFFF, 0xFFFF, 0xFFFF, 0xFFFF, 0xFFFF, 0xFFFF, 0xFFFF, 0xFFFF, 0xFFFF,   // Linha de pixels
0xFFFF, 0xFFFF, 0xFFFF, 0xFFFF, 0xDEDB, 0xDEDB, 0xDEDB, 0xDEDB, 0xDEDB, 0x39C7, 0x39C7, 0x39C7, 0x39C7, 0x0000, 0x0000, 0x0000,   // Linha de pixels
0x0000, 0x0000, 0x0000, 0x0000, 0x0000, 0x0000, 0x0000, 0x0000, 0x0000, 0x0000, 0x4A49, 0x4A49, 0x4A49, 0x4A49, 0xF7BE, 0xF7BE,   // Linha de pixels
0xF7BE, 0xF7BE, 0xF7BE, 0xFFFF, 0xFFFF, 0xFFFF, 0xFFFF, 0xFFFF, 0xFFFF, 0xFFFF, 0xFFFF, 0xD6BA, 0xD6BA, 0xD6BA, 0xD6BA, 0xD6BA,   // Linha de pixels
0x14A0, 0x14A0, 0x14A0, 0x14A0, 0x18C3, 0x18C3, 0x18C3, 0x18C3, 0x0000, 0x0000, 0x0000, 0x0000, 0x0000, 0x0000, 0x0000, 0x0000,   // Linha de pixels
0x0000, 0x0020, 0x0020, 0x0020, 0x0020, 0x5AEB, 0x5AEB, 0x5AEB, 0x5AEB, 0x5AEB, 0xF79E, 0xF79E, 0xF79E, 0xF79E, 0xFFFF, 0xFFFF,   // Linha de pixels
0xFFFF, 0xFFFF, 0xFFFF, 0xFFFF, 0xFFFF, 0xFFFF, 0xFFFF, 0xFFDF, 0xFFDF, 0xFFDF, 0xFFDF, 0xE71C, 0xE71C, 0xE71C, 0xE71C, 0xDEDB,   // Linha de pixels
0xDEDB, 0xDEDB, 0xDEDB, 0xDEDB, 0xDEDB, 0xDEDB, 0xDEDB, 0xDEDB, 0xDEDB, 0xDEDB, 0xDEDB, 0xDEDB, 0xDEDB, 0xDEDB, 0xDEDB, 0xDEDB,   // Linha de pixels
0xE73C, 0xE73C, 0xE73C, 0xE73C, 0xE73C, 0xFFFF, 0xFFFF, 0xFFFF, 0xFFFF, 0x14B0, 0x14B0, 0x14B0, 0x14B0, 0xFFFF, 0xFFFF, 0xFFFF,   // Linha de pixels
0xFFFF, 0xFFFF, 0xFFFF, 0xFFFF, 0xFFFF, 0xFFFF, 0xE71C, 0xE71C, 0xE71C, 0xE71C, 0x4208, 0x4208, 0x4208, 0x4208, 0x4208, 0x0000,   // Linha de pixels
0x0000, 0x0000, 0x0000, 0x0000, 0x0000, 0x0000, 0x0000, 0x0000, 0x0000, 0x0000, 0x0000, 0x0000, 0x39C7, 0x39C7, 0x39C7, 0x39C7,   // Linha de pixels
0xEF7D, 0xEF7D, 0xEF7D, 0xEF7D, 0xFFFF, 0xFFFF, 0xFFFF, 0xFFFF, 0xFFFF, 0xFFFF, 0xFFFF, 0xFFFF, 0xFFFF, 0xE73C, 0xE73C, 0xE73C,   // Linha de pixels
0xE73C, 0x2945, 0x2945, 0x2945, 0x2945, 0x2945, 0x8430, 0x8430, 0x8430, 0x8430, 0xFFFF, 0xFFFF, 0xFFFF, 0xFFFF, 0xFFFF, 0xFFFF,   // Linha de pixels
0xFFFF, 0xFFFF, 0xFFFF, 0x14C0, 0x14C0, 0x14C0, 0x14C0, 0xFFFF, 0xFFFF, 0xFFFF, 0xFFFF, 0xFFFF, 0xFFFF, 0xFFFF, 0xFFFF, 0xFFFF,   // Linha de pixels
0xCE59, 0xCE59, 0xCE59, 0xCE59, 0x4208, 0x4208, 0x4208, 0x4208, 0x1082, 0x1082, 0x1082, 0x1082, 0x1082, 0x0000, 0x0000, 0x0000,   // Linha de pixels
0x0000, 0x0000, 0x0000, 0x0000, 0x0000, 0x0000, 0x0000, 0x0000, 0x0000, 0x0000, 0x0000, 0x0000, 0x0000, 0x0000, 0x0000, 0x0000,   // Linha de pixels
0x0000, 0x0000, 0x0000, 0x0000, 0x0000, 0x0000, 0x0000, 0x7BCF, 0x7BCF, 0x7BCF, 0x7BCF, 0xFFFF, 0xFFFF, 0xFFFF, 0xFFFF, 0xFFFF,   // Linha de pixels
0xFFFF, 0xFFFF, 0xFFFF, 0xFFFF, 0xFFFF, 0xFFFF, 0xFFFF, 0xFFFF, 0xCE79, 0xCE79, 0xCE79, 0xCE79, 0x14D0, 0x14D0, 0x14D0, 0x14D0,   // Linha de pixels
0x0000, 0x0000, 0x0000, 0x0000, 0x0000, 0x18C3, 0x18C3, 0x18C3, 0x18C3, 0xCE79, 0xCE79, 0xCE79, 0xCE79, 0xFFFF, 0xFFFF, 0xFFFF,   // Linha de pixels
0xFFFF, 0xFFFF, 0xFFFF, 0xFFFF, 0xFFFF, 0xFFFF, 0xFFFF, 0xFFFF, 0xFFFF, 0xFFFF, 0xFFFF, 0xFFFF, 0xFFFF, 0xFFFF, 0xFFFF, 0xFFFF,   // Linha de pixels
0xFFFF, 0xFFFF, 0xFFFF, 0xFFFF, 0xFFFF, 0xFFFF, 0xFFFF, 0xFFFF, 0xFFFF, 0xFFFF, 0xFFFF, 0xFFFF, 0xFFFF, 0xFFFF, 0xFFFF, 0xFFFF,   // Linha de pixels
0xFFFF, 0xFFFF, 0xFFFF, 0xFFFF, 0xFFFF, 0xFFFF, 0xFFFF, 0xFFFF, 0xFFFF, 0xFFFF, 0xFFFF, 0xFFFF, 0xFFFF, 0xFFFF, 0xFFFF, 0xFFFF,   // Linha de pixels
0xFFFF, 0xFFFF, 0xFFFF, 0xFFFF, 0xFFFF, 0xFFFF, 0x14E0, 0x14E0, 0x14E0, 0x14E0, 0xFFFF, 0xFFFF, 0xFFFF, 0xFFFF, 0x8C51, 0x8C51,   // Linha de pixels
0x8C51, 0x8C51, 0x8C51, 0x0000, 0x0000, 0x0000, 0x0000, 0x0000, 0x0000, 0x0000, 0x0000, 0x0000, 0x0000, 0x0000, 0x0000, 0x0000,   // Linha de pixels
0x4A49, 0x4A49, 0x4A49, 0x4A49, 0xF7BE, 0xF7BE, 0xF7BE, 0xF7BE, 0xFFFF, 0xFFFF, 0xFFFF, 0xFFFF, 0xFFFF, 0xFFFF, 0xFFFF, 0xFFFF,   // Linha de pixels
0xFFFF, 0xD6BA, 0xD6BA, 0xD6BA, 0xD6BA, 0x18C3, 0x18C3, 0x18C3, 0x18C3, 0x18C3, 0x0000, 0x0000, 0x0000, 0x0000, 0x0000, 0x0000,   // Linha de pixels
0x0000, 0x0000, 0x1082, 0x1082, 0x1082, 0x1082, 0x1082, 0xC618, 0xC618, 0xC618, 0xC618, 0xFFFF, 0xFFFF, 0xFFFF, 0xFFFF, 0x14F0,   // Linha de pixels
0x14F0, 0x14F0, 0x14F0, 0x14F0, 0xFFFF, 0xFFFF, 0xFFFF, 0xFFFF, 0xFFFF, 0xFFFF, 0xFFFF, 0xFFFF, 0xFFFF, 0xFFFF, 0xFFFF, 0xFFFF,   // Linha de pixels
0xE73C, 0xE73C, 0xE73C, 0xE73C, 0xE73C, 0xFFFF, 0xFFFF, 0xFFFF, 0xFFFF, 0x14B0, 0x14B0, 0x14B0, 0x14B0, 0xFFFF, 0xFFFF, 0xFFFF,   // Linha de pixels
0xFFFF, 0xFFFF, 0xFFFF, 0xFFFF, 0xFFFF, 0xFFFF, 0xE71C, 0xE71C, 0xE71C, 0xE71C, 0x4208, 0x4208, 0x4208, 0x4208, 0x4208, 0x0000,   // Linha de pixels
0x0000, 0x0000, 0x0000, 0x0000, 0x0000, 0x0000, 0x0000, 0x0000, 0x0000, 0x0000, 0x0000, 0x0000, 0x39C7, 0x39C7, 0x39C7, 0x39C7,   // Linha de pixels
0xEF7D, 0xEF7D, 0xEF7D, 0xEF7D, 0xFFFF, 0xFFFF, 0xFFFF, 0xFFFF, 0xFFFF, 0xFFFF, 0xFFFF, 0xFFFF, 0xFFFF, 0xE73C, 0xE73C, 0xE73C,   // Linha de pixels
0xE73C, 0x2945, 0x2945, 0x2945, 0x2945, 0x2945, 0x8430, 0x8430, 0x8430, 0x8430, 0xFFFF, 0xFFFF, 0xFFFF, 0xFFFF, 0xFFFF, 0xFFFF,   // Linha de pixels
0xFFFF, 0xFFFF, 0xFFFF, 0x14C0, 0x14C0, 0x14C0, 0x14C0, 0xFFFF, 0xFFFF, 0xFFFF, 0xFFFF, 0xFFFF, 0xFFFF, 0xFFFF, 0xFFFF, 0xFFFF,   // Linha de pixels
0xCE59, 0xCE59, 0xCE59, 0xCE59, 0x4208, 0x4208, 0x4208, 0x4208, 0x1082, 0x1082, 0x1082, 0x1082, 0x1082, 0x0000, 0x0000, 0x0000,   // Linha de pixels
0x0000, 0x0000, 0x0000, 0x0000, 0x0000, 0x0000, 0x0000, 0x0000, 0x0000, 0x0000, 0x0000, 0x0000, 0x0000, 0x0000, 0x0000, 0x0000,   // Linha de pixels
0x0000, 0x0000, 0x0000, 0x0000, 0x0000, 0x0000, 0x0000, 0x7BCF, 0x7BCF, 0x7BCF, 0x7BCF, 0xFFFF, 0xFFFF, 0xFFFF, 0xFFFF, 0xFFFF,   // Linha de pixels
0xFFFF, 0xFFFF, 0xFFFF, 0xFFFF, 0xFFFF, 0xFFFF, 0xFFFF, 0xFFFF, 0xCE79, 0xCE79, 0xCE79, 0xCE79, 0x14D0, 0x14D0, 0x14D0, 0x14D0,   // Linha de pixels
0x0000, 0x0000, 0x0000, 0x0000, 0x0000, 0x18C3, 0x18C3, 0x18C3, 0x18C3, 0xCE79, 0xCE79, 0xCE79, 0xCE79, 0xFFFF, 0xFFFF, 0xFFFF,   // Linha de pixels
0xFFFF, 0xFFFF, 0xFFFF, 0xFFFF, 0xFFFF, 0xFFFF, 0xFFFF, 0xFFFF, 0xFFFF, 0xFFFF, 0xFFFF, 0xFFFF, 0xFFFF, 0xFFFF, 0xFFFF, 0xFFFF,   // Linha de pixels
0xFFFF, 0xFFFF, 0xFFFF, 0xFFFF, 0xFFFF, 0xFFFF, 0xFFFF, 0xFFFF, 0xFFFF, 0xFFFF, 0xFFFF, 0xFFFF, 0xFFFF, 0xFFFF, 0xFFFF, 0xFFFF,   // Linha de pixels
0xFFFF, 0xFFFF, 0xFFFF, 0xFFFF, 0xFFFF, 0xFFFF, 0xFFFF, 0xFFFF, 0xFFFF, 0xFFFF, 0xFFFF, 0xFFFF, 0xFFFF, 0xFFFF, 0xFFFF, 0xFFFF,   // Linha de pixels
0xFFFF, 0xFFFF, 0xFFFF, 0xFFFF, 0xFFFF, 0xFFFF, 0x14E0, 0x14E0, 0x14E0, 0x14E0, 0xFFFF, 0xFFFF, 0xFFFF, 0xFFFF, 0x8C51, 0x8C51,   // Linha de pixels
0x8C51, 0x8C51, 0x8C51, 0x0000, 0x0000, 0x0000, 0x0000, 0x0000, 0x0000, 0x0000, 0x0000, 0x0000, 0x0000, 0x0000, 0x0000, 0x0000,   // Linha de pixels
0x4A49, 0x4A49, 0x4A49, 0x4A49, 0xF7BE, 0xF7BE, 0xF7BE, 0xF7BE, 0xFFFF, 0xFFFF, 0xFFFF, 0xFFFF, 0xFFFF, 0xFFFF, 0xFFFF, 0xFFFF,   // Linha de pixels
0xFFFF, 0xD6BA, 0xD6BA, 0xD6BA, 0xD6BA, 0x18C3, 0x18C3, 0x18C3, 0x18C3, 0x18C3, 0x0000, 0x0000, 0x0000, 0x0000, 0x0000, 0x0000,   // Linha de pixels
0x0000, 0x0000, 0x1082, 0x1082, 0x1082, 0x1082, 0x1082, 0xC618, 0xC618, 0xC618, 0xC618, 0xFFFF, 0xFFFF, 0xFFFF, 0xFFFF, 0x14F0,   // Linha de pixels
0x14F0, 0x14F0, 0x14F0, 0x14F0, 0xFFFF, 0xFFFF, 0xFFFF, 0xFFFF, 0xFFFF, 0xFFFF, 0xFFFF, 0xFFFF, 0xFFFF, 0xFFFF, 0xFFFF, 0xFFFF,   // Linha de pixels
0xFFFF, 0xFFFF, 0xFFFF, 0xFFFF, 0xFFFF, 0xFFFF, 0xFFFF, 0xFFFF, 0xFFFF, 0xFFFF, 0xFFFF, 0xFFFF, 0xFFFF, 0xFFFF, 0xFFFF, 0xFFFF,   // Linha de pixels
0xFFFF, 0xFFFF, 0xFFFF, 0xFFFF, 0xFFFF, 0xFFFF, 0xFFFF, 0xFFFF, 0xFFFF, 0xFFFF, 0xFFFF, 0xFFFF, 0xFFFF, 0xFFFF, 0xFFFF, 0xFFFF,   // Linha de pixels
0xFFFF, 0xFFFF, 0xFFFF, 0xFFFF, 0xFFFF, 0xFFFF, 0xFFFF, 0xFFFF, 0xFFFF, 0xFFFF, 0xFFFF, 0xFFFF, 0xA4F3, 0xA4F3, 0xA4F3, 0xA4F3,   // Linha de pixels
0x0020, 0x0020, 0x0020, 0x0020, 0x0000, 0x0000, 0x0000, 0x0000, 0x0000, 0x1500, 0x1500, 0x1500, 0x1500, 0x0000, 0x0000, 0x0000,   // Linha de pixels
0x0000, 0x39C7, 0x39C7, 0x39C7, 0x39C7, 0x39C7, 0xEF7D, 0xEF7D, 0xEF7D, 0xEF7D, 0xFFFF, 0xFFFF, 0xFFFF, 0xFFFF, 0xFFFF, 0xFFFF,   // Linha de pixels
0xFFFF, 0xFFFF, 0xFFFF, 0xE73C, 0xE73C, 0xE73C, 0xE73C, 0x2945, 0x2945, 0x2945, 0x2945, 0x4208, 0x4208, 0x4208, 0x4208, 0x4208,   // Linha de pixels
0xD6BA, 0xD6BA, 0xD6BA, 0xD6BA, 0xFFFF, 0xFFFF, 0xFFFF, 0xFFFF, 0xFFFF, 0xFFFF, 0xFFFF, 0xFFFF, 0xFFFF, 0xFFFF, 0xFFFF, 0xFFFF,   // Linha de pixels
0xFFFF, 0xB5B6, 0xB5B6, 0xB5B6, 0xB5B6, 0x2124, 0x2124, 0x2124, 0x2124, 0x2124, 0x0000, 0x0000, 0x0000, 0x0000, 0x0000, 0x0000,   // Linha de pixels
0x0000, 0x0000, 0x1510, 0x1510, 0x1510, 0x1510, 0x1510, 0x0000, 0x0000, 0x0000, 0x0000, 0x0000, 0x0000, 0x0000, 0x0000, 0x0000,   // Linha de pixels
0x0000, 0x0000, 0x0000, 0x0000, 0x0000, 0x0000, 0x0000, 0x0000, 0x0000, 0x0000, 0x0000, 0x0000, 0x7BCF, 0x7BCF, 0x7BCF, 0x7BCF,   // Linha de pixels
0xFFFF, 0xFFFF, 0xFFFF, 0xFFFF, 0xFFFF, 0xFFFF, 0xFFFF, 0xFFFF, 0xFFFF, 0xFFFF, 0xFFFF, 0xFFFF, 0xFFFF, 0xCE79, 0xCE79, 0xCE79,   // Linha de pixels
0xCE79, 0xCE79, 0x0000, 0x0000, 0x0000, 0x0000, 0x39C7, 0x39C7, 0x39C7, 0x39C7, 0xDEDB, 0xDEDB, 0xDEDB, 0xDEDB, 0xDEDB, 0xFFFF,   // Linha de pixels
0xFFFF, 0xFFFF, 0xFFFF, 0xFFFF, 0xFFFF, 0xFFFF, 0xFFFF, 0xFFFF, 0xFFFF, 0xFFFF, 0xFFFF, 0xFFFF, 0x1520, 0x1520, 0x1520, 0x1520,   // Linha de pixels
0xFFFF, 0xFFFF, 0xFFFF, 0xFFFF, 0xFFFF, 0xFFFF, 0xFFFF, 0xFFFF, 0xFFFF, 0xFFFF, 0xFFFF, 0xFFFF, 0xFFFF, 0xFFFF, 0xFFFF, 0xFFFF,   // Linha de pixels
0xFFFF, 0xFFFF, 0xFFFF, 0xFFFF, 0xFFFF, 0xFFFF, 0xFFFF, 0xFFFF, 0xFFFF, 0xFFFF, 0xFFFF, 0xFFFF, 0xFFFF, 0xFFFF, 0xFFFF, 0xFFFF,   // Linha de pixels
0xFFFF, 0xFFFF, 0xFFFF, 0xFFFF, 0xFFFF, 0xFFFF, 0xFFFF, 0xFFFF, 0xFFFF, 0xFFFF, 0xFFFF, 0xFFFF, 0xFFFF, 0xFFFF, 0xFFFF, 0xFFFF,   // Linha de pixels
0xA514, 0xA514, 0xA514, 0xA514, 0x1082, 0x1082, 0x1082, 0x1082, 0x0000, 0x0000, 0x0000, 0x0000, 0x0000, 0x0000, 0x0000, 0x0000,   // Linha de pixels
0x0000, 0x4A49, 0x4A49, 0x4A49, 0x4A49, 0x1530, 0x1530, 0x1530, 0x1530, 0x1530, 0xF7BE, 0xF7BE, 0xF7BE, 0xF7BE, 0xFFFF, 0xFFFF,   // Linha de pixels
0xFFFF, 0xFFFF, 0xFFFF, 0xFFFF, 0xFFFF, 0xFFFF, 0xFFFF, 0xD6BA, 0xD6BA, 0xD6BA, 0xD6BA, 0x18C3, 0x18C3, 0x18C3, 0x18C3, 0x0000,   // Linha de pixels
0x0000, 0x0000, 0x0000, 0x0000, 0x0000, 0x0000, 0x0000, 0x0000, 0x2945, 0x2945, 0x2945, 0x2945, 0xCE79, 0xCE79, 0xCE79, 0xCE79,   // Linha de pixels
0xFFFF, 0xFFFF, 0xFFFF, 0xFFFF, 0xFFFF, 0xFFFF, 0xFFFF, 0xFFFF, 0xFFFF, 0xFFFF, 0xFFFF, 0xFFFF, 0xFFFF, 0xFFFF, 0xFFFF, 0xFFFF,   // Linha de pixels
0xFFFF, 0xFFFF, 0xFFFF, 0xFFFF, 0xFFFF, 0xFFFF, 0xFFFF, 0xFFFF, 0xFFFF, 0xFFFF, 0xFFFF, 0xFFFF, 0xFFFF, 0xFFFF, 0xFFFF, 0xFFFF,   // Linha de pixels
0xFFFF, 0xFFFF, 0xFFFF, 0xFFFF, 0xFFFF, 0xFFFF, 0xFFFF, 0xFFFF, 0xFFFF, 0xFFFF, 0xFFFF, 0xFFFF, 0xA4F3, 0xA4F3, 0xA4F3, 0xA4F3,   // Linha de pixels
0x0020, 0x0020, 0x0020, 0x0020, 0x0000, 0x0000, 0x0000, 0x0000, 0x0000, 0x1500, 0x1500, 0x1500, 0x1500, 0x0000, 0x0000, 0x0000,   // Linha de pixels
0x0000, 0x39C7, 0x39C7, 0x39C7, 0x39C7, 0x39C7, 0xEF7D, 0xEF7D, 0xEF7D, 0xEF7D, 0xFFFF, 0xFFFF, 0xFFFF, 0xFFFF, 0xFFFF, 0xFFFF,   // Linha de pixels
0xFFFF, 0xFFFF, 0xFFFF, 0xE73C, 0xE73C, 0xE73C, 0xE73C, 0x2945, 0x2945, 0x2945, 0x2945, 0x4208, 0x4208, 0x4208, 0x4208, 0x4208,   // Linha de pixels
0xD6BA, 0xD6BA, 0xD6BA, 0xD6BA, 0xFFFF, 0xFFFF, 0xFFFF, 0xFFFF, 0xFFFF, 0xFFFF, 0xFFFF, 0xFFFF, 0xFFFF, 0xFFFF, 0xFFFF, 0xFFFF,   // Linha de pixels
0xFFFF, 0xB5B6, 0xB5B6, 0xB5B6, 0xB5B6, 0x2124, 0x2124, 0x2124, 0x2124, 0x2124, 0x0000, 0x0000, 0x0000, 0x0000, 0x0000, 0x0000,   // Linha de pixels
0x0000, 0x0000, 0x1510, 0x1510, 0x1510, 0x1510, 0x1510, 0x0000, 0x0000, 0x0000, 0x0000, 0x0000, 0x0000, 0x0000, 0x0000, 0x0000,   // Linha de pixels
0x0000, 0x0000, 0x0000, 0x0000, 0x0000, 0x0000, 0x0000, 0x0000, 0x0000, 0x0000, 0x0000, 0x0000, 0x7BCF, 0x7BCF, 0x7BCF, 0x7BCF,   // Linha de pixels
0xFFFF, 0xFFFF, 0xFFFF, 0xFFFF, 0xFFFF, 0xFFFF, 0xFFFF, 0xFFFF, 0xFFFF, 0xFFFF, 0xFFFF, 0xFFFF, 0xFFFF, 0xCE79, 0xCE79, 0xCE79,   // Linha de pixels
0xCE79, 0xCE79, 0x0000, 0x0000, 0x0000, 0x0000, 0x39C7, 0x39C7, 0x39C7, 0x39C7, 0xDEDB, 0xDEDB, 0xDEDB, 0xDEDB, 0xDEDB, 0xFFFF,   // Linha de pixels
0xFFFF, 0xFFFF, 0xFFFF, 0xFFFF, 0xFFFF, 0xFFFF, 0xFFFF, 0xFFFF, 0xFFFF, 0xFFFF, 0xFFFF, 0xFFFF, 0x1520, 0x1520, 0x1520, 0x1520,   // Linha de pixels
0xFFFF, 0xFFFF, 0xFFFF, 0xFFFF, 0xFFFF, 0xFFFF, 0xFFFF, 0xFFFF, 0xFFFF, 0xFFFF, 0xFFFF, 0xFFFF, 0xFFFF, 0xFFFF, 0xFFFF, 0xFFFF,   // Linha de pixels
0xFFFF, 0xFFFF, 0xFFFF, 0xFFFF, 0xFFFF, 0xFFFF, 0xFFFF, 0xFFFF, 0xFFFF, 0xFFFF, 0xFFFF, 0xFFFF, 0xFFFF, 0xFFFF, 0xFFFF, 0xFFFF,   // Linha de pixels
0xFFFF, 0xFFFF, 0xFFFF, 0xFFFF, 0xFFFF, 0xFFFF, 0xFFFF, 0xFFFF, 0xFFFF, 0xFFFF, 0xFFFF, 0xFFFF, 0xFFFF, 0xFFFF, 0xFFFF, 0xFFFF,   // Linha de pixels
0xA514, 0xA514, 0xA514, 0xA514, 0x1082, 0x1082, 0x1082, 0x1082, 0x0000, 0x0000, 0x0000, 0x0000, 0x0000, 0x0000, 0x0000, 0x0000,   // Linha de pixels
0x0000, 0x4A49, 0x4A49, 0x4A49, 0x4A49, 0x1530, 0x1530, 0x1530, 0x1530, 0x1530, 0xF7BE, 0xF7BE, 0xF7BE, 0xF7BE, 0xFFFF, 0xFFFF,   // Linha de pixels
0xFFFF, 0xFFFF, 0xFFFF, 0xFFFF, 0xFFFF, 0xFFFF, 0xFFFF, 0xD6BA, 0xD6BA, 0xD6BA, 0xD6BA, 0x18C3, 0x18C3, 0x18C3, 0x18C3, 0x0000,   // Linha de pixels
0x0000, 0x0000, 0x0000, 0x0000, 0x0000, 0x0000, 0x0000, 0x0000, 0x2945, 0x2945, 0x2945, 0x2945, 0xCE79, 0xCE79, 0xCE79, 0xCE79,   // Linha de pixels
0xFFFF, 0xFFFF, 0xFFFF, 0xFFFF, 0xFFFF, 0xFFFF, 0xFFFF, 0xFFFF, 0xFFFF, 0xFFFF, 0xFFFF, 0xFFFF, 0xFFFF, 0xFFFF, 0xFFFF, 0xFFFF,   // Linha de pixels
0xFFFF, 0xFFFF, 0xFFFF, 0xFFFF, 0xFFFF, 0xFFFF, 0xFFFF, 0xFFFF, 0xFFFF, 0xFFFF, 0xFFFF, 0xFFFF, 0xFFFF, 0xFFFF, 0xFFFF, 0x1540,   // Linha de pixels
0x1540, 0x1540, 0x1540, 0xFFFF, 0xFFFF, 0xFFFF, 0xFFFF, 0xFFFF, 0xFFFF, 0xFFFF, 0xFFFF, 0xFFFF, 0xFFFF, 0xFFFF, 0xFFFF, 0xFFFF,   // Linha de pixels
0xFFFF, 0xFFFF, 0xFFFF, 0xFFFF, 0xFFFF, 0xFFFF, 0xFFFF, 0xFFFF, 0xFFFF, 0xFFFF, 0xFFFF, 0xFFFF, 0xFFFF, 0xFFFF, 0xFFFF, 0xFFFF,   // Linha de pixels
0xFFFF, 0xB5B6, 0xB5B6, 0xB5B6, 0xB5B6, 0xB5B6, 0x18C3, 0x18C3, 0x18C3, 0x18C3, 0x0000, 0x0000, 0x0000, 0x0000, 0x0000, 0x0000,   // Linha de pixels
0x0000, 0x0000, 0x0000, 0x39C7, 0x39C7, 0x39C7, 0x39C7, 0xEF7D, 0xEF7D, 0xEF7D, 0xEF7D, 0xFFFF, 0xFFFF, 0xFFFF, 0xFFFF, 0xFFFF,   // Linha de pixels
0xFFFF, 0xFFFF, 0xFFFF, 0xFFFF, 0xE73C, 0xE73C, 0xE73C, 0xE73C, 0x1550, 0x1550, 0x1550, 0x1550, 0x1550, 0x2945, 0x2945, 0x2945,   // Linha de pixels
0x2945, 0x0000, 0x0000, 0x0000, 0x0000, 0x4208, 0x4208, 0x4208, 0x4208, 0x4208, 0xD69A, 0xD69A, 0xD69A, 0xD69A, 0xFFFF, 0xFFFF,   // Linha de pixels
0xFFFF, 0xFFFF, 0xFFFF, 0xFFFF, 0xFFFF, 0xFFFF, 0xFFFF, 0xFFFF, 0xFFFF, 0xFFFF, 0xFFFF, 0xB5B6, 0xB5B6, 0xB5B6, 0xB5B6, 0x2124,   // Linha de pixels
0x2124, 0x2124, 0x2124, 0x2124, 0x0000, 0x0000, 0x0000, 0x0000, 0x0000, 0x0000, 0x0000, 0x0000, 0x0000, 0x0000, 0x0000, 0x0000,   // Linha de pixels
0x0000, 0x0000, 0x0000, 0x0000, 0x0000, 0x0000, 0x0000, 0x0000, 0x0000, 0x0000, 0x0000, 0x0000, 0x0000, 0x7BCF, 0x7BCF, 0x7BCF,   // Linha de pixels
0x7BCF, 0x7BCF, 0x1560, 0x1560, 0x1560, 0x1560, 0xFFFF, 0xFFFF, 0xFFFF, 0xFFFF, 0xFFFF, 0xFFFF, 0xFFFF, 0xFFFF, 0xFFFF, 0xFFFF,   // Linha de pixels
0xFFFF, 0xFFFF, 0xFFFF, 0xCE79, 0xCE79, 0xCE79, 0xCE79, 0x0000, 0x0000, 0x0000, 0x0000, 0x0000, 0x8C51, 0x8C51, 0x8C51, 0x8C51,   // Linha de pixels
0xFFFF, 0xFFFF, 0xFFFF, 0xFFFF, 0xFFFF, 0xFFFF, 0xFFFF, 0xFFFF, 0xFFFF, 0xFFFF, 0xFFFF, 0xFFFF, 0xFFFF, 0xCE59, 0xCE59, 0xCE59,   // Linha de pixels
0xCE59, 0x8430, 0x8430, 0x8430, 0x8430, 0x8430, 0x8430, 0x8430, 0x8430, 0x8430, 0x8430, 0x8430, 0x8430, 0x8430, 0x8430, 0x8430,   // Linha de pixels
0x8430, 0x8430, 0x8430, 0x8430, 0x8430, 0x8430, 0x8430, 0x8430, 0x8430, 0x8430, 0x8430, 0x1570, 0x1570, 0x1570, 0x1570, 0x1570,   // Linha de pixels
0x8430, 0x8430, 0x8430, 0x8430, 0x9492, 0x9492, 0x9492, 0x9492, 0xEF7D, 0xEF7D, 0xEF7D, 0xEF7D, 0xEF7D, 0xFFFF, 0xFFFF, 0xFFFF,   // Linha de pixels
0xFFFF, 0xFFFF, 0xFFFF, 0xFFFF, 0xFFFF, 0xEF7D, 0xEF7D, 0xEF7D, 0xEF7D, 0xEF7D, 0x39E7, 0x39E7, 0x39E7, 0x39E7, 0x0000, 0x0000,   // Linha de pixels
0x0000, 0x0000, 0x0000, 0x0000, 0x0000, 0x0000, 0x0000, 0x4A49, 0x4A49, 0x4A49, 0x4A49, 0xF7BE, 0xF7BE, 0xF7BE, 0xF7BE, 0xFFFF,   // Linha de pixels
0xFFFF, 0xFFFF, 0xFFFF, 0xFFFF, 0xFFFF, 0xFFFF, 0xFFFF, 0xFFFF, 0xD6BA, 0xD6BA, 0xD6BA, 0xD6BA, 0x18C3, 0x18C3, 0x18C3, 0x18C3,   // Linha de pixels
0xFFFF, 0xFFFF, 0xFFFF, 0xFFFF, 0xFFFF, 0xFFFF, 0xFFFF, 0xFFFF, 0xFFFF, 0xFFFF, 0xFFFF, 0xFFFF, 0xFFFF, 0xFFFF, 0xFFFF, 0xFFFF,   // Linha de pixels
0xFFFF, 0xFFFF, 0xFFFF, 0xFFFF, 0xFFFF, 0xFFFF, 0xFFFF, 0xFFFF, 0xFFFF, 0xFFFF, 0xFFFF, 0xFFFF, 0xFFFF, 0xFFFF, 0xFFFF, 0x1540,   // Linha de pixels
0x1540, 0x1540, 0x1540, 0xFFFF, 0xFFFF, 0xFFFF, 0xFFFF, 0xFFFF, 0xFFFF, 0xFFFF, 0xFFFF, 0xFFFF, 0xFFFF, 0xFFFF, 0xFFFF, 0xFFFF,   // Linha de pixels
0xFFFF, 0xFFFF, 0xFFFF, 0xFFFF, 0xFFFF, 0xFFFF, 0xFFFF, 0xFFFF, 0xFFFF, 0xFFFF, 0xFFFF, 0xFFFF, 0xFFFF, 0xFFFF, 0xFFFF, 0xFFFF,   // Linha de pixels
0xFFFF, 0xB5B6, 0xB5B6, 0xB5B6, 0xB5B6, 0xB5B6, 0x18C3, 0x18C3, 0x18C3, 0x18C3, 0x0000, 0x0000, 0x0000, 0x0000, 0x0000, 0x0000,   // Linha de pixels
0x0000, 0x0000, 0x0000, 0x39C7, 0x39C7, 0x39C7, 0x39C7, 0xEF7D, 0xEF7D, 0xEF7D, 0xEF7D, 0xFFFF, 0xFFFF, 0xFFFF, 0xFFFF, 0xFFFF,   // Linha de pixels
0xFFFF, 0xFFFF, 0xFFFF, 0xFFFF, 0xE73C, 0xE73C, 0xE73C, 0xE73C, 0x1550, 0x1550, 0x1550, 0x1550, 0x1550, 0x2945, 0x2945, 0x2945,   // Linha de pixels
0x2945, 0x0000, 0x0000, 0x0000, 0x0000, 0x4208, 0x4208, 0x4208, 0x4208, 0x4208, 0xD69A, 0xD69A, 0xD69A, 0xD69A, 0xFFFF, 0xFFFF,   // Linha de pixels
0xFFFF, 0xFFFF, 0xFFFF, 0xFFFF, 0xFFFF, 0xFFFF, 0xFFFF, 0xFFFF, 0xFFFF, 0xFFFF, 0xFFFF, 0xB5B6, 0xB5B6, 0xB5B6, 0xB5B6, 0x2124,   // Linha de pixels
0x2124, 0x2124, 0x2124, 0x2124, 0x0000, 0x0000, 0x0000, 0x0000, 0x0000, 0x0000, 0x0000, 0x0000, 0x0000, 0x0000, 0x0000, 0x0000,   // Linha de pixels
0x0000, 0x0000, 0x0000, 0x0000, 0x0000, 0x0000, 0x0000, 0x0000, 0x0000, 0x0000, 0x0000, 0x0000, 0x0000, 0x7BCF, 0x7BCF, 0x7BCF,   // Linha de pixels
0x7BCF, 0x7BCF, 0x1560, 0x1560, 0x1560, 0x1560, 0xFFFF, 0xFFFF, 0xFFFF, 0xFFFF, 0xFFFF, 0xFFFF, 0xFFFF, 0xFFFF, 0xFFFF, 0xFFFF,   // Linha de pixels
0xFFFF, 0xFFFF, 0xFFFF, 0xCE79, 0xCE79, 0xCE79, 0xCE79, 0x0000, 0x0000, 0x0000, 0x0000, 0x0000, 0x8C51, 0x8C51, 0x8C51, 0x8C51,   // Linha de pixels
0xFFFF, 0xFFFF, 0xFFFF, 0xFFFF, 0xFFFF, 0xFFFF, 0xFFFF, 0xFFFF, 0xFFFF, 0xFFFF, 0xFFFF, 0xFFFF, 0xFFFF, 0xCE59, 0xCE59, 0xCE59,   // Linha de pixels
0xCE59, 0x8430, 0x8430, 0x8430, 0x8430, 0x8430, 0x8430, 0x8430, 0x8430, 0x8430, 0x8430, 0x8430, 0x8430, 0x8430, 0x8430, 0x8430,   // Linha de pixels
0x8430, 0x8430, 0x8430, 0x8430, 0x8430, 0x8430, 0x8430, 0x8430, 0x8430, 0x8430, 0x8430, 0x1570, 0x1570, 0x1570, 0x1570, 0x1570,   // Linha de pixels
0x8430, 0x8430, 0x8430, 0x8430, 0x9492, 0x9492, 0x9492, 0x9492, 0xEF7D, 0xEF7D, 0xEF7D, 0xEF7D, 0xEF7D, 0xFFFF, 0xFFFF, 0xFFFF,   // Linha de pixels
0xFFFF, 0xFFFF, 0xFFFF, 0xFFFF, 0xFFFF, 0xEF7D, 0xEF7D, 0xEF7D, 0xEF7D, 0xEF7D, 0x39E7, 0x39E7, 0x39E7, 0x39E7, 0x0000, 0x0000,   // Linha de pixels
0x0000, 0x0000, 0x0000, 0x0000, 0x0000, 0x0000, 0x0000, 0x4A49, 0x4A49, 0x4A49, 0x4A49, 0xF7BE, 0xF7BE, 0xF7BE, 0xF7BE, 0xFFFF,   // Linha de pixels
0xFFFF, 0xFFFF, 0xFFFF, 0xFFFF, 0xFFFF, 0xFFFF, 0xFFFF, 0xFFFF, 0xD6BA, 0xD6BA, 0xD6BA, 0xD6BA, 0x18C3, 0x18C3, 0x18C3, 0x18C3,   // Linha de pixels
0x0000, 0x0000, 0x0000, 0x0000, 0x0000, 0x1580, 0x1580, 0x1580, 0x1580, 0x0000, 0x0000, 0x0000, 0x0000, 0x73AE, 0x73AE, 0x73AE,   // Linha de pixels
0x73AE, 0x73AE, 0xFFDF, 0xFFDF, 0xFFDF, 0xFFDF, 0xFFFF, 0xFFFF, 0xFFFF, 0xFFFF, 0xFFFF, 0xFFFF, 0xFFFF, 0xFFFF, 0xFFFF, 0xD69A,   // Linha de pixels
0xD69A, 0xD69A, 0xD69A, 0x8430, 0x8430, 0x8430, 0x8430, 0x8430, 0x8430, 0x8430, 0x8430, 0x8430, 0x8430, 0x8430, 0x8430, 0x8430,   // Linha de pixels
0x8430, 0x8430, 0x8430, 0x8430, 0x8430, 0x8430, 0x8430, 0x8430, 0x8430, 0x8430, 0x8430, 0x8430, 0x8430, 0x8430, 0x8430, 0x8430,   // Linha de pixels
0x8430, 0x8C71, 0x8C71, 0x8C71, 0x8C71, 0x8C71, 0xE73C, 0xE73C, 0xE73C, 0xE73C, 0xFFFF, 0xFFFF, 0xFFFF, 0xFFFF, 0x1590, 0x1590,   // Linha de pixels
0x1590, 0x1590, 0x1590, 0xFFFF, 0xFFFF, 0xFFFF, 0xFFFF, 0xF7BE, 0xF7BE, 0xF7BE, 0xF7BE, 0x5AAA, 0x5AAA, 0x5AAA, 0x5AAA, 0x5AAA,   // Linha de pixels
0x0000, 0x0000, 0x0000, 0x0000, 0x0000, 0x0000, 0x0000, 0x0000, 0x39C7, 0x39C7, 0x39C7, 0x39C7, 0x39C7, 0xEF7D, 0xEF7D, 0xEF7D,   // Linha de pixels
0xEF7D, 0xFFFF, 0xFFFF, 0xFFFF, 0xFFFF, 0xFFFF, 0xFFFF, 0xFFFF, 0xFFFF, 0xFFFF, 0xE73C, 0xE73C, 0xE73C, 0xE73C, 0x2945, 0x2945,   // Linha de pixels
0x2945, 0x2945, 0x0000, 0x0000, 0x0000, 0x0000, 0x0000, 0x0000, 0x0000, 0x0000, 0x0000, 0x4A49, 0x4A49, 0x4A49, 0x4A49, 0xD69A,   // Linha de pixels
0xD69A, 0xD69A, 0xD69A, 0xD69A, 0xFFFF, 0xFFFF, 0xFFFF, 0xFFFF, 0x15A0, 0x15A0, 0x15A0, 0x15A0, 0xFFFF, 0xFFFF, 0xFFFF, 0xFFFF,   // Linha de pixels
0xFFDF, 0xFFDF, 0xFFDF, 0xFFDF, 0xFFDF, 0xB5B6, 0xB5B6, 0xB5B6, 0xB5B6, 0x2124, 0x2124, 0x2124, 0x2124, 0x0000, 0x0000, 0x0000,   // Linha de pixels
0x0000, 0x0000, 0x0000, 0x0000, 0x0000, 0x0000, 0x0000, 0x0000, 0x0000, 0x0000, 0x0000, 0x0000, 0x0000, 0x0000, 0x0000, 0x0000,   // Linha de pixels
0x0000, 0x0000, 0x0000, 0x7BCF, 0x7BCF, 0x7BCF, 0x7BCF, 0xFFFF, 0xFFFF, 0xFFFF, 0xFFFF, 0xFFFF, 0xFFFF, 0xFFFF, 0xFFFF, 0xFFFF,   // Linha de pixels
0xFFFF, 0xFFFF, 0xFFFF, 0xFFFF, 0xCE79, 0xCE79, 0xCE79, 0xCE79, 0xCE79, 0x18A2, 0x18A2, 0x18A2, 0x18A2, 0xA514, 0xA514, 0xA514,   // Linha de pixels
0xA514, 0x15B0, 0x15B0, 0x15B0, 0x15B0, 0x15B0, 0xFFFF, 0xFFFF, 0xFFFF, 0xFFFF, 0xFFFF, 0xFFFF, 0xFFFF, 0xFFFF, 0xFFDF, 0xFFDF,   // Linha de pixels
0xFFDF, 0xFFDF, 0xFFDF, 0x7BEF, 0x7BEF, 0x7BEF, 0x7BEF, 0x0000, 0x0000, 0x0000, 0x0000, 0x0000, 0x0000, 0x0000, 0x0000, 0x0000,   // Linha de pixels
0x0000, 0x0000, 0x0000, 0x0000, 0x0000, 0x0000, 0x0000, 0x0000, 0x0000, 0x0000, 0x0000, 0x0000, 0x0000, 0x0000, 0x0000, 0x0000,   // Linha de pixels
0x0000, 0x0000, 0x0000, 0x0000, 0x0000, 0x18A2, 0x18A2, 0x18A2, 0x18A2, 0x18A2, 0xC618, 0xC618, 0xC618, 0xC618, 0xFFFF, 0xFFFF,   // Linha de pixels
0xFFFF, 0xFFFF, 0xFFFF, 0xFFFF, 0xFFFF, 0xFFFF, 0xFFFF, 0xFFDF, 0xFFDF, 0xFFDF, 0xFFDF, 0x15C0, 0x15C0, 0x15C0, 0x15C0, 0x5AEB,   // Linha de pixels
0x5AEB, 0x5AEB, 0x5AEB, 0x5AEB, 0x0020, 0x0020, 0x0020, 0x0020, 0x0000, 0x0000, 0x0000, 0x0000, 0x4A49, 0x4A49, 0x4A49, 0x4A49,   // Linha de pixels
0x0000, 0x0000, 0x0000, 0x0000, 0x0000, 0x1580, 0x1580, 0x1580, 0x1580, 0x0000, 0x0000, 0x0000, 0x0000, 0x73AE, 0x73AE, 0x73AE,   // Linha de pixels
0x73AE, 0x73AE, 0xFFDF, 0xFFDF, 0xFFDF, 0xFFDF, 0xFFFF, 0xFFFF, 0xFFFF, 0xFFFF, 0xFFFF, 0xFFFF, 0xFFFF, 0xFFFF, 0xFFFF, 0xD69A,   // Linha de pixels
0xD69A, 0xD69A, 0xD69A, 0x8430, 0x8430, 0x8430, 0x8430, 0x8430, 0x8430, 0x8430, 0x8430, 0x8430, 0x8430, 0x8430, 0x8430, 0x8430,   // Linha de pixels
0x8430, 0x8430, 0x8430, 0x8430, 0x8430, 0x8430, 0x8430, 0x8430, 0x8430, 0x8430, 0x8430, 0x8430, 0x8430, 0x8430, 0x8430, 0x8430,   // Linha de pixels
0x8430, 0x8C71, 0x8C71, 0x8C71, 0x8C71, 0x8C71, 0xE73C, 0xE73C, 0xE73C, 0xE73C, 0xFFFF, 0xFFFF, 0xFFFF, 0xFFFF, 0x1590, 0x1590,   // Linha de pixels
0x1590, 0x1590, 0x1590, 0xFFFF, 0xFFFF, 0xFFFF, 0xFFFF, 0xF7BE, 0xF7BE, 0xF7BE, 0xF7BE, 0x5AAA, 0x5AAA, 0x5AAA, 0x5AAA, 0x5AAA,   // Linha de pixels
0x0000, 0x0000, 0x0000, 0x0000, 0x0000, 0x0000, 0x0000, 0x0000, 0x39C7, 0x39C7, 0x39C7, 0x39C7, 0x39C7, 0xEF7D, 0xEF7D, 0xEF7D,   // Linha de pixels
0xEF7D, 0xFFFF, 0xFFFF, 0xFFFF, 0xFFFF, 0xFFFF, 0xFFFF, 0xFFFF, 0xFFFF, 0xFFFF, 0xE73C, 0xE73C, 0xE73C, 0xE73C, 0x2945, 0x2945,   // Linha de pixels
0x2945, 0x2945, 0x0000, 0x0000, 0x0000, 0x0000, 0x0000, 0x0000, 0x0000, 0x0000, 0x0000, 0x4A49, 0x4A49, 0x4A49, 0x4A49, 0xD69A,   // Linha de pixels
0xD69A, 0xD69A, 0xD69A, 0xD69A, 0xFFFF, 0xFFFF, 0xFFFF, 0xFFFF, 0x15A0, 0x15A0, 0x15A0, 0x15A0, 0xFFFF, 0xFFFF, 0xFFFF, 0xFFFF,   // Linha de pixels
0xFFDF, 0xFFDF, 0xFFDF, 0xFFDF, 0xFFDF, 0xB5B6, 0xB5B6, 0xB5B6, 0xB5B6, 0x2124, 0x2124, 0x2124, 0x2124, 0x0000, 0x0000, 0x0000,   // Linha de pixels
0x0000, 0x0000, 0x0000, 0x0000, 0x0000, 0x0000, 0x0000, 0x0000, 0x0000, 0x0000, 0x0000, 0x0000, 0x0000, 0x0000, 0x0000, 0x0000,   // Linha de pixels
0x0000, 0x0000, 0x0000, 0x7BCF, 0x7BCF, 0x7BCF, 0x7BCF, 0xFFFF, 0xFFFF, 0xFFFF, 0xFFFF, 0xFFFF, 0xFFFF, 0xFFFF, 0xFFFF, 0xFFFF,   // Linha de pixels
0xFFFF, 0xFFFF, 0xFFFF, 0xFFFF, 0xCE79, 0xCE79, 0xCE79, 0xCE79, 0xCE79, 0x18A2, 0x18A2, 0x18A2, 0x18A2, 0xA514, 0xA514, 0xA514,   // Linha de pixels
0xA514, 0x15B0, 0x15B0, 0x15B0, 0x15B0, 0x15B0, 0xFFFF, 0xFFFF, 0xFFFF, 0xFFFF, 0xFFFF, 0xFFFF, 0xFFFF, 0xFFFF, 0xFFDF, 0xFFDF,   // Linha de pixels
0xFFDF, 0xFFDF, 0xFFDF, 0x7BEF, 0x7BEF, 0x7BEF, 0x7BEF, 0x0000, 0x0000, 0x0000, 0x0000, 0x0000, 0x0000, 0x0000, 0x0000, 0x0000,   // Linha de pixels
0x0000, 0x0000, 0x0000, 0x0000, 0x0000, 0x0000, 0x0000, 0x0000, 0x0000, 0x0000, 0x0000, 0x0000, 0x0000, 0x0000, 0x0000, 0x0000,   // Linha de pixels
0x0000, 0x0000, 0x0000, 0x0000, 0x0000, 0x18A2, 0x18A2, 0x18A2, 0x18A2, 0x18A2, 0xC618, 0xC618, 0xC618, 0xC618, 0xFFFF, 0xFFFF,   // Linha de pixels
0xFFFF, 0xFFFF, 0xFFFF, 0xFFFF, 0xFFFF, 0xFFFF, 0xFFFF, 0xFFDF, 0xFFDF, 0xFFDF, 0xFFDF, 0x15C0, 0x15C0, 0x15C0, 0x15C0, 0x5AEB,   // Linha de pixels
0x5AEB, 0x5AEB, 0x5AEB, 0x5AEB, 0x0020, 0x0020, 0x0020, 0x0020, 0x0000, 0x0000, 0x0000, 0x0000, 0x4A49, 0x4A49, 0x4A49, 0x4A49,   // Linha de pixels

};
